solid OpenSCAD_Model
  facet normal -0.980776 0.195136 0
    outer loop
      vertex -7.98717 27.0958 0
      vertex -7.94889 27.2882 3
      vertex -7.94889 27.2882 0
    endloop
  endfacet
  facet normal -0.980776 0.195136 0
    outer loop
      vertex -7.94889 27.2882 3
      vertex -7.98717 27.0958 0
      vertex -7.98717 27.0958 3
    endloop
  endfacet
  facet normal -0.0652369 0.99787 0
    outer loop
      vertex -6.5 28.4 0
      vertex -6.69579 28.3872 3
      vertex -6.5 28.4 3
    endloop
  endfacet
  facet normal -0.0652369 0.99787 0
    outer loop
      vertex -6.69579 28.3872 3
      vertex -6.5 28.4 0
      vertex -6.69579 28.3872 0
    endloop
  endfacet
  facet normal 0 -1 0
    outer loop
      vertex -6.5 16.4 0
      vertex 0 16.4 3
      vertex -6.5 16.4 3
    endloop
  endfacet
  facet normal 0 -1 -0
    outer loop
      vertex 0 16.4 3
      vertex -6.5 16.4 0
      vertex 0 16.4 0
    endloop
  endfacet
  facet normal -0.831399 -0.555676 0
    outer loop
      vertex -7.69003 16.9869 0
      vertex -7.79904 17.15 3
      vertex -7.79904 17.15 0
    endloop
  endfacet
  facet normal -0.831399 -0.555676 0
    outer loop
      vertex -7.79904 17.15 3
      vertex -7.69003 16.9869 0
      vertex -7.69003 16.9869 3
    endloop
  endfacet
  facet normal -0.8969 -0.442233 0
    outer loop
      vertex -7.79904 17.15 0
      vertex -7.88582 17.326 3
      vertex -7.88582 17.326 0
    endloop
  endfacet
  facet normal -0.8969 -0.442233 0
    outer loop
      vertex -7.88582 17.326 3
      vertex -7.79904 17.15 0
      vertex -7.79904 17.15 3
    endloop
  endfacet
  facet normal -0.321574 -0.946885 0
    outer loop
      vertex -7.07403 16.5142 0
      vertex -6.88823 16.4511 3
      vertex -7.07403 16.5142 3
    endloop
  endfacet
  facet normal -0.321574 -0.946885 -0
    outer loop
      vertex -6.88823 16.4511 3
      vertex -7.07403 16.5142 0
      vertex -6.88823 16.4511 0
    endloop
  endfacet
  facet normal 0 0 -1
    outer loop
      vertex 0 16.4 0
      vertex -0.9 22.4 0
      vertex 0 28.4 0
    endloop
  endfacet
  facet normal 0 0 -1
    outer loop
      vertex 0 16.4 0
      vertex -0.917965 22.1259 0
      vertex -0.9 22.4 0
    endloop
  endfacet
  facet normal 0 0 -1
    outer loop
      vertex 0 16.4 0
      vertex -0.971556 21.8565 0
      vertex -0.917965 22.1259 0
    endloop
  endfacet
  facet normal 0 0 -1
    outer loop
      vertex 0 16.4 0
      vertex -1.05985 21.5964 0
      vertex -0.971556 21.8565 0
    endloop
  endfacet
  facet normal 0 0 -1
    outer loop
      vertex 0 16.4 0
      vertex -1.18135 21.35 0
      vertex -1.05985 21.5964 0
    endloop
  endfacet
  facet normal 0 0 -1
    outer loop
      vertex 0 16.4 0
      vertex -1.33396 21.1216 0
      vertex -1.18135 21.35 0
    endloop
  endfacet
  facet normal 0 0 -1
    outer loop
      vertex 0 16.4 0
      vertex -1.51508 20.9151 0
      vertex -1.33396 21.1216 0
    endloop
  endfacet
  facet normal 0 0 -1
    outer loop
      vertex 0 16.4 0
      vertex -1.7216 20.734 0
      vertex -1.51508 20.9151 0
    endloop
  endfacet
  facet normal 0 0 -1
    outer loop
      vertex 0 16.4 0
      vertex -1.95 20.5813 0
      vertex -1.7216 20.734 0
    endloop
  endfacet
  facet normal 0 0 -1
    outer loop
      vertex 0 16.4 0
      vertex -2.19636 20.4599 0
      vertex -1.95 20.5813 0
    endloop
  endfacet
  facet normal 0 0 -1
    outer loop
      vertex 0 16.4 0
      vertex -2.45648 20.3716 0
      vertex -2.19636 20.4599 0
    endloop
  endfacet
  facet normal 0 0 -1
    outer loop
      vertex 0 16.4 0
      vertex -2.72589 20.318 0
      vertex -2.45648 20.3716 0
    endloop
  endfacet
  facet normal 0 0 -1
    outer loop
      vertex 0 16.4 0
      vertex -3 20.3 0
      vertex -2.72589 20.318 0
    endloop
  endfacet
  facet normal 0 0 -1
    outer loop
      vertex -6.5 16.4 0
      vertex -3 20.3 0
      vertex 0 16.4 0
    endloop
  endfacet
  facet normal -0 0 -1
    outer loop
      vertex -3 20.3 0
      vertex -6.5 16.4 0
      vertex -3.2741 20.318 0
    endloop
  endfacet
  facet normal -0 0 -1
    outer loop
      vertex -3.2741 20.318 0
      vertex -6.5 16.4 0
      vertex -3.54352 20.3716 0
    endloop
  endfacet
  facet normal -0 0 -1
    outer loop
      vertex -3.54352 20.3716 0
      vertex -6.5 16.4 0
      vertex -3.80363 20.4599 0
    endloop
  endfacet
  facet normal -0 0 -1
    outer loop
      vertex -3.80363 20.4599 0
      vertex -6.5 16.4 0
      vertex -4.05 20.5813 0
    endloop
  endfacet
  facet normal -0 0 -1
    outer loop
      vertex -4.05 20.5813 0
      vertex -6.5 16.4 0
      vertex -4.2784 20.734 0
    endloop
  endfacet
  facet normal -0 0 -1
    outer loop
      vertex -5.02844 21.8565 0
      vertex -8 17.9 0
      vertex -5.08203 22.1259 0
    endloop
  endfacet
  facet normal -0 0 -1
    outer loop
      vertex -4.94015 21.5964 0
      vertex -8 17.9 0
      vertex -5.02844 21.8565 0
    endloop
  endfacet
  facet normal -0 0 -1
    outer loop
      vertex -4.81865 21.35 0
      vertex -8 17.9 0
      vertex -4.94015 21.5964 0
    endloop
  endfacet
  facet normal -0 0 -1
    outer loop
      vertex -4.66604 21.1216 0
      vertex -8 17.9 0
      vertex -4.81865 21.35 0
    endloop
  endfacet
  facet normal -0 0 -1
    outer loop
      vertex -4.48492 20.9151 0
      vertex -8 17.9 0
      vertex -4.66604 21.1216 0
    endloop
  endfacet
  facet normal -0 0 -1
    outer loop
      vertex -4.2784 20.734 0
      vertex -8 17.9 0
      vertex -4.48492 20.9151 0
    endloop
  endfacet
  facet normal 0 0 -1
    outer loop
      vertex -8 17.9 0
      vertex -4.2784 20.734 0
      vertex -6.5 16.4 0
    endloop
  endfacet
  facet normal 0 0 -1
    outer loop
      vertex 61.3 0 0
      vertex 62.8 17.9 0
      vertex 62.8 1.5 0
    endloop
  endfacet
  facet normal 0 0 -1
    outer loop
      vertex 0 16.4 0
      vertex 62.8 17.9 0
      vertex 61.3 0 0
    endloop
  endfacet
  facet normal 0 0 -1
    outer loop
      vertex 61.3 0 0
      vertex 62.8 1.5 0
      vertex 62.7872 1.30421 0
    endloop
  endfacet
  facet normal -0 0 -1
    outer loop
      vertex 62.8 17.9 0
      vertex 0 16.4 0
      vertex 62.8 26.9 0
    endloop
  endfacet
  facet normal 0 0 -1
    outer loop
      vertex 61.3 0 0
      vertex 62.7872 1.30421 0
      vertex 62.7489 1.11177 0
    endloop
  endfacet
  facet normal 0 0 -1
    outer loop
      vertex 62.8 26.9 0
      vertex 61.3 44.8 0
      vertex 62.8 43.3 0
    endloop
  endfacet
  facet normal 0 0 -1
    outer loop
      vertex 61.3 0 0
      vertex 62.7489 1.11177 0
      vertex 62.6858 0.925975 0
    endloop
  endfacet
  facet normal 0 0 -1
    outer loop
      vertex 62.8 43.3 0
      vertex 61.3 44.8 0
      vertex 62.7872 43.4958 0
    endloop
  endfacet
  facet normal 0 0 -1
    outer loop
      vertex 61.3 0 0
      vertex 62.6858 0.925975 0
      vertex 62.599 0.75 0
    endloop
  endfacet
  facet normal 0 0 -1
    outer loop
      vertex 62.7872 43.4958 0
      vertex 61.3 44.8 0
      vertex 62.7489 43.6882 0
    endloop
  endfacet
  facet normal 0 0 -1
    outer loop
      vertex 61.3 0 0
      vertex 62.599 0.75 0
      vertex 62.49 0.586858 0
    endloop
  endfacet
  facet normal 0 0 -1
    outer loop
      vertex 62.7489 43.6882 0
      vertex 61.3 44.8 0
      vertex 62.6858 43.874 0
    endloop
  endfacet
  facet normal 0 0 -1
    outer loop
      vertex 61.3 0 0
      vertex 62.49 0.586858 0
      vertex 62.3607 0.43934 0
    endloop
  endfacet
  facet normal 0 0 -1
    outer loop
      vertex 62.6858 43.874 0
      vertex 61.3 44.8 0
      vertex 62.599 44.05 0
    endloop
  endfacet
  facet normal 0 0 -1
    outer loop
      vertex 61.3 0 0
      vertex 62.3607 0.43934 0
      vertex 62.2131 0.30997 0
    endloop
  endfacet
  facet normal 0 0 -1
    outer loop
      vertex 62.599 44.05 0
      vertex 61.3 44.8 0
      vertex 62.49 44.2131 0
    endloop
  endfacet
  facet normal 0 0 -1
    outer loop
      vertex 61.3 0 0
      vertex 62.2131 0.30997 0
      vertex 62.05 0.200961 0
    endloop
  endfacet
  facet normal 0 0 -1
    outer loop
      vertex 62.49 44.2131 0
      vertex 61.3 44.8 0
      vertex 62.3607 44.3607 0
    endloop
  endfacet
  facet normal 0 0 -1
    outer loop
      vertex 61.3 0 0
      vertex 62.05 0.200961 0
      vertex 61.874 0.114181 0
    endloop
  endfacet
  facet normal 0 0 -1
    outer loop
      vertex 62.3607 44.3607 0
      vertex 61.3 44.8 0
      vertex 62.2131 44.49 0
    endloop
  endfacet
  facet normal 0 0 -1
    outer loop
      vertex 61.3 0 0
      vertex 61.874 0.114181 0
      vertex 61.6882 0.0511112 0
    endloop
  endfacet
  facet normal 0 0 -1
    outer loop
      vertex 62.2131 44.49 0
      vertex 61.3 44.8 0
      vertex 62.05 44.599 0
    endloop
  endfacet
  facet normal 0 0 -1
    outer loop
      vertex 61.3 0 0
      vertex 61.6882 0.0511112 0
      vertex 61.4958 0.0128326 0
    endloop
  endfacet
  facet normal 0 0 -1
    outer loop
      vertex 62.05 44.599 0
      vertex 61.3 44.8 0
      vertex 61.874 44.6858 0
    endloop
  endfacet
  facet normal 0 0 -1
    outer loop
      vertex 61.874 44.6858 0
      vertex 61.3 44.8 0
      vertex 61.6882 44.7489 0
    endloop
  endfacet
  facet normal 0 0 -1
    outer loop
      vertex 61.6882 44.7489 0
      vertex 61.3 44.8 0
      vertex 61.4958 44.7872 0
    endloop
  endfacet
  facet normal 0 0 -1
    outer loop
      vertex 0 16.4 0
      vertex 61.3 0 0
      vertex 1.5 0 0
    endloop
  endfacet
  facet normal 0 0 -1
    outer loop
      vertex 0 28.4 0
      vertex 62.8 26.9 0
      vertex 0 16.4 0
    endloop
  endfacet
  facet normal 0 0 -1
    outer loop
      vertex 0 1.5 0
      vertex 1.5 0 0
      vertex 1.30421 0.0128326 0
    endloop
  endfacet
  facet normal 0 0 -1
    outer loop
      vertex 62.8 26.9 0
      vertex 0 28.4 0
      vertex 61.3 44.8 0
    endloop
  endfacet
  facet normal 0 0 -1
    outer loop
      vertex 0 1.5 0
      vertex 1.30421 0.0128326 0
      vertex 1.11177 0.0511112 0
    endloop
  endfacet
  facet normal -0 0 -1
    outer loop
      vertex 61.3 44.8 0
      vertex 0 28.4 0
      vertex 1.5 44.8 0
    endloop
  endfacet
  facet normal 0 0 -1
    outer loop
      vertex 0 1.5 0
      vertex 1.11177 0.0511112 0
      vertex 0.925975 0.114181 0
    endloop
  endfacet
  facet normal 0 0 -1
    outer loop
      vertex 0 43.3 0
      vertex 1.5 44.8 0
      vertex 0 28.4 0
    endloop
  endfacet
  facet normal 0 0 -1
    outer loop
      vertex 0 1.5 0
      vertex 0.925975 0.114181 0
      vertex 0.75 0.200961 0
    endloop
  endfacet
  facet normal 0 0 -1
    outer loop
      vertex 1.5 44.8 0
      vertex 0 43.3 0
      vertex 1.30421 44.7872 0
    endloop
  endfacet
  facet normal 0 0 -1
    outer loop
      vertex 0 1.5 0
      vertex 0.75 0.200961 0
      vertex 0.586858 0.30997 0
    endloop
  endfacet
  facet normal 0 0 -1
    outer loop
      vertex 1.30421 44.7872 0
      vertex 0 43.3 0
      vertex 1.11177 44.7489 0
    endloop
  endfacet
  facet normal 0 0 -1
    outer loop
      vertex 0 1.5 0
      vertex 0.586858 0.30997 0
      vertex 0.43934 0.43934 0
    endloop
  endfacet
  facet normal 0 0 -1
    outer loop
      vertex 1.11177 44.7489 0
      vertex 0 43.3 0
      vertex 0.925975 44.6858 0
    endloop
  endfacet
  facet normal 0 0 -1
    outer loop
      vertex 0 1.5 0
      vertex 0.43934 0.43934 0
      vertex 0.30997 0.586858 0
    endloop
  endfacet
  facet normal 0 0 -1
    outer loop
      vertex 0.925975 44.6858 0
      vertex 0 43.3 0
      vertex 0.75 44.599 0
    endloop
  endfacet
  facet normal 0 0 -1
    outer loop
      vertex 0 1.5 0
      vertex 0.30997 0.586858 0
      vertex 0.200961 0.75 0
    endloop
  endfacet
  facet normal 0 0 -1
    outer loop
      vertex 0.75 44.599 0
      vertex 0 43.3 0
      vertex 0.586858 44.49 0
    endloop
  endfacet
  facet normal 0 0 -1
    outer loop
      vertex 0 1.5 0
      vertex 0.200961 0.75 0
      vertex 0.114181 0.925975 0
    endloop
  endfacet
  facet normal 0 0 -1
    outer loop
      vertex 0.586858 44.49 0
      vertex 0 43.3 0
      vertex 0.43934 44.3607 0
    endloop
  endfacet
  facet normal 0 0 -1
    outer loop
      vertex 0 1.5 0
      vertex 0.114181 0.925975 0
      vertex 0.0511112 1.11177 0
    endloop
  endfacet
  facet normal 0 0 -1
    outer loop
      vertex 0.43934 44.3607 0
      vertex 0 43.3 0
      vertex 0.30997 44.2131 0
    endloop
  endfacet
  facet normal 0 0 -1
    outer loop
      vertex 0 1.5 0
      vertex 0.0511112 1.11177 0
      vertex 0.0128326 1.30421 0
    endloop
  endfacet
  facet normal 0 0 -1
    outer loop
      vertex 0.30997 44.2131 0
      vertex 0 43.3 0
      vertex 0.200961 44.05 0
    endloop
  endfacet
  facet normal 0 0 -1
    outer loop
      vertex 1.5 0 0
      vertex 0 1.5 0
      vertex 0 16.4 0
    endloop
  endfacet
  facet normal 0 0 -1
    outer loop
      vertex 0.200961 44.05 0
      vertex 0 43.3 0
      vertex 0.114181 43.874 0
    endloop
  endfacet
  facet normal 0 0 -1
    outer loop
      vertex 0.114181 43.874 0
      vertex 0 43.3 0
      vertex 0.0511112 43.6882 0
    endloop
  endfacet
  facet normal 0 0 -1
    outer loop
      vertex 0.0511112 43.6882 0
      vertex 0 43.3 0
      vertex 0.0128326 43.4958 0
    endloop
  endfacet
  facet normal 0 0 -1
    outer loop
      vertex -0.917965 22.6741 0
      vertex 0 28.4 0
      vertex -0.9 22.4 0
    endloop
  endfacet
  facet normal 0 0 -1
    outer loop
      vertex -0.971556 22.9435 0
      vertex 0 28.4 0
      vertex -0.917965 22.6741 0
    endloop
  endfacet
  facet normal 0 0 -1
    outer loop
      vertex -1.05985 23.2036 0
      vertex 0 28.4 0
      vertex -0.971556 22.9435 0
    endloop
  endfacet
  facet normal 0 0 -1
    outer loop
      vertex -1.18135 23.45 0
      vertex 0 28.4 0
      vertex -1.05985 23.2036 0
    endloop
  endfacet
  facet normal 0 0 -1
    outer loop
      vertex -1.33396 23.6784 0
      vertex 0 28.4 0
      vertex -1.18135 23.45 0
    endloop
  endfacet
  facet normal 0 0 -1
    outer loop
      vertex -1.51508 23.8849 0
      vertex 0 28.4 0
      vertex -1.33396 23.6784 0
    endloop
  endfacet
  facet normal 0 0 -1
    outer loop
      vertex -1.7216 24.066 0
      vertex 0 28.4 0
      vertex -1.51508 23.8849 0
    endloop
  endfacet
  facet normal 0 0 -1
    outer loop
      vertex -1.95 24.2187 0
      vertex 0 28.4 0
      vertex -1.7216 24.066 0
    endloop
  endfacet
  facet normal 0 0 -1
    outer loop
      vertex -2.19636 24.3401 0
      vertex 0 28.4 0
      vertex -1.95 24.2187 0
    endloop
  endfacet
  facet normal 0 0 -1
    outer loop
      vertex -2.45648 24.4284 0
      vertex 0 28.4 0
      vertex -2.19636 24.3401 0
    endloop
  endfacet
  facet normal 0 0 -1
    outer loop
      vertex -2.72589 24.482 0
      vertex 0 28.4 0
      vertex -2.45648 24.4284 0
    endloop
  endfacet
  facet normal 0 0 -1
    outer loop
      vertex -3 24.5 0
      vertex 0 28.4 0
      vertex -2.72589 24.482 0
    endloop
  endfacet
  facet normal 0 0 -1
    outer loop
      vertex -6.5 28.4 0
      vertex -3 24.5 0
      vertex -3.2741 24.482 0
    endloop
  endfacet
  facet normal 0 0 -1
    outer loop
      vertex -6.5 28.4 0
      vertex -3.2741 24.482 0
      vertex -3.54352 24.4284 0
    endloop
  endfacet
  facet normal 0 0 -1
    outer loop
      vertex -6.5 28.4 0
      vertex -3.54352 24.4284 0
      vertex -3.80363 24.3401 0
    endloop
  endfacet
  facet normal 0 0 -1
    outer loop
      vertex -6.5 28.4 0
      vertex -3.80363 24.3401 0
      vertex -4.05 24.2187 0
    endloop
  endfacet
  facet normal 0 0 -1
    outer loop
      vertex -6.5 28.4 0
      vertex -4.05 24.2187 0
      vertex -4.2784 24.066 0
    endloop
  endfacet
  facet normal 0 0 -1
    outer loop
      vertex -8 26.9 0
      vertex -4.2784 24.066 0
      vertex -4.48492 23.8849 0
    endloop
  endfacet
  facet normal -0 0 -1
    outer loop
      vertex -5.08203 22.1259 0
      vertex -8 17.9 0
      vertex -5.1 22.4 0
    endloop
  endfacet
  facet normal 0 0 -1
    outer loop
      vertex -8 26.9 0
      vertex -5.1 22.4 0
      vertex -8 17.9 0
    endloop
  endfacet
  facet normal 0 0 -1
    outer loop
      vertex -3 24.5 0
      vertex -6.5 28.4 0
      vertex 0 28.4 0
    endloop
  endfacet
  facet normal 0 0 -1
    outer loop
      vertex -8 26.9 0
      vertex -4.48492 23.8849 0
      vertex -4.66604 23.6784 0
    endloop
  endfacet
  facet normal 0 0 -1
    outer loop
      vertex -8 26.9 0
      vertex -4.66604 23.6784 0
      vertex -4.81865 23.45 0
    endloop
  endfacet
  facet normal 0 0 -1
    outer loop
      vertex -8 26.9 0
      vertex -4.81865 23.45 0
      vertex -4.94015 23.2036 0
    endloop
  endfacet
  facet normal 0 0 -1
    outer loop
      vertex -8 26.9 0
      vertex -4.94015 23.2036 0
      vertex -5.02844 22.9435 0
    endloop
  endfacet
  facet normal 0 0 -1
    outer loop
      vertex -5.1 22.4 0
      vertex -8 26.9 0
      vertex -5.08203 22.6741 0
    endloop
  endfacet
  facet normal 0 0 -1
    outer loop
      vertex -8 17.9 0
      vertex -6.5 16.4 0
      vertex -6.69579 16.4128 0
    endloop
  endfacet
  facet normal 0 0 -1
    outer loop
      vertex -5.08203 22.6741 0
      vertex -8 26.9 0
      vertex -5.02844 22.9435 0
    endloop
  endfacet
  facet normal 0 0 -1
    outer loop
      vertex -8 17.9 0
      vertex -6.69579 16.4128 0
      vertex -6.88823 16.4511 0
    endloop
  endfacet
  facet normal 0 0 -1
    outer loop
      vertex -4.2784 24.066 0
      vertex -8 26.9 0
      vertex -6.5 28.4 0
    endloop
  endfacet
  facet normal 0 0 -1
    outer loop
      vertex -8 17.9 0
      vertex -6.88823 16.4511 0
      vertex -7.07403 16.5142 0
    endloop
  endfacet
  facet normal 0 0 -1
    outer loop
      vertex -6.5 28.4 0
      vertex -8 26.9 0
      vertex -6.69579 28.3872 0
    endloop
  endfacet
  facet normal 0 0 -1
    outer loop
      vertex -8 17.9 0
      vertex -7.07403 16.5142 0
      vertex -7.25 16.601 0
    endloop
  endfacet
  facet normal 0 0 -1
    outer loop
      vertex -6.69579 28.3872 0
      vertex -8 26.9 0
      vertex -6.88823 28.3489 0
    endloop
  endfacet
  facet normal 0 0 -1
    outer loop
      vertex -8 17.9 0
      vertex -7.25 16.601 0
      vertex -7.41314 16.71 0
    endloop
  endfacet
  facet normal 0 0 -1
    outer loop
      vertex -6.88823 28.3489 0
      vertex -8 26.9 0
      vertex -7.07403 28.2858 0
    endloop
  endfacet
  facet normal 0 0 -1
    outer loop
      vertex -8 17.9 0
      vertex -7.41314 16.71 0
      vertex -7.56066 16.8393 0
    endloop
  endfacet
  facet normal 0 0 -1
    outer loop
      vertex -7.07403 28.2858 0
      vertex -8 26.9 0
      vertex -7.25 28.199 0
    endloop
  endfacet
  facet normal 0 0 -1
    outer loop
      vertex -8 17.9 0
      vertex -7.56066 16.8393 0
      vertex -7.69003 16.9869 0
    endloop
  endfacet
  facet normal 0 0 -1
    outer loop
      vertex -7.25 28.199 0
      vertex -8 26.9 0
      vertex -7.41314 28.09 0
    endloop
  endfacet
  facet normal 0 0 -1
    outer loop
      vertex -8 17.9 0
      vertex -7.69003 16.9869 0
      vertex -7.79904 17.15 0
    endloop
  endfacet
  facet normal 0 0 -1
    outer loop
      vertex -7.41314 28.09 0
      vertex -8 26.9 0
      vertex -7.56066 27.9607 0
    endloop
  endfacet
  facet normal 0 0 -1
    outer loop
      vertex -8 17.9 0
      vertex -7.79904 17.15 0
      vertex -7.88582 17.326 0
    endloop
  endfacet
  facet normal 0 0 -1
    outer loop
      vertex -7.56066 27.9607 0
      vertex -8 26.9 0
      vertex -7.69003 27.8131 0
    endloop
  endfacet
  facet normal 0 0 -1
    outer loop
      vertex -8 17.9 0
      vertex -7.88582 17.326 0
      vertex -7.94889 17.5118 0
    endloop
  endfacet
  facet normal 0 0 -1
    outer loop
      vertex -7.69003 27.8131 0
      vertex -8 26.9 0
      vertex -7.79904 27.65 0
    endloop
  endfacet
  facet normal 0 0 -1
    outer loop
      vertex -8 17.9 0
      vertex -7.94889 17.5118 0
      vertex -7.98717 17.7042 0
    endloop
  endfacet
  facet normal 0 0 -1
    outer loop
      vertex -7.79904 27.65 0
      vertex -8 26.9 0
      vertex -7.88582 27.474 0
    endloop
  endfacet
  facet normal 0 0 -1
    outer loop
      vertex -7.88582 27.474 0
      vertex -8 26.9 0
      vertex -7.94889 27.2882 0
    endloop
  endfacet
  facet normal 0 0 -1
    outer loop
      vertex -7.94889 27.2882 0
      vertex -8 26.9 0
      vertex -7.98717 27.0958 0
    endloop
  endfacet
  facet normal 0 0 -1
    outer loop
      vertex 71.3 16.4 0
      vertex 72.8 17.9 0
      vertex 72.7872 17.7042 0
    endloop
  endfacet
  facet normal 0 0 -1
    outer loop
      vertex 72.8 17.9 0
      vertex 67.9 22.4 0
      vertex 72.8 26.9 0
    endloop
  endfacet
  facet normal 0 0 -1
    outer loop
      vertex 71.3 16.4 0
      vertex 72.7872 17.7042 0
      vertex 72.7489 17.5118 0
    endloop
  endfacet
  facet normal 0 0 -1
    outer loop
      vertex 67.882 22.6741 0
      vertex 72.8 26.9 0
      vertex 67.9 22.4 0
    endloop
  endfacet
  facet normal 0 0 -1
    outer loop
      vertex 71.3 16.4 0
      vertex 72.7489 17.5118 0
      vertex 72.6858 17.326 0
    endloop
  endfacet
  facet normal 0 0 -1
    outer loop
      vertex 67.8284 22.9435 0
      vertex 72.8 26.9 0
      vertex 67.882 22.6741 0
    endloop
  endfacet
  facet normal 0 0 -1
    outer loop
      vertex 71.3 16.4 0
      vertex 72.6858 17.326 0
      vertex 72.599 17.15 0
    endloop
  endfacet
  facet normal 0 0 -1
    outer loop
      vertex 67.7401 23.2036 0
      vertex 72.8 26.9 0
      vertex 67.8284 22.9435 0
    endloop
  endfacet
  facet normal 0 0 -1
    outer loop
      vertex 71.3 16.4 0
      vertex 72.599 17.15 0
      vertex 72.49 16.9869 0
    endloop
  endfacet
  facet normal 0 0 -1
    outer loop
      vertex 67.6187 23.45 0
      vertex 72.8 26.9 0
      vertex 67.7401 23.2036 0
    endloop
  endfacet
  facet normal 0 0 -1
    outer loop
      vertex 71.3 16.4 0
      vertex 72.49 16.9869 0
      vertex 72.3607 16.8393 0
    endloop
  endfacet
  facet normal 0 0 -1
    outer loop
      vertex 67.466 23.6784 0
      vertex 72.8 26.9 0
      vertex 67.6187 23.45 0
    endloop
  endfacet
  facet normal 0 0 -1
    outer loop
      vertex 71.3 16.4 0
      vertex 72.3607 16.8393 0
      vertex 72.2131 16.71 0
    endloop
  endfacet
  facet normal 0 -0 -1
    outer loop
      vertex 71.3 28.4 0
      vertex 72.8 26.9 0
      vertex 67.466 23.6784 0
    endloop
  endfacet
  facet normal 0 0 -1
    outer loop
      vertex 71.3 16.4 0
      vertex 72.2131 16.71 0
      vertex 72.05 16.601 0
    endloop
  endfacet
  facet normal 0 0 -1
    outer loop
      vertex 72.8 26.9 0
      vertex 71.3 28.4 0
      vertex 72.7872 27.0958 0
    endloop
  endfacet
  facet normal 0 0 -1
    outer loop
      vertex 71.3 16.4 0
      vertex 72.05 16.601 0
      vertex 71.874 16.5142 0
    endloop
  endfacet
  facet normal 0 0 -1
    outer loop
      vertex 72.7489 27.2882 0
      vertex 71.3 28.4 0
      vertex 72.6858 27.474 0
    endloop
  endfacet
  facet normal 0 0 -1
    outer loop
      vertex 71.3 16.4 0
      vertex 71.874 16.5142 0
      vertex 71.6882 16.4511 0
    endloop
  endfacet
  facet normal 0 0 -1
    outer loop
      vertex 72.6858 27.474 0
      vertex 71.3 28.4 0
      vertex 72.599 27.65 0
    endloop
  endfacet
  facet normal 0 0 -1
    outer loop
      vertex 71.3 16.4 0
      vertex 71.6882 16.4511 0
      vertex 71.4958 16.4128 0
    endloop
  endfacet
  facet normal 0 0 -1
    outer loop
      vertex 72.599 27.65 0
      vertex 71.3 28.4 0
      vertex 72.49 27.8131 0
    endloop
  endfacet
  facet normal -0 0 -1
    outer loop
      vertex 72.8 17.9 0
      vertex 71.3 16.4 0
      vertex 67.466 21.1216 0
    endloop
  endfacet
  facet normal 0 0 -1
    outer loop
      vertex 72.49 27.8131 0
      vertex 71.3 28.4 0
      vertex 72.3607 27.9607 0
    endloop
  endfacet
  facet normal 0 0 -1
    outer loop
      vertex 72.3607 27.9607 0
      vertex 71.3 28.4 0
      vertex 72.2131 28.09 0
    endloop
  endfacet
  facet normal 0 0 -1
    outer loop
      vertex 72.8 17.9 0
      vertex 67.882 22.1259 0
      vertex 67.9 22.4 0
    endloop
  endfacet
  facet normal 0 0 -1
    outer loop
      vertex 72.8 17.9 0
      vertex 67.8284 21.8565 0
      vertex 67.882 22.1259 0
    endloop
  endfacet
  facet normal 0 0 -1
    outer loop
      vertex 72.8 17.9 0
      vertex 67.7401 21.5964 0
      vertex 67.8284 21.8565 0
    endloop
  endfacet
  facet normal 0 0 -1
    outer loop
      vertex 72.8 17.9 0
      vertex 67.6187 21.35 0
      vertex 67.7401 21.5964 0
    endloop
  endfacet
  facet normal 0 0 -1
    outer loop
      vertex 72.8 17.9 0
      vertex 67.466 21.1216 0
      vertex 67.6187 21.35 0
    endloop
  endfacet
  facet normal 0 0 -1
    outer loop
      vertex 71.3 16.4 0
      vertex 67.2849 20.9151 0
      vertex 67.466 21.1216 0
    endloop
  endfacet
  facet normal 0 0 -1
    outer loop
      vertex 71.3 16.4 0
      vertex 67.0784 20.734 0
      vertex 67.2849 20.9151 0
    endloop
  endfacet
  facet normal 0 0 -1
    outer loop
      vertex 71.3 16.4 0
      vertex 66.85 20.5813 0
      vertex 67.0784 20.734 0
    endloop
  endfacet
  facet normal 0 0 -1
    outer loop
      vertex 71.3 16.4 0
      vertex 66.6036 20.4599 0
      vertex 66.85 20.5813 0
    endloop
  endfacet
  facet normal 0 0 -1
    outer loop
      vertex 64.3 16.4 0
      vertex 66.6036 20.4599 0
      vertex 71.3 16.4 0
    endloop
  endfacet
  facet normal 0 0 -1
    outer loop
      vertex 66.6036 20.4599 0
      vertex 64.3 16.4 0
      vertex 66.3435 20.3716 0
    endloop
  endfacet
  facet normal 0 0 -1
    outer loop
      vertex 66.3435 20.3716 0
      vertex 64.3 16.4 0
      vertex 66.0741 20.318 0
    endloop
  endfacet
  facet normal 0 0 -1
    outer loop
      vertex 66.0741 20.318 0
      vertex 64.3 16.4 0
      vertex 65.8 20.3 0
    endloop
  endfacet
  facet normal -0 0 -1
    outer loop
      vertex 65.8 20.3 0
      vertex 64.3 16.4 0
      vertex 65.5259 20.318 0
    endloop
  endfacet
  facet normal -0 0 -1
    outer loop
      vertex 65.5259 20.318 0
      vertex 64.3 16.4 0
      vertex 65.2565 20.3716 0
    endloop
  endfacet
  facet normal 0 0 -1
    outer loop
      vertex 62.8 17.9 0
      vertex 65.2565 20.3716 0
      vertex 64.3 16.4 0
    endloop
  endfacet
  facet normal -0 0 -1
    outer loop
      vertex 65.2565 20.3716 0
      vertex 62.8 17.9 0
      vertex 64.9964 20.4599 0
    endloop
  endfacet
  facet normal -0 0 -1
    outer loop
      vertex 64.9964 20.4599 0
      vertex 62.8 17.9 0
      vertex 64.75 20.5813 0
    endloop
  endfacet
  facet normal -0 0 -1
    outer loop
      vertex 64.75 20.5813 0
      vertex 62.8 17.9 0
      vertex 64.5216 20.734 0
    endloop
  endfacet
  facet normal -0 0 -1
    outer loop
      vertex 64.5216 20.734 0
      vertex 62.8 17.9 0
      vertex 64.3151 20.9151 0
    endloop
  endfacet
  facet normal 0 0 -1
    outer loop
      vertex 62.8 17.9 0
      vertex 64.3 16.4 0
      vertex 64.1042 16.4128 0
    endloop
  endfacet
  facet normal -0 0 -1
    outer loop
      vertex 64.3151 20.9151 0
      vertex 62.8 17.9 0
      vertex 64.134 21.1216 0
    endloop
  endfacet
  facet normal 0 0 -1
    outer loop
      vertex 62.8 17.9 0
      vertex 64.1042 16.4128 0
      vertex 63.9118 16.4511 0
    endloop
  endfacet
  facet normal -0 0 -1
    outer loop
      vertex 64.134 21.1216 0
      vertex 62.8 17.9 0
      vertex 63.9813 21.35 0
    endloop
  endfacet
  facet normal -0 0 -1
    outer loop
      vertex 63.9813 21.35 0
      vertex 62.8 17.9 0
      vertex 63.8599 21.5964 0
    endloop
  endfacet
  facet normal 0 0 -1
    outer loop
      vertex 62.8 17.9 0
      vertex 63.9118 16.4511 0
      vertex 63.726 16.5142 0
    endloop
  endfacet
  facet normal -0 0 -1
    outer loop
      vertex 63.8599 21.5964 0
      vertex 62.8 17.9 0
      vertex 63.7716 21.8565 0
    endloop
  endfacet
  facet normal -0 0 -1
    outer loop
      vertex 63.7716 21.8565 0
      vertex 62.8 17.9 0
      vertex 63.718 22.1259 0
    endloop
  endfacet
  facet normal 0 0 -1
    outer loop
      vertex 62.8 17.9 0
      vertex 63.726 16.5142 0
      vertex 63.55 16.601 0
    endloop
  endfacet
  facet normal 0 0 -1
    outer loop
      vertex 72.05 28.199 0
      vertex 71.3 28.4 0
      vertex 71.874 28.2858 0
    endloop
  endfacet
  facet normal 0 0 -1
    outer loop
      vertex 71.874 28.2858 0
      vertex 71.3 28.4 0
      vertex 71.6882 28.3489 0
    endloop
  endfacet
  facet normal 0 0 -1
    outer loop
      vertex 71.6882 28.3489 0
      vertex 71.3 28.4 0
      vertex 71.4958 28.3872 0
    endloop
  endfacet
  facet normal 0 0 -1
    outer loop
      vertex 72.2131 28.09 0
      vertex 71.3 28.4 0
      vertex 72.05 28.199 0
    endloop
  endfacet
  facet normal 0 0 -1
    outer loop
      vertex 72.7872 27.0958 0
      vertex 71.3 28.4 0
      vertex 72.7489 27.2882 0
    endloop
  endfacet
  facet normal 0 0 -1
    outer loop
      vertex 67.2849 23.8849 0
      vertex 71.3 28.4 0
      vertex 67.466 23.6784 0
    endloop
  endfacet
  facet normal 0 0 -1
    outer loop
      vertex 67.0784 24.066 0
      vertex 71.3 28.4 0
      vertex 67.2849 23.8849 0
    endloop
  endfacet
  facet normal 0 0 -1
    outer loop
      vertex 66.85 24.2187 0
      vertex 71.3 28.4 0
      vertex 67.0784 24.066 0
    endloop
  endfacet
  facet normal 0 0 -1
    outer loop
      vertex 66.6036 24.3401 0
      vertex 71.3 28.4 0
      vertex 66.85 24.2187 0
    endloop
  endfacet
  facet normal 0 0 -1
    outer loop
      vertex 64.3 28.4 0
      vertex 66.6036 24.3401 0
      vertex 66.3435 24.4284 0
    endloop
  endfacet
  facet normal 0 0 -1
    outer loop
      vertex 64.3 28.4 0
      vertex 66.3435 24.4284 0
      vertex 66.0741 24.482 0
    endloop
  endfacet
  facet normal 0 0 -1
    outer loop
      vertex 64.3 28.4 0
      vertex 66.0741 24.482 0
      vertex 65.8 24.5 0
    endloop
  endfacet
  facet normal 0 0 -1
    outer loop
      vertex 64.3 28.4 0
      vertex 65.8 24.5 0
      vertex 65.5259 24.482 0
    endloop
  endfacet
  facet normal 0 0 -1
    outer loop
      vertex 64.3 28.4 0
      vertex 65.5259 24.482 0
      vertex 65.2565 24.4284 0
    endloop
  endfacet
  facet normal 0 0 -1
    outer loop
      vertex 62.8 26.9 0
      vertex 65.2565 24.4284 0
      vertex 64.9964 24.3401 0
    endloop
  endfacet
  facet normal 0 0 -1
    outer loop
      vertex 62.8 26.9 0
      vertex 64.9964 24.3401 0
      vertex 64.75 24.2187 0
    endloop
  endfacet
  facet normal 0 0 -1
    outer loop
      vertex 66.6036 24.3401 0
      vertex 64.3 28.4 0
      vertex 71.3 28.4 0
    endloop
  endfacet
  facet normal 0 0 -1
    outer loop
      vertex 62.8 26.9 0
      vertex 64.75 24.2187 0
      vertex 64.5216 24.066 0
    endloop
  endfacet
  facet normal 0 0 -1
    outer loop
      vertex 62.8 26.9 0
      vertex 64.5216 24.066 0
      vertex 64.3151 23.8849 0
    endloop
  endfacet
  facet normal 0 0 -1
    outer loop
      vertex 62.8 26.9 0
      vertex 64.3151 23.8849 0
      vertex 64.134 23.6784 0
    endloop
  endfacet
  facet normal 0 0 -1
    outer loop
      vertex 65.2565 24.4284 0
      vertex 62.8 26.9 0
      vertex 64.3 28.4 0
    endloop
  endfacet
  facet normal 0 0 -1
    outer loop
      vertex 62.8 26.9 0
      vertex 64.134 23.6784 0
      vertex 63.9813 23.45 0
    endloop
  endfacet
  facet normal 0 0 -1
    outer loop
      vertex 64.3 28.4 0
      vertex 62.8 26.9 0
      vertex 64.1042 28.3872 0
    endloop
  endfacet
  facet normal 0 0 -1
    outer loop
      vertex 62.8 26.9 0
      vertex 63.9813 23.45 0
      vertex 63.8599 23.2036 0
    endloop
  endfacet
  facet normal 0 0 -1
    outer loop
      vertex 62.8 26.9 0
      vertex 63.8599 23.2036 0
      vertex 63.7716 22.9435 0
    endloop
  endfacet
  facet normal 0 0 -1
    outer loop
      vertex 64.1042 28.3872 0
      vertex 62.8 26.9 0
      vertex 63.9118 28.3489 0
    endloop
  endfacet
  facet normal 0 0 -1
    outer loop
      vertex 62.8 26.9 0
      vertex 63.7716 22.9435 0
      vertex 63.718 22.6741 0
    endloop
  endfacet
  facet normal 0 0 -1
    outer loop
      vertex 62.8 26.9 0
      vertex 63.718 22.6741 0
      vertex 63.7 22.4 0
    endloop
  endfacet
  facet normal -0 0 -1
    outer loop
      vertex 63.718 22.1259 0
      vertex 62.8 17.9 0
      vertex 63.7 22.4 0
    endloop
  endfacet
  facet normal 0 0 -1
    outer loop
      vertex 62.8 26.9 0
      vertex 63.7 22.4 0
      vertex 62.8 17.9 0
    endloop
  endfacet
  facet normal 0 0 -1
    outer loop
      vertex 62.8 17.9 0
      vertex 63.55 16.601 0
      vertex 63.3869 16.71 0
    endloop
  endfacet
  facet normal 0 0 -1
    outer loop
      vertex 63.9118 28.3489 0
      vertex 62.8 26.9 0
      vertex 63.726 28.2858 0
    endloop
  endfacet
  facet normal 0 0 -1
    outer loop
      vertex 62.8 17.9 0
      vertex 63.3869 16.71 0
      vertex 63.2393 16.8393 0
    endloop
  endfacet
  facet normal 0 0 -1
    outer loop
      vertex 63.726 28.2858 0
      vertex 62.8 26.9 0
      vertex 63.55 28.199 0
    endloop
  endfacet
  facet normal 0 0 -1
    outer loop
      vertex 62.8 17.9 0
      vertex 63.2393 16.8393 0
      vertex 63.11 16.9869 0
    endloop
  endfacet
  facet normal 0 0 -1
    outer loop
      vertex 63.55 28.199 0
      vertex 62.8 26.9 0
      vertex 63.3869 28.09 0
    endloop
  endfacet
  facet normal 0 0 -1
    outer loop
      vertex 62.8 17.9 0
      vertex 63.11 16.9869 0
      vertex 63.001 17.15 0
    endloop
  endfacet
  facet normal 0 0 -1
    outer loop
      vertex 63.3869 28.09 0
      vertex 62.8 26.9 0
      vertex 63.2393 27.9607 0
    endloop
  endfacet
  facet normal 0 0 -1
    outer loop
      vertex 62.8 17.9 0
      vertex 63.001 17.15 0
      vertex 62.9142 17.326 0
    endloop
  endfacet
  facet normal 0 0 -1
    outer loop
      vertex 63.2393 27.9607 0
      vertex 62.8 26.9 0
      vertex 63.11 27.8131 0
    endloop
  endfacet
  facet normal 0 0 -1
    outer loop
      vertex 62.8 17.9 0
      vertex 62.9142 17.326 0
      vertex 62.8511 17.5118 0
    endloop
  endfacet
  facet normal 0 0 -1
    outer loop
      vertex 63.11 27.8131 0
      vertex 62.8 26.9 0
      vertex 63.001 27.65 0
    endloop
  endfacet
  facet normal 0 0 -1
    outer loop
      vertex 62.8 17.9 0
      vertex 62.8511 17.5118 0
      vertex 62.8128 17.7042 0
    endloop
  endfacet
  facet normal 0 0 -1
    outer loop
      vertex 63.001 27.65 0
      vertex 62.8 26.9 0
      vertex 62.9142 27.474 0
    endloop
  endfacet
  facet normal 0 0 -1
    outer loop
      vertex 62.9142 27.474 0
      vertex 62.8 26.9 0
      vertex 62.8511 27.2882 0
    endloop
  endfacet
  facet normal 0 0 -1
    outer loop
      vertex 62.8511 27.2882 0
      vertex 62.8 26.9 0
      vertex 62.8128 27.0958 0
    endloop
  endfacet
  facet normal -0.0652369 -0.99787 0
    outer loop
      vertex -6.69579 16.4128 0
      vertex -6.5 16.4 3
      vertex -6.69579 16.4128 3
    endloop
  endfacet
  facet normal -0.0652369 -0.99787 -0
    outer loop
      vertex -6.5 16.4 3
      vertex -6.69579 16.4128 0
      vertex -6.5 16.4 0
    endloop
  endfacet
  facet normal 0 0 1
    outer loop
      vertex 0 28.4 3
      vertex -0.9 22.4 3
      vertex 0 16.4 3
    endloop
  endfacet
  facet normal 0 0 1
    outer loop
      vertex 0 28.4 3
      vertex -0.917965 22.6741 3
      vertex -0.9 22.4 3
    endloop
  endfacet
  facet normal 0 0 1
    outer loop
      vertex 0 28.4 3
      vertex -0.971556 22.9435 3
      vertex -0.917965 22.6741 3
    endloop
  endfacet
  facet normal 0 0 1
    outer loop
      vertex 0 28.4 3
      vertex -1.05985 23.2036 3
      vertex -0.971556 22.9435 3
    endloop
  endfacet
  facet normal 0 0 1
    outer loop
      vertex 0 28.4 3
      vertex -1.18135 23.45 3
      vertex -1.05985 23.2036 3
    endloop
  endfacet
  facet normal 0 0 1
    outer loop
      vertex 0 28.4 3
      vertex -1.33396 23.6784 3
      vertex -1.18135 23.45 3
    endloop
  endfacet
  facet normal 0 0 1
    outer loop
      vertex 0 28.4 3
      vertex -1.51508 23.8849 3
      vertex -1.33396 23.6784 3
    endloop
  endfacet
  facet normal 0 0 1
    outer loop
      vertex 0 28.4 3
      vertex -1.7216 24.066 3
      vertex -1.51508 23.8849 3
    endloop
  endfacet
  facet normal 0 0 1
    outer loop
      vertex 0 28.4 3
      vertex -1.95 24.2187 3
      vertex -1.7216 24.066 3
    endloop
  endfacet
  facet normal 0 0 1
    outer loop
      vertex 0 28.4 3
      vertex -2.19636 24.3401 3
      vertex -1.95 24.2187 3
    endloop
  endfacet
  facet normal 0 0 1
    outer loop
      vertex 0 28.4 3
      vertex -2.45648 24.4284 3
      vertex -2.19636 24.3401 3
    endloop
  endfacet
  facet normal 0 0 1
    outer loop
      vertex 0 28.4 3
      vertex -2.72589 24.482 3
      vertex -2.45648 24.4284 3
    endloop
  endfacet
  facet normal 0 0 1
    outer loop
      vertex 0 28.4 3
      vertex -3 24.5 3
      vertex -2.72589 24.482 3
    endloop
  endfacet
  facet normal -0 0 1
    outer loop
      vertex -6.5 28.4 3
      vertex -3 24.5 3
      vertex 0 28.4 3
    endloop
  endfacet
  facet normal 0 0 1
    outer loop
      vertex -3 24.5 3
      vertex -6.5 28.4 3
      vertex -3.2741 24.482 3
    endloop
  endfacet
  facet normal 0 0 1
    outer loop
      vertex -3.2741 24.482 3
      vertex -6.5 28.4 3
      vertex -3.54352 24.4284 3
    endloop
  endfacet
  facet normal 0 0 1
    outer loop
      vertex -3.54352 24.4284 3
      vertex -6.5 28.4 3
      vertex -3.80363 24.3401 3
    endloop
  endfacet
  facet normal 0 0 1
    outer loop
      vertex -3.80363 24.3401 3
      vertex -6.5 28.4 3
      vertex -4.05 24.2187 3
    endloop
  endfacet
  facet normal 0 0 1
    outer loop
      vertex -4.05 24.2187 3
      vertex -6.5 28.4 3
      vertex -4.2784 24.066 3
    endloop
  endfacet
  facet normal 0 0 1
    outer loop
      vertex -5.02844 22.9435 3
      vertex -8 26.9 3
      vertex -5.08203 22.6741 3
    endloop
  endfacet
  facet normal 0 0 1
    outer loop
      vertex -4.94015 23.2036 3
      vertex -8 26.9 3
      vertex -5.02844 22.9435 3
    endloop
  endfacet
  facet normal 0 0 1
    outer loop
      vertex -4.81865 23.45 3
      vertex -8 26.9 3
      vertex -4.94015 23.2036 3
    endloop
  endfacet
  facet normal 0 0 1
    outer loop
      vertex -4.66604 23.6784 3
      vertex -8 26.9 3
      vertex -4.81865 23.45 3
    endloop
  endfacet
  facet normal 0 0 1
    outer loop
      vertex -4.48492 23.8849 3
      vertex -8 26.9 3
      vertex -4.66604 23.6784 3
    endloop
  endfacet
  facet normal 0 0 1
    outer loop
      vertex -4.2784 24.066 3
      vertex -8 26.9 3
      vertex -4.48492 23.8849 3
    endloop
  endfacet
  facet normal -0 0 1
    outer loop
      vertex -8 26.9 3
      vertex -4.2784 24.066 3
      vertex -6.5 28.4 3
    endloop
  endfacet
  facet normal -0 0 1
    outer loop
      vertex -0.917965 22.1259 3
      vertex 0 16.4 3
      vertex -0.9 22.4 3
    endloop
  endfacet
  facet normal -0 0 1
    outer loop
      vertex -0.971556 21.8565 3
      vertex 0 16.4 3
      vertex -0.917965 22.1259 3
    endloop
  endfacet
  facet normal -0 0 1
    outer loop
      vertex -1.05985 21.5964 3
      vertex 0 16.4 3
      vertex -0.971556 21.8565 3
    endloop
  endfacet
  facet normal -0 0 1
    outer loop
      vertex -1.18135 21.35 3
      vertex 0 16.4 3
      vertex -1.05985 21.5964 3
    endloop
  endfacet
  facet normal -0 0 1
    outer loop
      vertex -1.33396 21.1216 3
      vertex 0 16.4 3
      vertex -1.18135 21.35 3
    endloop
  endfacet
  facet normal -0 0 1
    outer loop
      vertex -1.51508 20.9151 3
      vertex 0 16.4 3
      vertex -1.33396 21.1216 3
    endloop
  endfacet
  facet normal -0 0 1
    outer loop
      vertex -1.7216 20.734 3
      vertex 0 16.4 3
      vertex -1.51508 20.9151 3
    endloop
  endfacet
  facet normal -0 0 1
    outer loop
      vertex -1.95 20.5813 3
      vertex 0 16.4 3
      vertex -1.7216 20.734 3
    endloop
  endfacet
  facet normal -0 0 1
    outer loop
      vertex -2.19636 20.4599 3
      vertex 0 16.4 3
      vertex -1.95 20.5813 3
    endloop
  endfacet
  facet normal -0 0 1
    outer loop
      vertex -2.45648 20.3716 3
      vertex 0 16.4 3
      vertex -2.19636 20.4599 3
    endloop
  endfacet
  facet normal -0 0 1
    outer loop
      vertex -2.72589 20.318 3
      vertex 0 16.4 3
      vertex -2.45648 20.3716 3
    endloop
  endfacet
  facet normal -0 0 1
    outer loop
      vertex -3 20.3 3
      vertex 0 16.4 3
      vertex -2.72589 20.318 3
    endloop
  endfacet
  facet normal 0 0 1
    outer loop
      vertex -6.5 16.4 3
      vertex -3 20.3 3
      vertex -3.2741 20.318 3
    endloop
  endfacet
  facet normal 0 0 1
    outer loop
      vertex -6.5 16.4 3
      vertex -3.2741 20.318 3
      vertex -3.54352 20.3716 3
    endloop
  endfacet
  facet normal 0 0 1
    outer loop
      vertex -6.5 16.4 3
      vertex -3.54352 20.3716 3
      vertex -3.80363 20.4599 3
    endloop
  endfacet
  facet normal 0 0 1
    outer loop
      vertex -6.5 16.4 3
      vertex -3.80363 20.4599 3
      vertex -4.05 20.5813 3
    endloop
  endfacet
  facet normal 0 0 1
    outer loop
      vertex -6.5 16.4 3
      vertex -4.05 20.5813 3
      vertex -4.2784 20.734 3
    endloop
  endfacet
  facet normal 0 0 1
    outer loop
      vertex -8 17.9 3
      vertex -4.2784 20.734 3
      vertex -4.48492 20.9151 3
    endloop
  endfacet
  facet normal 0 0 1
    outer loop
      vertex -5.08203 22.6741 3
      vertex -8 26.9 3
      vertex -5.1 22.4 3
    endloop
  endfacet
  facet normal 0 0 1
    outer loop
      vertex -8 17.9 3
      vertex -5.1 22.4 3
      vertex -8 26.9 3
    endloop
  endfacet
  facet normal 0 0 1
    outer loop
      vertex -3 20.3 3
      vertex -6.5 16.4 3
      vertex 0 16.4 3
    endloop
  endfacet
  facet normal 0 0 1
    outer loop
      vertex -8 17.9 3
      vertex -4.48492 20.9151 3
      vertex -4.66604 21.1216 3
    endloop
  endfacet
  facet normal 0 0 1
    outer loop
      vertex -8 17.9 3
      vertex -4.66604 21.1216 3
      vertex -4.81865 21.35 3
    endloop
  endfacet
  facet normal 0 0 1
    outer loop
      vertex -8 17.9 3
      vertex -4.81865 21.35 3
      vertex -4.94015 21.5964 3
    endloop
  endfacet
  facet normal 0 0 1
    outer loop
      vertex -8 17.9 3
      vertex -4.94015 21.5964 3
      vertex -5.02844 21.8565 3
    endloop
  endfacet
  facet normal 0 0 1
    outer loop
      vertex -5.1 22.4 3
      vertex -8 17.9 3
      vertex -5.08203 22.1259 3
    endloop
  endfacet
  facet normal 0 0 1
    outer loop
      vertex -8 26.9 3
      vertex -6.5 28.4 3
      vertex -6.69579 28.3872 3
    endloop
  endfacet
  facet normal 0 0 1
    outer loop
      vertex -5.08203 22.1259 3
      vertex -8 17.9 3
      vertex -5.02844 21.8565 3
    endloop
  endfacet
  facet normal 0 0 1
    outer loop
      vertex -8 26.9 3
      vertex -6.69579 28.3872 3
      vertex -6.88823 28.3489 3
    endloop
  endfacet
  facet normal 0 0 1
    outer loop
      vertex -4.2784 20.734 3
      vertex -8 17.9 3
      vertex -6.5 16.4 3
    endloop
  endfacet
  facet normal 0 0 1
    outer loop
      vertex -8 26.9 3
      vertex -6.88823 28.3489 3
      vertex -7.07403 28.2858 3
    endloop
  endfacet
  facet normal 0 0 1
    outer loop
      vertex -6.5 16.4 3
      vertex -8 17.9 3
      vertex -6.69579 16.4128 3
    endloop
  endfacet
  facet normal 0 0 1
    outer loop
      vertex -8 26.9 3
      vertex -7.07403 28.2858 3
      vertex -7.25 28.199 3
    endloop
  endfacet
  facet normal 0 0 1
    outer loop
      vertex -6.69579 16.4128 3
      vertex -8 17.9 3
      vertex -6.88823 16.4511 3
    endloop
  endfacet
  facet normal 0 0 1
    outer loop
      vertex -8 26.9 3
      vertex -7.25 28.199 3
      vertex -7.41314 28.09 3
    endloop
  endfacet
  facet normal 0 0 1
    outer loop
      vertex -6.88823 16.4511 3
      vertex -8 17.9 3
      vertex -7.07403 16.5142 3
    endloop
  endfacet
  facet normal 0 0 1
    outer loop
      vertex -8 26.9 3
      vertex -7.41314 28.09 3
      vertex -7.56066 27.9607 3
    endloop
  endfacet
  facet normal 0 0 1
    outer loop
      vertex -7.07403 16.5142 3
      vertex -8 17.9 3
      vertex -7.25 16.601 3
    endloop
  endfacet
  facet normal 0 0 1
    outer loop
      vertex -8 26.9 3
      vertex -7.56066 27.9607 3
      vertex -7.69003 27.8131 3
    endloop
  endfacet
  facet normal 0 0 1
    outer loop
      vertex -7.25 16.601 3
      vertex -8 17.9 3
      vertex -7.41314 16.71 3
    endloop
  endfacet
  facet normal 0 0 1
    outer loop
      vertex -8 26.9 3
      vertex -7.69003 27.8131 3
      vertex -7.79904 27.65 3
    endloop
  endfacet
  facet normal 0 0 1
    outer loop
      vertex -7.41314 16.71 3
      vertex -8 17.9 3
      vertex -7.56066 16.8393 3
    endloop
  endfacet
  facet normal 0 0 1
    outer loop
      vertex -8 26.9 3
      vertex -7.79904 27.65 3
      vertex -7.88582 27.474 3
    endloop
  endfacet
  facet normal 0 0 1
    outer loop
      vertex -7.56066 16.8393 3
      vertex -8 17.9 3
      vertex -7.69003 16.9869 3
    endloop
  endfacet
  facet normal 0 0 1
    outer loop
      vertex -8 26.9 3
      vertex -7.88582 27.474 3
      vertex -7.94889 27.2882 3
    endloop
  endfacet
  facet normal 0 0 1
    outer loop
      vertex -7.69003 16.9869 3
      vertex -8 17.9 3
      vertex -7.79904 17.15 3
    endloop
  endfacet
  facet normal 0 0 1
    outer loop
      vertex -8 26.9 3
      vertex -7.94889 27.2882 3
      vertex -7.98717 27.0958 3
    endloop
  endfacet
  facet normal 0 0 1
    outer loop
      vertex -7.79904 17.15 3
      vertex -8 17.9 3
      vertex -7.88582 17.326 3
    endloop
  endfacet
  facet normal 0 0 1
    outer loop
      vertex -7.88582 17.326 3
      vertex -8 17.9 3
      vertex -7.94889 17.5118 3
    endloop
  endfacet
  facet normal 0 0 1
    outer loop
      vertex -7.94889 17.5118 3
      vertex -8 17.9 3
      vertex -7.98717 17.7042 3
    endloop
  endfacet
  facet normal -0.442376 -0.89683 0
    outer loop
      vertex -7.25 16.601 0
      vertex -7.07403 16.5142 3
      vertex -7.25 16.601 3
    endloop
  endfacet
  facet normal -0.442376 -0.89683 -0
    outer loop
      vertex -7.07403 16.5142 3
      vertex -7.25 16.601 0
      vertex -7.07403 16.5142 0
    endloop
  endfacet
  facet normal 0 1 -0
    outer loop
      vertex 0 28.4 0
      vertex -6.5 28.4 3
      vertex 0 28.4 3
    endloop
  endfacet
  facet normal 0 1 0
    outer loop
      vertex -6.5 28.4 3
      vertex 0 28.4 0
      vertex -6.5 28.4 0
    endloop
  endfacet
  facet normal -0.752021 -0.659139 0
    outer loop
      vertex -7.56066 16.8393 0
      vertex -7.69003 16.9869 3
      vertex -7.69003 16.9869 0
    endloop
  endfacet
  facet normal -0.752021 -0.659139 0
    outer loop
      vertex -7.69003 16.9869 3
      vertex -7.56066 16.8393 0
      vertex -7.56066 16.8393 3
    endloop
  endfacet
  facet normal -0.946931 -0.321437 0
    outer loop
      vertex -7.88582 17.326 0
      vertex -7.94889 17.5118 3
      vertex -7.94889 17.5118 0
    endloop
  endfacet
  facet normal -0.946931 -0.321437 0
    outer loop
      vertex -7.94889 17.5118 3
      vertex -7.88582 17.326 0
      vertex -7.88582 17.326 3
    endloop
  endfacet
  facet normal -0.195195 0.980764 0
    outer loop
      vertex -6.69579 28.3872 0
      vertex -6.88823 28.3489 3
      vertex -6.69579 28.3872 3
    endloop
  endfacet
  facet normal -0.195195 0.980764 0
    outer loop
      vertex -6.88823 28.3489 3
      vertex -6.69579 28.3872 0
      vertex -6.88823 28.3489 0
    endloop
  endfacet
  facet normal -0.980776 -0.195136 0
    outer loop
      vertex -7.94889 17.5118 0
      vertex -7.98717 17.7042 3
      vertex -7.98717 17.7042 0
    endloop
  endfacet
  facet normal -0.980776 -0.195136 0
    outer loop
      vertex -7.98717 17.7042 3
      vertex -7.94889 17.5118 0
      vertex -7.94889 17.5118 3
    endloop
  endfacet
  facet normal -0.555547 0.831485 0
    outer loop
      vertex -7.25 28.199 0
      vertex -7.41314 28.09 3
      vertex -7.25 28.199 3
    endloop
  endfacet
  facet normal -0.555547 0.831485 0
    outer loop
      vertex -7.41314 28.09 3
      vertex -7.25 28.199 0
      vertex -7.41314 28.09 0
    endloop
  endfacet
  facet normal -1 0 0
    outer loop
      vertex -8 17.9 0
      vertex -8 26.9 3
      vertex -8 26.9 0
    endloop
  endfacet
  facet normal -1 -0 0
    outer loop
      vertex -8 26.9 3
      vertex -8 17.9 0
      vertex -8 17.9 3
    endloop
  endfacet
  facet normal -0.555547 -0.831485 0
    outer loop
      vertex -7.41314 16.71 0
      vertex -7.25 16.601 3
      vertex -7.41314 16.71 3
    endloop
  endfacet
  facet normal -0.555547 -0.831485 -0
    outer loop
      vertex -7.25 16.601 3
      vertex -7.41314 16.71 0
      vertex -7.25 16.601 0
    endloop
  endfacet
  facet normal -0.65914 -0.752021 0
    outer loop
      vertex -7.56066 16.8393 0
      vertex -7.41314 16.71 3
      vertex -7.56066 16.8393 3
    endloop
  endfacet
  facet normal -0.65914 -0.752021 -0
    outer loop
      vertex -7.41314 16.71 3
      vertex -7.56066 16.8393 0
      vertex -7.41314 16.71 0
    endloop
  endfacet
  facet normal -0.321574 0.946885 0
    outer loop
      vertex -6.88823 28.3489 0
      vertex -7.07403 28.2858 3
      vertex -6.88823 28.3489 3
    endloop
  endfacet
  facet normal -0.321574 0.946885 0
    outer loop
      vertex -7.07403 28.2858 3
      vertex -6.88823 28.3489 0
      vertex -7.07403 28.2858 0
    endloop
  endfacet
  facet normal -0.946931 0.321437 0
    outer loop
      vertex -7.94889 27.2882 0
      vertex -7.88582 27.474 3
      vertex -7.88582 27.474 0
    endloop
  endfacet
  facet normal -0.946931 0.321437 0
    outer loop
      vertex -7.88582 27.474 3
      vertex -7.94889 27.2882 0
      vertex -7.94889 27.2882 3
    endloop
  endfacet
  facet normal -0.99786 -0.0653858 0
    outer loop
      vertex -7.98717 17.7042 0
      vertex -8 17.9 3
      vertex -8 17.9 0
    endloop
  endfacet
  facet normal -0.99786 -0.0653858 0
    outer loop
      vertex -8 17.9 3
      vertex -7.98717 17.7042 0
      vertex -7.98717 17.7042 3
    endloop
  endfacet
  facet normal -0.195195 -0.980764 0
    outer loop
      vertex -6.88823 16.4511 0
      vertex -6.69579 16.4128 3
      vertex -6.88823 16.4511 3
    endloop
  endfacet
  facet normal -0.195195 -0.980764 -0
    outer loop
      vertex -6.69579 16.4128 3
      vertex -6.88823 16.4511 0
      vertex -6.69579 16.4128 0
    endloop
  endfacet
  facet normal -0.8969 0.442233 0
    outer loop
      vertex -7.88582 27.474 0
      vertex -7.79904 27.65 3
      vertex -7.79904 27.65 0
    endloop
  endfacet
  facet normal -0.8969 0.442233 0
    outer loop
      vertex -7.79904 27.65 3
      vertex -7.88582 27.474 0
      vertex -7.88582 27.474 3
    endloop
  endfacet
  facet normal -0.65914 0.752021 0
    outer loop
      vertex -7.41314 28.09 0
      vertex -7.56066 27.9607 3
      vertex -7.41314 28.09 3
    endloop
  endfacet
  facet normal -0.65914 0.752021 0
    outer loop
      vertex -7.56066 27.9607 3
      vertex -7.41314 28.09 0
      vertex -7.56066 27.9607 0
    endloop
  endfacet
  facet normal -0.831399 0.555676 0
    outer loop
      vertex -7.79904 27.65 0
      vertex -7.69003 27.8131 3
      vertex -7.69003 27.8131 0
    endloop
  endfacet
  facet normal -0.831399 0.555676 0
    outer loop
      vertex -7.69003 27.8131 3
      vertex -7.79904 27.65 0
      vertex -7.79904 27.65 3
    endloop
  endfacet
  facet normal -0.752021 0.659139 0
    outer loop
      vertex -7.69003 27.8131 0
      vertex -7.56066 27.9607 3
      vertex -7.56066 27.9607 0
    endloop
  endfacet
  facet normal -0.752021 0.659139 0
    outer loop
      vertex -7.56066 27.9607 3
      vertex -7.69003 27.8131 0
      vertex -7.69003 27.8131 3
    endloop
  endfacet
  facet normal -0.99786 0.0653858 0
    outer loop
      vertex -8 26.9 0
      vertex -7.98717 27.0958 3
      vertex -7.98717 27.0958 0
    endloop
  endfacet
  facet normal -0.99786 0.0653858 0
    outer loop
      vertex -7.98717 27.0958 3
      vertex -8 26.9 0
      vertex -8 26.9 3
    endloop
  endfacet
  facet normal -0.442376 0.89683 0
    outer loop
      vertex -7.07403 28.2858 0
      vertex -7.25 28.199 3
      vertex -7.07403 28.2858 3
    endloop
  endfacet
  facet normal -0.442376 0.89683 0
    outer loop
      vertex -7.25 28.199 3
      vertex -7.07403 28.2858 0
      vertex -7.25 28.199 0
    endloop
  endfacet
  facet normal 0.980757 0.195234 0
    outer loop
      vertex 72.7872 27.0958 3
      vertex 72.7489 27.2882 0
      vertex 72.7489 27.2882 3
    endloop
  endfacet
  facet normal 0.980757 0.195234 0
    outer loop
      vertex 72.7489 27.2882 0
      vertex 72.7872 27.0958 3
      vertex 72.7872 27.0958 0
    endloop
  endfacet
  facet normal 0.0652336 -0.99787 0
    outer loop
      vertex 71.3 16.4 0
      vertex 71.4958 16.4128 3
      vertex 71.3 16.4 3
    endloop
  endfacet
  facet normal 0.0652336 -0.99787 0
    outer loop
      vertex 71.4958 16.4128 3
      vertex 71.3 16.4 0
      vertex 71.4958 16.4128 0
    endloop
  endfacet
  facet normal -0.980757 0.195234 0
    outer loop
      vertex 62.8128 27.0958 0
      vertex 62.8511 27.2882 3
      vertex 62.8511 27.2882 0
    endloop
  endfacet
  facet normal -0.980757 0.195234 0
    outer loop
      vertex 62.8511 27.2882 3
      vertex 62.8128 27.0958 0
      vertex 62.8128 27.0958 3
    endloop
  endfacet
  facet normal -0.0652336 0.99787 0
    outer loop
      vertex 64.3 28.4 0
      vertex 64.1042 28.3872 3
      vertex 64.3 28.4 3
    endloop
  endfacet
  facet normal -0.0652336 0.99787 0
    outer loop
      vertex 64.1042 28.3872 3
      vertex 64.3 28.4 0
      vertex 64.1042 28.3872 0
    endloop
  endfacet
  facet normal 0.946885 0.321574 0
    outer loop
      vertex 72.7489 27.2882 3
      vertex 72.6858 27.474 0
      vertex 72.6858 27.474 3
    endloop
  endfacet
  facet normal 0.946885 0.321574 0
    outer loop
      vertex 72.6858 27.474 0
      vertex 72.7489 27.2882 3
      vertex 72.7489 27.2882 0
    endloop
  endfacet
  facet normal 0.99787 0.0652336 0
    outer loop
      vertex 72.8 26.9 3
      vertex 72.7872 27.0958 0
      vertex 72.7872 27.0958 3
    endloop
  endfacet
  facet normal 0.99787 0.0652336 0
    outer loop
      vertex 72.7872 27.0958 0
      vertex 72.8 26.9 3
      vertex 72.8 26.9 0
    endloop
  endfacet
  facet normal 0 -1 0
    outer loop
      vertex 64.3 16.4 0
      vertex 71.3 16.4 3
      vertex 64.3 16.4 3
    endloop
  endfacet
  facet normal 0 -1 -0
    outer loop
      vertex 71.3 16.4 3
      vertex 64.3 16.4 0
      vertex 71.3 16.4 0
    endloop
  endfacet
  facet normal -0.831422 -0.555641 0
    outer loop
      vertex 63.11 16.9869 0
      vertex 63.001 17.15 3
      vertex 63.001 17.15 0
    endloop
  endfacet
  facet normal -0.831422 -0.555641 0
    outer loop
      vertex 63.001 17.15 3
      vertex 63.11 16.9869 0
      vertex 63.11 16.9869 3
    endloop
  endfacet
  facet normal -0.89686 -0.442315 0
    outer loop
      vertex 63.001 17.15 0
      vertex 62.9142 17.326 3
      vertex 62.9142 17.326 0
    endloop
  endfacet
  facet normal -0.89686 -0.442315 0
    outer loop
      vertex 62.9142 17.326 3
      vertex 63.001 17.15 0
      vertex 63.001 17.15 3
    endloop
  endfacet
  facet normal -0.321574 -0.946885 0
    outer loop
      vertex 63.726 16.5142 0
      vertex 63.9118 16.4511 3
      vertex 63.726 16.5142 3
    endloop
  endfacet
  facet normal -0.321574 -0.946885 -0
    outer loop
      vertex 63.9118 16.4511 3
      vertex 63.726 16.5142 0
      vertex 63.9118 16.4511 0
    endloop
  endfacet
  facet normal 0.831422 0.555641 0
    outer loop
      vertex 72.599 27.65 3
      vertex 72.49 27.8131 0
      vertex 72.49 27.8131 3
    endloop
  endfacet
  facet normal 0.831422 0.555641 0
    outer loop
      vertex 72.49 27.8131 0
      vertex 72.599 27.65 3
      vertex 72.599 27.65 0
    endloop
  endfacet
  facet normal 0.195234 -0.980757 0
    outer loop
      vertex 71.4958 16.4128 0
      vertex 71.6882 16.4511 3
      vertex 71.4958 16.4128 3
    endloop
  endfacet
  facet normal 0.195234 -0.980757 0
    outer loop
      vertex 71.6882 16.4511 3
      vertex 71.4958 16.4128 0
      vertex 71.6882 16.4511 0
    endloop
  endfacet
  facet normal 0.831422 -0.555641 0
    outer loop
      vertex 72.49 16.9869 3
      vertex 72.599 17.15 0
      vertex 72.599 17.15 3
    endloop
  endfacet
  facet normal 0.831422 -0.555641 0
    outer loop
      vertex 72.599 17.15 0
      vertex 72.49 16.9869 3
      vertex 72.49 16.9869 0
    endloop
  endfacet
  facet normal -0.0652336 -0.99787 0
    outer loop
      vertex 64.1042 16.4128 0
      vertex 64.3 16.4 3
      vertex 64.1042 16.4128 3
    endloop
  endfacet
  facet normal -0.0652336 -0.99787 -0
    outer loop
      vertex 64.3 16.4 3
      vertex 64.1042 16.4128 0
      vertex 64.3 16.4 0
    endloop
  endfacet
  facet normal 0 0 1
    outer loop
      vertex 71.3 28.4 3
      vertex 72.8 26.9 3
      vertex 72.7872 27.0958 3
    endloop
  endfacet
  facet normal 0 0 1
    outer loop
      vertex 72.8 26.9 3
      vertex 67.9 22.4 3
      vertex 72.8 17.9 3
    endloop
  endfacet
  facet normal 0 0 1
    outer loop
      vertex 71.3 28.4 3
      vertex 72.7872 27.0958 3
      vertex 72.7489 27.2882 3
    endloop
  endfacet
  facet normal -0 0 1
    outer loop
      vertex 67.882 22.1259 3
      vertex 72.8 17.9 3
      vertex 67.9 22.4 3
    endloop
  endfacet
  facet normal 0 0 1
    outer loop
      vertex 71.3 28.4 3
      vertex 72.7489 27.2882 3
      vertex 72.6858 27.474 3
    endloop
  endfacet
  facet normal -0 0 1
    outer loop
      vertex 67.8284 21.8565 3
      vertex 72.8 17.9 3
      vertex 67.882 22.1259 3
    endloop
  endfacet
  facet normal 0 0 1
    outer loop
      vertex 71.3 28.4 3
      vertex 72.6858 27.474 3
      vertex 72.599 27.65 3
    endloop
  endfacet
  facet normal -0 0 1
    outer loop
      vertex 67.7401 21.5964 3
      vertex 72.8 17.9 3
      vertex 67.8284 21.8565 3
    endloop
  endfacet
  facet normal 0 0 1
    outer loop
      vertex 71.3 28.4 3
      vertex 72.599 27.65 3
      vertex 72.49 27.8131 3
    endloop
  endfacet
  facet normal -0 0 1
    outer loop
      vertex 67.6187 21.35 3
      vertex 72.8 17.9 3
      vertex 67.7401 21.5964 3
    endloop
  endfacet
  facet normal 0 0 1
    outer loop
      vertex 71.3 28.4 3
      vertex 72.49 27.8131 3
      vertex 72.3607 27.9607 3
    endloop
  endfacet
  facet normal -0 0 1
    outer loop
      vertex 67.466 21.1216 3
      vertex 72.8 17.9 3
      vertex 67.6187 21.35 3
    endloop
  endfacet
  facet normal 0 0 1
    outer loop
      vertex 71.3 28.4 3
      vertex 72.3607 27.9607 3
      vertex 72.2131 28.09 3
    endloop
  endfacet
  facet normal 0 -0 1
    outer loop
      vertex 71.3 16.4 3
      vertex 72.8 17.9 3
      vertex 67.466 21.1216 3
    endloop
  endfacet
  facet normal 0 0 1
    outer loop
      vertex 71.3 28.4 3
      vertex 72.2131 28.09 3
      vertex 72.05 28.199 3
    endloop
  endfacet
  facet normal 0 0 1
    outer loop
      vertex 72.8 17.9 3
      vertex 71.3 16.4 3
      vertex 72.7872 17.7042 3
    endloop
  endfacet
  facet normal 0 0 1
    outer loop
      vertex 71.3 28.4 3
      vertex 72.05 28.199 3
      vertex 71.874 28.2858 3
    endloop
  endfacet
  facet normal 0 0 1
    outer loop
      vertex 72.7489 17.5118 3
      vertex 71.3 16.4 3
      vertex 72.6858 17.326 3
    endloop
  endfacet
  facet normal 0 0 1
    outer loop
      vertex 71.3 28.4 3
      vertex 71.874 28.2858 3
      vertex 71.6882 28.3489 3
    endloop
  endfacet
  facet normal 0 0 1
    outer loop
      vertex 72.6858 17.326 3
      vertex 71.3 16.4 3
      vertex 72.599 17.15 3
    endloop
  endfacet
  facet normal 0 0 1
    outer loop
      vertex 71.3 28.4 3
      vertex 71.6882 28.3489 3
      vertex 71.4958 28.3872 3
    endloop
  endfacet
  facet normal 0 0 1
    outer loop
      vertex 72.599 17.15 3
      vertex 71.3 16.4 3
      vertex 72.49 16.9869 3
    endloop
  endfacet
  facet normal 0 0 1
    outer loop
      vertex 72.8 26.9 3
      vertex 71.3 28.4 3
      vertex 67.466 23.6784 3
    endloop
  endfacet
  facet normal 0 0 1
    outer loop
      vertex 72.49 16.9869 3
      vertex 71.3 16.4 3
      vertex 72.3607 16.8393 3
    endloop
  endfacet
  facet normal 0 0 1
    outer loop
      vertex 72.3607 16.8393 3
      vertex 71.3 16.4 3
      vertex 72.2131 16.71 3
    endloop
  endfacet
  facet normal 0 0 1
    outer loop
      vertex 72.8 26.9 3
      vertex 67.882 22.6741 3
      vertex 67.9 22.4 3
    endloop
  endfacet
  facet normal 0 0 1
    outer loop
      vertex 72.8 26.9 3
      vertex 67.8284 22.9435 3
      vertex 67.882 22.6741 3
    endloop
  endfacet
  facet normal 0 0 1
    outer loop
      vertex 72.8 26.9 3
      vertex 67.7401 23.2036 3
      vertex 67.8284 22.9435 3
    endloop
  endfacet
  facet normal 0 0 1
    outer loop
      vertex 72.8 26.9 3
      vertex 67.6187 23.45 3
      vertex 67.7401 23.2036 3
    endloop
  endfacet
  facet normal 0 0 1
    outer loop
      vertex 72.8 26.9 3
      vertex 67.466 23.6784 3
      vertex 67.6187 23.45 3
    endloop
  endfacet
  facet normal 0 0 1
    outer loop
      vertex 71.3 28.4 3
      vertex 67.2849 23.8849 3
      vertex 67.466 23.6784 3
    endloop
  endfacet
  facet normal 0 0 1
    outer loop
      vertex 71.3 28.4 3
      vertex 67.0784 24.066 3
      vertex 67.2849 23.8849 3
    endloop
  endfacet
  facet normal 0 0 1
    outer loop
      vertex 71.3 28.4 3
      vertex 66.85 24.2187 3
      vertex 67.0784 24.066 3
    endloop
  endfacet
  facet normal 0 0 1
    outer loop
      vertex 71.3 28.4 3
      vertex 66.6036 24.3401 3
      vertex 66.85 24.2187 3
    endloop
  endfacet
  facet normal -0 0 1
    outer loop
      vertex 64.3 28.4 3
      vertex 66.6036 24.3401 3
      vertex 71.3 28.4 3
    endloop
  endfacet
  facet normal 0 0 1
    outer loop
      vertex 66.6036 24.3401 3
      vertex 64.3 28.4 3
      vertex 66.3435 24.4284 3
    endloop
  endfacet
  facet normal 0 0 1
    outer loop
      vertex 66.3435 24.4284 3
      vertex 64.3 28.4 3
      vertex 66.0741 24.482 3
    endloop
  endfacet
  facet normal 0 0 1
    outer loop
      vertex 66.0741 24.482 3
      vertex 64.3 28.4 3
      vertex 65.8 24.5 3
    endloop
  endfacet
  facet normal 0 0 1
    outer loop
      vertex 65.8 24.5 3
      vertex 64.3 28.4 3
      vertex 65.5259 24.482 3
    endloop
  endfacet
  facet normal 0 0 1
    outer loop
      vertex 65.5259 24.482 3
      vertex 64.3 28.4 3
      vertex 65.2565 24.4284 3
    endloop
  endfacet
  facet normal -0 0 1
    outer loop
      vertex 62.8 26.9 3
      vertex 65.2565 24.4284 3
      vertex 64.3 28.4 3
    endloop
  endfacet
  facet normal 0 0 1
    outer loop
      vertex 65.2565 24.4284 3
      vertex 62.8 26.9 3
      vertex 64.9964 24.3401 3
    endloop
  endfacet
  facet normal 0 0 1
    outer loop
      vertex 64.9964 24.3401 3
      vertex 62.8 26.9 3
      vertex 64.75 24.2187 3
    endloop
  endfacet
  facet normal 0 0 1
    outer loop
      vertex 64.75 24.2187 3
      vertex 62.8 26.9 3
      vertex 64.5216 24.066 3
    endloop
  endfacet
  facet normal 0 0 1
    outer loop
      vertex 64.5216 24.066 3
      vertex 62.8 26.9 3
      vertex 64.3151 23.8849 3
    endloop
  endfacet
  facet normal 0 0 1
    outer loop
      vertex 62.8 26.9 3
      vertex 64.3 28.4 3
      vertex 64.1042 28.3872 3
    endloop
  endfacet
  facet normal 0 0 1
    outer loop
      vertex 64.3151 23.8849 3
      vertex 62.8 26.9 3
      vertex 64.134 23.6784 3
    endloop
  endfacet
  facet normal 0 0 1
    outer loop
      vertex 62.8 26.9 3
      vertex 64.1042 28.3872 3
      vertex 63.9118 28.3489 3
    endloop
  endfacet
  facet normal 0 0 1
    outer loop
      vertex 64.134 23.6784 3
      vertex 62.8 26.9 3
      vertex 63.9813 23.45 3
    endloop
  endfacet
  facet normal 0 0 1
    outer loop
      vertex 63.9813 23.45 3
      vertex 62.8 26.9 3
      vertex 63.8599 23.2036 3
    endloop
  endfacet
  facet normal 0 0 1
    outer loop
      vertex 62.8 26.9 3
      vertex 63.9118 28.3489 3
      vertex 63.726 28.2858 3
    endloop
  endfacet
  facet normal 0 0 1
    outer loop
      vertex 63.8599 23.2036 3
      vertex 62.8 26.9 3
      vertex 63.7716 22.9435 3
    endloop
  endfacet
  facet normal 0 0 1
    outer loop
      vertex 63.7716 22.9435 3
      vertex 62.8 26.9 3
      vertex 63.718 22.6741 3
    endloop
  endfacet
  facet normal 0 0 1
    outer loop
      vertex 62.8 26.9 3
      vertex 63.726 28.2858 3
      vertex 63.55 28.199 3
    endloop
  endfacet
  facet normal 0 0 1
    outer loop
      vertex 72.05 16.601 3
      vertex 71.3 16.4 3
      vertex 71.874 16.5142 3
    endloop
  endfacet
  facet normal 0 0 1
    outer loop
      vertex 71.874 16.5142 3
      vertex 71.3 16.4 3
      vertex 71.6882 16.4511 3
    endloop
  endfacet
  facet normal 0 0 1
    outer loop
      vertex 71.6882 16.4511 3
      vertex 71.3 16.4 3
      vertex 71.4958 16.4128 3
    endloop
  endfacet
  facet normal 0 0 1
    outer loop
      vertex 72.2131 16.71 3
      vertex 71.3 16.4 3
      vertex 72.05 16.601 3
    endloop
  endfacet
  facet normal 0 0 1
    outer loop
      vertex 72.7872 17.7042 3
      vertex 71.3 16.4 3
      vertex 72.7489 17.5118 3
    endloop
  endfacet
  facet normal -0 0 1
    outer loop
      vertex 67.2849 20.9151 3
      vertex 71.3 16.4 3
      vertex 67.466 21.1216 3
    endloop
  endfacet
  facet normal -0 0 1
    outer loop
      vertex 67.0784 20.734 3
      vertex 71.3 16.4 3
      vertex 67.2849 20.9151 3
    endloop
  endfacet
  facet normal -0 0 1
    outer loop
      vertex 66.85 20.5813 3
      vertex 71.3 16.4 3
      vertex 67.0784 20.734 3
    endloop
  endfacet
  facet normal -0 0 1
    outer loop
      vertex 66.6036 20.4599 3
      vertex 71.3 16.4 3
      vertex 66.85 20.5813 3
    endloop
  endfacet
  facet normal 0 0 1
    outer loop
      vertex 64.3 16.4 3
      vertex 66.6036 20.4599 3
      vertex 66.3435 20.3716 3
    endloop
  endfacet
  facet normal 0 0 1
    outer loop
      vertex 64.3 16.4 3
      vertex 66.3435 20.3716 3
      vertex 66.0741 20.318 3
    endloop
  endfacet
  facet normal 0 0 1
    outer loop
      vertex 64.3 16.4 3
      vertex 66.0741 20.318 3
      vertex 65.8 20.3 3
    endloop
  endfacet
  facet normal 0 0 1
    outer loop
      vertex 64.3 16.4 3
      vertex 65.8 20.3 3
      vertex 65.5259 20.318 3
    endloop
  endfacet
  facet normal 0 0 1
    outer loop
      vertex 64.3 16.4 3
      vertex 65.5259 20.318 3
      vertex 65.2565 20.3716 3
    endloop
  endfacet
  facet normal 0 0 1
    outer loop
      vertex 62.8 17.9 3
      vertex 65.2565 20.3716 3
      vertex 64.9964 20.4599 3
    endloop
  endfacet
  facet normal 0 0 1
    outer loop
      vertex 62.8 17.9 3
      vertex 64.9964 20.4599 3
      vertex 64.75 20.5813 3
    endloop
  endfacet
  facet normal 0 0 1
    outer loop
      vertex 66.6036 20.4599 3
      vertex 64.3 16.4 3
      vertex 71.3 16.4 3
    endloop
  endfacet
  facet normal 0 0 1
    outer loop
      vertex 62.8 17.9 3
      vertex 64.75 20.5813 3
      vertex 64.5216 20.734 3
    endloop
  endfacet
  facet normal 0 0 1
    outer loop
      vertex 62.8 17.9 3
      vertex 64.5216 20.734 3
      vertex 64.3151 20.9151 3
    endloop
  endfacet
  facet normal 0 0 1
    outer loop
      vertex 62.8 17.9 3
      vertex 64.3151 20.9151 3
      vertex 64.134 21.1216 3
    endloop
  endfacet
  facet normal 0 0 1
    outer loop
      vertex 65.2565 20.3716 3
      vertex 62.8 17.9 3
      vertex 64.3 16.4 3
    endloop
  endfacet
  facet normal 0 0 1
    outer loop
      vertex 62.8 17.9 3
      vertex 64.134 21.1216 3
      vertex 63.9813 21.35 3
    endloop
  endfacet
  facet normal 0 0 1
    outer loop
      vertex 64.3 16.4 3
      vertex 62.8 17.9 3
      vertex 64.1042 16.4128 3
    endloop
  endfacet
  facet normal 0 0 1
    outer loop
      vertex 62.8 17.9 3
      vertex 63.9813 21.35 3
      vertex 63.8599 21.5964 3
    endloop
  endfacet
  facet normal 0 0 1
    outer loop
      vertex 62.8 17.9 3
      vertex 63.8599 21.5964 3
      vertex 63.7716 21.8565 3
    endloop
  endfacet
  facet normal 0 0 1
    outer loop
      vertex 64.1042 16.4128 3
      vertex 62.8 17.9 3
      vertex 63.9118 16.4511 3
    endloop
  endfacet
  facet normal 0 0 1
    outer loop
      vertex 62.8 17.9 3
      vertex 63.7716 21.8565 3
      vertex 63.718 22.1259 3
    endloop
  endfacet
  facet normal 0 0 1
    outer loop
      vertex 62.8 17.9 3
      vertex 63.718 22.1259 3
      vertex 63.7 22.4 3
    endloop
  endfacet
  facet normal 0 0 1
    outer loop
      vertex 63.718 22.6741 3
      vertex 62.8 26.9 3
      vertex 63.7 22.4 3
    endloop
  endfacet
  facet normal 0 0 1
    outer loop
      vertex 62.8 17.9 3
      vertex 63.7 22.4 3
      vertex 62.8 26.9 3
    endloop
  endfacet
  facet normal 0 0 1
    outer loop
      vertex 62.8 26.9 3
      vertex 63.55 28.199 3
      vertex 63.3869 28.09 3
    endloop
  endfacet
  facet normal 0 0 1
    outer loop
      vertex 63.9118 16.4511 3
      vertex 62.8 17.9 3
      vertex 63.726 16.5142 3
    endloop
  endfacet
  facet normal 0 0 1
    outer loop
      vertex 62.8 26.9 3
      vertex 63.3869 28.09 3
      vertex 63.2393 27.9607 3
    endloop
  endfacet
  facet normal 0 0 1
    outer loop
      vertex 63.726 16.5142 3
      vertex 62.8 17.9 3
      vertex 63.55 16.601 3
    endloop
  endfacet
  facet normal 0 0 1
    outer loop
      vertex 62.8 26.9 3
      vertex 63.2393 27.9607 3
      vertex 63.11 27.8131 3
    endloop
  endfacet
  facet normal 0 0 1
    outer loop
      vertex 63.55 16.601 3
      vertex 62.8 17.9 3
      vertex 63.3869 16.71 3
    endloop
  endfacet
  facet normal 0 0 1
    outer loop
      vertex 62.8 26.9 3
      vertex 63.11 27.8131 3
      vertex 63.001 27.65 3
    endloop
  endfacet
  facet normal 0 0 1
    outer loop
      vertex 63.3869 16.71 3
      vertex 62.8 17.9 3
      vertex 63.2393 16.8393 3
    endloop
  endfacet
  facet normal 0 0 1
    outer loop
      vertex 62.8 26.9 3
      vertex 63.001 27.65 3
      vertex 62.9142 27.474 3
    endloop
  endfacet
  facet normal 0 0 1
    outer loop
      vertex 63.2393 16.8393 3
      vertex 62.8 17.9 3
      vertex 63.11 16.9869 3
    endloop
  endfacet
  facet normal 0 0 1
    outer loop
      vertex 62.8 26.9 3
      vertex 62.9142 27.474 3
      vertex 62.8511 27.2882 3
    endloop
  endfacet
  facet normal 0 0 1
    outer loop
      vertex 63.11 16.9869 3
      vertex 62.8 17.9 3
      vertex 63.001 17.15 3
    endloop
  endfacet
  facet normal 0 0 1
    outer loop
      vertex 62.8 26.9 3
      vertex 62.8511 27.2882 3
      vertex 62.8128 27.0958 3
    endloop
  endfacet
  facet normal 0 0 1
    outer loop
      vertex 63.001 17.15 3
      vertex 62.8 17.9 3
      vertex 62.9142 17.326 3
    endloop
  endfacet
  facet normal 0 0 1
    outer loop
      vertex 62.9142 17.326 3
      vertex 62.8 17.9 3
      vertex 62.8511 17.5118 3
    endloop
  endfacet
  facet normal 0 0 1
    outer loop
      vertex 62.8511 17.5118 3
      vertex 62.8 17.9 3
      vertex 62.8128 17.7042 3
    endloop
  endfacet
  facet normal 0.555641 -0.831422 0
    outer loop
      vertex 72.05 16.601 0
      vertex 72.2131 16.71 3
      vertex 72.05 16.601 3
    endloop
  endfacet
  facet normal 0.555641 -0.831422 0
    outer loop
      vertex 72.2131 16.71 3
      vertex 72.05 16.601 0
      vertex 72.2131 16.71 0
    endloop
  endfacet
  facet normal 0.0652336 0.99787 -0
    outer loop
      vertex 71.4958 28.3872 0
      vertex 71.3 28.4 3
      vertex 71.4958 28.3872 3
    endloop
  endfacet
  facet normal 0.0652336 0.99787 0
    outer loop
      vertex 71.3 28.4 3
      vertex 71.4958 28.3872 0
      vertex 71.3 28.4 0
    endloop
  endfacet
  facet normal -0.442315 -0.89686 0
    outer loop
      vertex 63.55 16.601 0
      vertex 63.726 16.5142 3
      vertex 63.55 16.601 3
    endloop
  endfacet
  facet normal -0.442315 -0.89686 -0
    outer loop
      vertex 63.726 16.5142 3
      vertex 63.55 16.601 0
      vertex 63.726 16.5142 0
    endloop
  endfacet
  facet normal 0.442315 -0.89686 0
    outer loop
      vertex 71.874 16.5142 0
      vertex 72.05 16.601 3
      vertex 71.874 16.5142 3
    endloop
  endfacet
  facet normal 0.442315 -0.89686 0
    outer loop
      vertex 72.05 16.601 3
      vertex 71.874 16.5142 0
      vertex 72.05 16.601 0
    endloop
  endfacet
  facet normal 0 1 -0
    outer loop
      vertex 71.3 28.4 0
      vertex 64.3 28.4 3
      vertex 71.3 28.4 3
    endloop
  endfacet
  facet normal 0 1 0
    outer loop
      vertex 64.3 28.4 3
      vertex 71.3 28.4 0
      vertex 64.3 28.4 0
    endloop
  endfacet
  facet normal -0.752198 -0.658937 0
    outer loop
      vertex 63.2393 16.8393 0
      vertex 63.11 16.9869 3
      vertex 63.11 16.9869 0
    endloop
  endfacet
  facet normal -0.752198 -0.658937 0
    outer loop
      vertex 63.11 16.9869 3
      vertex 63.2393 16.8393 0
      vertex 63.2393 16.8393 3
    endloop
  endfacet
  facet normal -0.946885 -0.321574 0
    outer loop
      vertex 62.9142 17.326 0
      vertex 62.8511 17.5118 3
      vertex 62.8511 17.5118 0
    endloop
  endfacet
  facet normal -0.946885 -0.321574 0
    outer loop
      vertex 62.8511 17.5118 3
      vertex 62.9142 17.326 0
      vertex 62.9142 17.326 3
    endloop
  endfacet
  facet normal 0.752198 -0.658937 0
    outer loop
      vertex 72.3607 16.8393 3
      vertex 72.49 16.9869 0
      vertex 72.49 16.9869 3
    endloop
  endfacet
  facet normal 0.752198 -0.658937 0
    outer loop
      vertex 72.49 16.9869 0
      vertex 72.3607 16.8393 3
      vertex 72.3607 16.8393 0
    endloop
  endfacet
  facet normal -0.195234 0.980757 0
    outer loop
      vertex 64.1042 28.3872 0
      vertex 63.9118 28.3489 3
      vertex 64.1042 28.3872 3
    endloop
  endfacet
  facet normal -0.195234 0.980757 0
    outer loop
      vertex 63.9118 28.3489 3
      vertex 64.1042 28.3872 0
      vertex 63.9118 28.3489 0
    endloop
  endfacet
  facet normal 0.321574 -0.946885 0
    outer loop
      vertex 71.6882 16.4511 0
      vertex 71.874 16.5142 3
      vertex 71.6882 16.4511 3
    endloop
  endfacet
  facet normal 0.321574 -0.946885 0
    outer loop
      vertex 71.874 16.5142 3
      vertex 71.6882 16.4511 0
      vertex 71.874 16.5142 0
    endloop
  endfacet
  facet normal 0.658937 -0.752198 0
    outer loop
      vertex 72.2131 16.71 0
      vertex 72.3607 16.8393 3
      vertex 72.2131 16.71 3
    endloop
  endfacet
  facet normal 0.658937 -0.752198 0
    outer loop
      vertex 72.3607 16.8393 3
      vertex 72.2131 16.71 0
      vertex 72.3607 16.8393 0
    endloop
  endfacet
  facet normal -0.980757 -0.195234 0
    outer loop
      vertex 62.8511 17.5118 0
      vertex 62.8128 17.7042 3
      vertex 62.8128 17.7042 0
    endloop
  endfacet
  facet normal -0.980757 -0.195234 0
    outer loop
      vertex 62.8128 17.7042 3
      vertex 62.8511 17.5118 0
      vertex 62.8511 17.5118 3
    endloop
  endfacet
  facet normal -0.555641 0.831422 0
    outer loop
      vertex 63.55 28.199 0
      vertex 63.3869 28.09 3
      vertex 63.55 28.199 3
    endloop
  endfacet
  facet normal -0.555641 0.831422 0
    outer loop
      vertex 63.3869 28.09 3
      vertex 63.55 28.199 0
      vertex 63.3869 28.09 0
    endloop
  endfacet
  facet normal 0.89686 0.442315 0
    outer loop
      vertex 72.6858 27.474 3
      vertex 72.599 27.65 0
      vertex 72.599 27.65 3
    endloop
  endfacet
  facet normal 0.89686 0.442315 0
    outer loop
      vertex 72.599 27.65 0
      vertex 72.6858 27.474 3
      vertex 72.6858 27.474 0
    endloop
  endfacet
  facet normal 0.99787 -0.0652336 0
    outer loop
      vertex 72.7872 17.7042 3
      vertex 72.8 17.9 0
      vertex 72.8 17.9 3
    endloop
  endfacet
  facet normal 0.99787 -0.0652336 0
    outer loop
      vertex 72.8 17.9 0
      vertex 72.7872 17.7042 3
      vertex 72.7872 17.7042 0
    endloop
  endfacet
  facet normal 0.555641 0.831422 -0
    outer loop
      vertex 72.2131 28.09 0
      vertex 72.05 28.199 3
      vertex 72.2131 28.09 3
    endloop
  endfacet
  facet normal 0.555641 0.831422 0
    outer loop
      vertex 72.05 28.199 3
      vertex 72.2131 28.09 0
      vertex 72.05 28.199 0
    endloop
  endfacet
  facet normal 1 0 0
    outer loop
      vertex 62.8 43.3 24.6
      vertex 62.8 26.9 3
      vertex 62.8 43.3 0
    endloop
  endfacet
  facet normal 1 0 0
    outer loop
      vertex 62.8 43.3 24.6
      vertex 62.8 17.9 3
      vertex 62.8 26.9 3
    endloop
  endfacet
  facet normal 1 -0 0
    outer loop
      vertex 62.8 1.5 24.6
      vertex 62.8 17.9 3
      vertex 62.8 43.3 24.6
    endloop
  endfacet
  facet normal 1 0 0
    outer loop
      vertex 62.8 1.5 0
      vertex 62.8 17.9 3
      vertex 62.8 1.5 24.6
    endloop
  endfacet
  facet normal 1 0 0
    outer loop
      vertex 62.8 17.9 3
      vertex 62.8 1.5 0
      vertex 62.8 17.9 0
    endloop
  endfacet
  facet normal 1 0 0
    outer loop
      vertex 62.8 43.3 0
      vertex 62.8 26.9 3
      vertex 62.8 26.9 0
    endloop
  endfacet
  facet normal 1 -0 0
    outer loop
      vertex 72.8 17.9 3
      vertex 72.8 26.9 0
      vertex 72.8 26.9 3
    endloop
  endfacet
  facet normal 1 0 0
    outer loop
      vertex 72.8 26.9 0
      vertex 72.8 17.9 3
      vertex 72.8 17.9 0
    endloop
  endfacet
  facet normal -0.555641 -0.831422 0
    outer loop
      vertex 63.3869 16.71 0
      vertex 63.55 16.601 3
      vertex 63.3869 16.71 3
    endloop
  endfacet
  facet normal -0.555641 -0.831422 -0
    outer loop
      vertex 63.55 16.601 3
      vertex 63.3869 16.71 0
      vertex 63.55 16.601 0
    endloop
  endfacet
  facet normal -0.658937 -0.752198 0
    outer loop
      vertex 63.2393 16.8393 0
      vertex 63.3869 16.71 3
      vertex 63.2393 16.8393 3
    endloop
  endfacet
  facet normal -0.658937 -0.752198 -0
    outer loop
      vertex 63.3869 16.71 3
      vertex 63.2393 16.8393 0
      vertex 63.3869 16.71 0
    endloop
  endfacet
  facet normal -0.321574 0.946885 0
    outer loop
      vertex 63.9118 28.3489 0
      vertex 63.726 28.2858 3
      vertex 63.9118 28.3489 3
    endloop
  endfacet
  facet normal -0.321574 0.946885 0
    outer loop
      vertex 63.726 28.2858 3
      vertex 63.9118 28.3489 0
      vertex 63.726 28.2858 0
    endloop
  endfacet
  facet normal 0.89686 -0.442315 0
    outer loop
      vertex 72.599 17.15 3
      vertex 72.6858 17.326 0
      vertex 72.6858 17.326 3
    endloop
  endfacet
  facet normal 0.89686 -0.442315 0
    outer loop
      vertex 72.6858 17.326 0
      vertex 72.599 17.15 3
      vertex 72.599 17.15 0
    endloop
  endfacet
  facet normal -0.946885 0.321574 0
    outer loop
      vertex 62.8511 27.2882 0
      vertex 62.9142 27.474 3
      vertex 62.9142 27.474 0
    endloop
  endfacet
  facet normal -0.946885 0.321574 0
    outer loop
      vertex 62.9142 27.474 3
      vertex 62.8511 27.2882 0
      vertex 62.8511 27.2882 3
    endloop
  endfacet
  facet normal 0.980757 -0.195234 0
    outer loop
      vertex 72.7489 17.5118 3
      vertex 72.7872 17.7042 0
      vertex 72.7872 17.7042 3
    endloop
  endfacet
  facet normal 0.980757 -0.195234 0
    outer loop
      vertex 72.7872 17.7042 0
      vertex 72.7489 17.5118 3
      vertex 72.7489 17.5118 0
    endloop
  endfacet
  facet normal -0.99787 -0.0652336 0
    outer loop
      vertex 62.8128 17.7042 0
      vertex 62.8 17.9 3
      vertex 62.8 17.9 0
    endloop
  endfacet
  facet normal -0.99787 -0.0652336 0
    outer loop
      vertex 62.8 17.9 3
      vertex 62.8128 17.7042 0
      vertex 62.8128 17.7042 3
    endloop
  endfacet
  facet normal -0.195234 -0.980757 0
    outer loop
      vertex 63.9118 16.4511 0
      vertex 64.1042 16.4128 3
      vertex 63.9118 16.4511 3
    endloop
  endfacet
  facet normal -0.195234 -0.980757 -0
    outer loop
      vertex 64.1042 16.4128 3
      vertex 63.9118 16.4511 0
      vertex 64.1042 16.4128 0
    endloop
  endfacet
  facet normal -0.89686 0.442315 0
    outer loop
      vertex 62.9142 27.474 0
      vertex 63.001 27.65 3
      vertex 63.001 27.65 0
    endloop
  endfacet
  facet normal -0.89686 0.442315 0
    outer loop
      vertex 63.001 27.65 3
      vertex 62.9142 27.474 0
      vertex 62.9142 27.474 3
    endloop
  endfacet
  facet normal -0.658937 0.752198 0
    outer loop
      vertex 63.3869 28.09 0
      vertex 63.2393 27.9607 3
      vertex 63.3869 28.09 3
    endloop
  endfacet
  facet normal -0.658937 0.752198 0
    outer loop
      vertex 63.2393 27.9607 3
      vertex 63.3869 28.09 0
      vertex 63.2393 27.9607 0
    endloop
  endfacet
  facet normal 0.658937 0.752198 -0
    outer loop
      vertex 72.3607 27.9607 0
      vertex 72.2131 28.09 3
      vertex 72.3607 27.9607 3
    endloop
  endfacet
  facet normal 0.658937 0.752198 0
    outer loop
      vertex 72.2131 28.09 3
      vertex 72.3607 27.9607 0
      vertex 72.2131 28.09 0
    endloop
  endfacet
  facet normal 0.321574 0.946885 -0
    outer loop
      vertex 71.874 28.2858 0
      vertex 71.6882 28.3489 3
      vertex 71.874 28.2858 3
    endloop
  endfacet
  facet normal 0.321574 0.946885 0
    outer loop
      vertex 71.6882 28.3489 3
      vertex 71.874 28.2858 0
      vertex 71.6882 28.3489 0
    endloop
  endfacet
  facet normal -0.831422 0.555641 0
    outer loop
      vertex 63.001 27.65 0
      vertex 63.11 27.8131 3
      vertex 63.11 27.8131 0
    endloop
  endfacet
  facet normal -0.831422 0.555641 0
    outer loop
      vertex 63.11 27.8131 3
      vertex 63.001 27.65 0
      vertex 63.001 27.65 3
    endloop
  endfacet
  facet normal 0.195234 0.980757 -0
    outer loop
      vertex 71.6882 28.3489 0
      vertex 71.4958 28.3872 3
      vertex 71.6882 28.3489 3
    endloop
  endfacet
  facet normal 0.195234 0.980757 0
    outer loop
      vertex 71.4958 28.3872 3
      vertex 71.6882 28.3489 0
      vertex 71.4958 28.3872 0
    endloop
  endfacet
  facet normal -0.752198 0.658937 0
    outer loop
      vertex 63.11 27.8131 0
      vertex 63.2393 27.9607 3
      vertex 63.2393 27.9607 0
    endloop
  endfacet
  facet normal -0.752198 0.658937 0
    outer loop
      vertex 63.2393 27.9607 3
      vertex 63.11 27.8131 0
      vertex 63.11 27.8131 3
    endloop
  endfacet
  facet normal -0.99787 0.0652336 0
    outer loop
      vertex 62.8 26.9 0
      vertex 62.8128 27.0958 3
      vertex 62.8128 27.0958 0
    endloop
  endfacet
  facet normal -0.99787 0.0652336 0
    outer loop
      vertex 62.8128 27.0958 3
      vertex 62.8 26.9 0
      vertex 62.8 26.9 3
    endloop
  endfacet
  facet normal 0.752198 0.658937 0
    outer loop
      vertex 72.49 27.8131 3
      vertex 72.3607 27.9607 0
      vertex 72.3607 27.9607 3
    endloop
  endfacet
  facet normal 0.752198 0.658937 0
    outer loop
      vertex 72.3607 27.9607 0
      vertex 72.49 27.8131 3
      vertex 72.49 27.8131 0
    endloop
  endfacet
  facet normal 0.946885 -0.321574 0
    outer loop
      vertex 72.6858 17.326 3
      vertex 72.7489 17.5118 0
      vertex 72.7489 17.5118 3
    endloop
  endfacet
  facet normal 0.946885 -0.321574 0
    outer loop
      vertex 72.7489 17.5118 0
      vertex 72.6858 17.326 3
      vertex 72.6858 17.326 0
    endloop
  endfacet
  facet normal -0.442315 0.89686 0
    outer loop
      vertex 63.726 28.2858 0
      vertex 63.55 28.199 3
      vertex 63.726 28.2858 3
    endloop
  endfacet
  facet normal -0.442315 0.89686 0
    outer loop
      vertex 63.55 28.199 3
      vertex 63.726 28.2858 0
      vertex 63.55 28.199 0
    endloop
  endfacet
  facet normal 0.442315 0.89686 -0
    outer loop
      vertex 72.05 28.199 0
      vertex 71.874 28.2858 3
      vertex 72.05 28.199 3
    endloop
  endfacet
  facet normal 0.442315 0.89686 0
    outer loop
      vertex 71.874 28.2858 3
      vertex 72.05 28.199 0
      vertex 71.874 28.2858 0
    endloop
  endfacet
  facet normal -0.195195 0.980764 0
    outer loop
      vertex 1.30421 44.7872 0
      vertex 1.11177 44.7489 24.6
      vertex 1.30421 44.7872 24.6
    endloop
  endfacet
  facet normal -0.195195 0.980764 0
    outer loop
      vertex 1.11177 44.7489 24.6
      vertex 1.30421 44.7872 0
      vertex 1.11177 44.7489 0
    endloop
  endfacet
  facet normal 0.659139 -0.752021 0
    outer loop
      vertex 62.2131 0.30997 0
      vertex 62.3607 0.43934 24.6
      vertex 62.2131 0.30997 24.6
    endloop
  endfacet
  facet normal 0.659139 -0.752021 0
    outer loop
      vertex 62.3607 0.43934 24.6
      vertex 62.2131 0.30997 0
      vertex 62.3607 0.43934 0
    endloop
  endfacet
  facet normal -0.997859 -0.0654023 0
    outer loop
      vertex 0.0128326 1.30421 0
      vertex 0 1.5 24.6
      vertex 0 1.5 0
    endloop
  endfacet
  facet normal -0.997859 -0.0654023 0
    outer loop
      vertex 0 1.5 24.6
      vertex 0.0128326 1.30421 0
      vertex 0.0128326 1.30421 24.6
    endloop
  endfacet
  facet normal -0.659346 -0.751839 0
    outer loop
      vertex 0.43934 0.43934 0
      vertex 0.586858 0.30997 24.6
      vertex 0.43934 0.43934 24.6
    endloop
  endfacet
  facet normal -0.659346 -0.751839 -0
    outer loop
      vertex 0.586858 0.30997 24.6
      vertex 0.43934 0.43934 0
      vertex 0.586858 0.30997 0
    endloop
  endfacet
  facet normal 0 1 -0
    outer loop
      vertex 23.6 44.8 8.6
      vertex 12.7 44.8 16.6
      vertex 23.6 44.8 16.6
    endloop
  endfacet
  facet normal 0 1 0
    outer loop
      vertex 12.7 44.8 16.6
      vertex 23.6 44.8 8.6
      vertex 12.7 44.8 8.6
    endloop
  endfacet
  facet normal 0 1 0
    outer loop
      vertex 61.3 44.8 24.6
      vertex 32.7 44.8 16.6
      vertex 1.5 44.8 24.6
    endloop
  endfacet
  facet normal 0 1 0
    outer loop
      vertex 61.3 44.8 24.6
      vertex 32.7 44.8 8.6
      vertex 32.7 44.8 16.6
    endloop
  endfacet
  facet normal 0 1 0
    outer loop
      vertex 1.5 44.8 0
      vertex 23.6 44.8 8.6
      vertex 32.7 44.8 8.6
    endloop
  endfacet
  facet normal 0 1 0
    outer loop
      vertex 23.6 44.8 8.6
      vertex 1.5 44.8 0
      vertex 12.7 44.8 8.6
    endloop
  endfacet
  facet normal 0 1 0
    outer loop
      vertex 1.5 44.8 0
      vertex 32.7 44.8 8.6
      vertex 61.3 44.8 0
    endloop
  endfacet
  facet normal 0 1 -0
    outer loop
      vertex 61.3 44.8 0
      vertex 32.7 44.8 8.6
      vertex 61.3 44.8 24.6
    endloop
  endfacet
  facet normal 0 1 -0
    outer loop
      vertex 23.6 44.8 16.6
      vertex 1.5 44.8 24.6
      vertex 32.7 44.8 16.6
    endloop
  endfacet
  facet normal 0 1 -0
    outer loop
      vertex 12.7 44.8 16.6
      vertex 1.5 44.8 24.6
      vertex 23.6 44.8 16.6
    endloop
  endfacet
  facet normal 0 1 -0
    outer loop
      vertex 3.6 44.8 16.6
      vertex 1.5 44.8 24.6
      vertex 12.7 44.8 16.6
    endloop
  endfacet
  facet normal 0 1 -0
    outer loop
      vertex 3.6 44.8 8.6
      vertex 1.5 44.8 24.6
      vertex 3.6 44.8 16.6
    endloop
  endfacet
  facet normal 0 1 0
    outer loop
      vertex 3.6 44.8 8.6
      vertex 1.5 44.8 0
      vertex 1.5 44.8 24.6
    endloop
  endfacet
  facet normal 0 1 0
    outer loop
      vertex 12.7 44.8 8.6
      vertex 1.5 44.8 0
      vertex 3.6 44.8 8.6
    endloop
  endfacet
  facet normal -0.659145 0.752016 0
    outer loop
      vertex 0.586858 44.49 0
      vertex 0.43934 44.3607 24.6
      vertex 0.586858 44.49 24.6
    endloop
  endfacet
  facet normal -0.659145 0.752016 0
    outer loop
      vertex 0.43934 44.3607 24.6
      vertex 0.586858 44.49 0
      vertex 0.43934 44.3607 0
    endloop
  endfacet
  facet normal -1 0 0
    outer loop
      vertex 0 16.4 0
      vertex 0 1.5 0
      vertex 0 16.4 3
    endloop
  endfacet
  facet normal -1 0 0
    outer loop
      vertex 0 28.4 3
      vertex 0 43.3 0
      vertex 0 28.4 0
    endloop
  endfacet
  facet normal -1 0 0
    outer loop
      vertex 0 43.3 0
      vertex 0 28.4 3
      vertex 0 43.3 24.6
    endloop
  endfacet
  facet normal -1 0 0
    outer loop
      vertex 0 16.4 3
      vertex 0 43.3 24.6
      vertex 0 28.4 3
    endloop
  endfacet
  facet normal -1 0 0
    outer loop
      vertex 0 1.5 24.6
      vertex 0 16.4 3
      vertex 0 1.5 0
    endloop
  endfacet
  facet normal -1 0 0
    outer loop
      vertex 0 16.4 3
      vertex 0 1.5 24.6
      vertex 0 43.3 24.6
    endloop
  endfacet
  facet normal 0.658937 0.752198 -0
    outer loop
      vertex 62.3607 44.3607 0
      vertex 62.2131 44.49 24.6
      vertex 62.3607 44.3607 24.6
    endloop
  endfacet
  facet normal 0.658937 0.752198 0
    outer loop
      vertex 62.2131 44.49 24.6
      vertex 62.3607 44.3607 0
      vertex 62.2131 44.49 0
    endloop
  endfacet
  facet normal -0.442365 0.896835 0
    outer loop
      vertex 0.925975 44.6858 0
      vertex 0.75 44.599 24.6
      vertex 0.925975 44.6858 24.6
    endloop
  endfacet
  facet normal -0.442365 0.896835 0
    outer loop
      vertex 0.75 44.599 24.6
      vertex 0.925975 44.6858 0
      vertex 0.75 44.599 0
    endloop
  endfacet
  facet normal 0.752016 -0.659145 0
    outer loop
      vertex 62.3607 0.43934 24.6
      vertex 62.49 0.586858 0
      vertex 62.49 0.586858 24.6
    endloop
  endfacet
  facet normal 0.752016 -0.659145 0
    outer loop
      vertex 62.49 0.586858 0
      vertex 62.3607 0.43934 24.6
      vertex 62.3607 0.43934 0
    endloop
  endfacet
  facet normal 0.946882 -0.321582 0
    outer loop
      vertex 62.6858 0.925975 24.6
      vertex 62.7489 1.11177 0
      vertex 62.7489 1.11177 24.6
    endloop
  endfacet
  facet normal 0.946882 -0.321582 0
    outer loop
      vertex 62.7489 1.11177 0
      vertex 62.6858 0.925975 24.6
      vertex 62.6858 0.925975 0
    endloop
  endfacet
  facet normal 0 -1 0
    outer loop
      vertex 1.5 0 24.6
      vertex 8 0 17.1
      vertex 8 0 24.6
    endloop
  endfacet
  facet normal 0 -1 0
    outer loop
      vertex 1.5 0 0
      vertex 20 0 17.1
      vertex 8 0 17.1
    endloop
  endfacet
  facet normal 0 -1 0
    outer loop
      vertex 20 0 17.1
      vertex 28.1912 0 15.1863
      vertex 28.4 0 15.2
    endloop
  endfacet
  facet normal 0 -1 0
    outer loop
      vertex 20 0 17.1
      vertex 27.9859 0 15.1455
      vertex 28.1912 0 15.1863
    endloop
  endfacet
  facet normal 0 -1 0
    outer loop
      vertex 20 0 17.1
      vertex 27.7877 0 15.0782
      vertex 27.9859 0 15.1455
    endloop
  endfacet
  facet normal 0 -1 0
    outer loop
      vertex 20 0 17.1
      vertex 27.6 0 14.9856
      vertex 27.7877 0 15.0782
    endloop
  endfacet
  facet normal 0 -1 0
    outer loop
      vertex 20 0 17.1
      vertex 27.426 0 14.8694
      vertex 27.6 0 14.9856
    endloop
  endfacet
  facet normal 0 -1 0
    outer loop
      vertex 20 0 17.1
      vertex 27.2686 0 14.7314
      vertex 27.426 0 14.8694
    endloop
  endfacet
  facet normal 0 -1 0
    outer loop
      vertex 20 0 17.1
      vertex 27.1306 0 14.574
      vertex 27.2686 0 14.7314
    endloop
  endfacet
  facet normal 0 -1 0
    outer loop
      vertex 20 0 17.1
      vertex 27.0144 0 14.4
      vertex 27.1306 0 14.574
    endloop
  endfacet
  facet normal 0 -1 0
    outer loop
      vertex 20 0 17.1
      vertex 26.9218 0 14.2123
      vertex 27.0144 0 14.4
    endloop
  endfacet
  facet normal 0 -1 0
    outer loop
      vertex 20 0 17.1
      vertex 26.8545 0 14.0141
      vertex 26.9218 0 14.2123
    endloop
  endfacet
  facet normal 0 -1 0
    outer loop
      vertex 20 0 17.1
      vertex 26.8137 0 13.8088
      vertex 26.8545 0 14.0141
    endloop
  endfacet
  facet normal 0 -1 0
    outer loop
      vertex 20 0 17.1
      vertex 26.8 0 13.6
      vertex 26.8137 0 13.8088
    endloop
  endfacet
  facet normal 0 -1 0
    outer loop
      vertex 20 0 17.1
      vertex 26.8137 0 13.3912
      vertex 26.8 0 13.6
    endloop
  endfacet
  facet normal 0 -1 0
    outer loop
      vertex 20 0 17.1
      vertex 26.8545 0 13.1859
      vertex 26.8137 0 13.3912
    endloop
  endfacet
  facet normal 0 -1 0
    outer loop
      vertex 20 0 17.1
      vertex 26.9218 0 12.9877
      vertex 26.8545 0 13.1859
    endloop
  endfacet
  facet normal 0 -1 0
    outer loop
      vertex 20 0 17.1
      vertex 27.0144 0 12.8
      vertex 26.9218 0 12.9877
    endloop
  endfacet
  facet normal 0 -1 0
    outer loop
      vertex 20 0 17.1
      vertex 27.1306 0 12.626
      vertex 27.0144 0 12.8
    endloop
  endfacet
  facet normal 0 -1 -0
    outer loop
      vertex 20 0 17.1
      vertex 1.5 0 0
      vertex 27.1306 0 12.626
    endloop
  endfacet
  facet normal 0 -1 -0
    outer loop
      vertex 27.1306 0 12.626
      vertex 1.5 0 0
      vertex 27.2686 0 12.4686
    endloop
  endfacet
  facet normal 0 -1 -0
    outer loop
      vertex 27.2686 0 12.4686
      vertex 1.5 0 0
      vertex 27.426 0 12.3306
    endloop
  endfacet
  facet normal 0 -1 -0
    outer loop
      vertex 27.426 0 12.3306
      vertex 1.5 0 0
      vertex 27.6 0 12.2144
    endloop
  endfacet
  facet normal 0 -1 -0
    outer loop
      vertex 27.6 0 12.2144
      vertex 1.5 0 0
      vertex 27.7877 0 12.1218
    endloop
  endfacet
  facet normal 0 -1 -0
    outer loop
      vertex 28.1912 0 12.0137
      vertex 1.5 0 0
      vertex 28.4 0 12
    endloop
  endfacet
  facet normal 0 -1 -0
    outer loop
      vertex 27.9859 0 12.0545
      vertex 1.5 0 0
      vertex 28.1912 0 12.0137
    endloop
  endfacet
  facet normal 0 -1 -0
    outer loop
      vertex 27.7877 0 12.1218
      vertex 1.5 0 0
      vertex 27.9859 0 12.0545
    endloop
  endfacet
  facet normal 0 -1 0
    outer loop
      vertex 1.5 0 0
      vertex 8 0 17.1
      vertex 1.5 0 24.6
    endloop
  endfacet
  facet normal 0 -1 0
    outer loop
      vertex 28.4 0 15.2
      vertex 20 0 24.6
      vertex 20 0 17.1
    endloop
  endfacet
  facet normal 0 -1 0
    outer loop
      vertex 20 0 24.6
      vertex 28.4 0 15.2
      vertex 28.6088 0 15.1863
    endloop
  endfacet
  facet normal 0 -1 0
    outer loop
      vertex 28.8141 0 15.1455
      vertex 20 0 24.6
      vertex 28.6088 0 15.1863
    endloop
  endfacet
  facet normal 0 -1 0
    outer loop
      vertex 29.0123 0 15.0782
      vertex 20 0 24.6
      vertex 28.8141 0 15.1455
    endloop
  endfacet
  facet normal 0 -1 0
    outer loop
      vertex 29.2 0 14.9856
      vertex 20 0 24.6
      vertex 29.0123 0 15.0782
    endloop
  endfacet
  facet normal 0 -1 0
    outer loop
      vertex 20 0 24.6
      vertex 29.2 0 14.9856
      vertex 61.3 0 24.6
    endloop
  endfacet
  facet normal 0 -1 0
    outer loop
      vertex 29.374 0 14.8694
      vertex 61.3 0 24.6
      vertex 29.2 0 14.9856
    endloop
  endfacet
  facet normal 0 -1 0
    outer loop
      vertex 29.5314 0 14.7314
      vertex 61.3 0 24.6
      vertex 29.374 0 14.8694
    endloop
  endfacet
  facet normal 0 -1 0
    outer loop
      vertex 29.6694 0 14.574
      vertex 61.3 0 24.6
      vertex 29.5314 0 14.7314
    endloop
  endfacet
  facet normal 0 -1 0
    outer loop
      vertex 29.7856 0 14.4
      vertex 61.3 0 24.6
      vertex 29.6694 0 14.574
    endloop
  endfacet
  facet normal 0 -1 0
    outer loop
      vertex 29.8782 0 14.2123
      vertex 61.3 0 24.6
      vertex 29.7856 0 14.4
    endloop
  endfacet
  facet normal 0 -1 0
    outer loop
      vertex 29.9455 0 14.0141
      vertex 61.3 0 24.6
      vertex 29.8782 0 14.2123
    endloop
  endfacet
  facet normal 0 -1 0
    outer loop
      vertex 29.9863 0 13.8088
      vertex 61.3 0 24.6
      vertex 29.9455 0 14.0141
    endloop
  endfacet
  facet normal 0 -1 0
    outer loop
      vertex 30 0 13.6
      vertex 61.3 0 24.6
      vertex 29.9863 0 13.8088
    endloop
  endfacet
  facet normal 0 -1 0
    outer loop
      vertex 29.9863 0 13.3912
      vertex 61.3 0 24.6
      vertex 30 0 13.6
    endloop
  endfacet
  facet normal 0 -1 0
    outer loop
      vertex 61.3 0 0
      vertex 29.9863 0 13.3912
      vertex 29.9455 0 13.1859
    endloop
  endfacet
  facet normal 0 -1 0
    outer loop
      vertex 61.3 0 0
      vertex 29.9455 0 13.1859
      vertex 29.8782 0 12.9877
    endloop
  endfacet
  facet normal 0 -1 0
    outer loop
      vertex 61.3 0 0
      vertex 29.8782 0 12.9877
      vertex 29.7856 0 12.8
    endloop
  endfacet
  facet normal 0 -1 0
    outer loop
      vertex 61.3 0 0
      vertex 29.7856 0 12.8
      vertex 29.6694 0 12.626
    endloop
  endfacet
  facet normal 0 -1 0
    outer loop
      vertex 61.3 0 0
      vertex 29.6694 0 12.626
      vertex 29.5314 0 12.4686
    endloop
  endfacet
  facet normal 0 -1 0
    outer loop
      vertex 61.3 0 0
      vertex 29.5314 0 12.4686
      vertex 29.374 0 12.3306
    endloop
  endfacet
  facet normal 0 -1 0
    outer loop
      vertex 61.3 0 0
      vertex 29.374 0 12.3306
      vertex 29.2 0 12.2144
    endloop
  endfacet
  facet normal 0 -1 0
    outer loop
      vertex 61.3 0 0
      vertex 29.2 0 12.2144
      vertex 29.0123 0 12.1218
    endloop
  endfacet
  facet normal 0 -1 0
    outer loop
      vertex 1.5 0 0
      vertex 28.6088 0 12.0137
      vertex 28.4 0 12
    endloop
  endfacet
  facet normal 0 -1 0
    outer loop
      vertex 61.3 0 0
      vertex 28.6088 0 12.0137
      vertex 1.5 0 0
    endloop
  endfacet
  facet normal 0 -1 0
    outer loop
      vertex 28.6088 0 12.0137
      vertex 61.3 0 0
      vertex 28.8141 0 12.0545
    endloop
  endfacet
  facet normal 0 -1 0
    outer loop
      vertex 28.8141 0 12.0545
      vertex 61.3 0 0
      vertex 29.0123 0 12.1218
    endloop
  endfacet
  facet normal 0 -1 0
    outer loop
      vertex 29.9863 0 13.3912
      vertex 61.3 0 0
      vertex 61.3 0 24.6
    endloop
  endfacet
  facet normal -0.442283 -0.896875 0
    outer loop
      vertex 0.75 0.200961 0
      vertex 0.925975 0.114181 24.6
      vertex 0.75 0.200961 24.6
    endloop
  endfacet
  facet normal -0.442283 -0.896875 -0
    outer loop
      vertex 0.925975 0.114181 24.6
      vertex 0.75 0.200961 0
      vertex 0.925975 0.114181 0
    endloop
  endfacet
  facet normal 0.831488 -0.555542 0
    outer loop
      vertex 62.49 0.586858 24.6
      vertex 62.599 0.75 0
      vertex 62.599 0.75 24.6
    endloop
  endfacet
  facet normal 0.831488 -0.555542 0
    outer loop
      vertex 62.599 0.75 0
      vertex 62.49 0.586858 24.6
      vertex 62.49 0.586858 0
    endloop
  endfacet
  facet normal -0.555574 -0.831467 0
    outer loop
      vertex 0.586858 0.30997 0
      vertex 0.75 0.200961 24.6
      vertex 0.586858 0.30997 24.6
    endloop
  endfacet
  facet normal -0.555574 -0.831467 -0
    outer loop
      vertex 0.75 0.200961 24.6
      vertex 0.586858 0.30997 0
      vertex 0.75 0.200961 0
    endloop
  endfacet
  facet normal -0.946931 0.321436 0
    outer loop
      vertex 0.0511112 43.6882 0
      vertex 0.114181 43.874 24.6
      vertex 0.114181 43.874 0
    endloop
  endfacet
  facet normal -0.946931 0.321436 0
    outer loop
      vertex 0.114181 43.874 24.6
      vertex 0.0511112 43.6882 0
      vertex 0.0511112 43.6882 24.6
    endloop
  endfacet
  facet normal 0.946885 0.321574 0
    outer loop
      vertex 62.7489 43.6882 24.6
      vertex 62.6858 43.874 0
      vertex 62.6858 43.874 24.6
    endloop
  endfacet
  facet normal 0.946885 0.321574 0
    outer loop
      vertex 62.6858 43.874 0
      vertex 62.7489 43.6882 24.6
      vertex 62.7489 43.6882 0
    endloop
  endfacet
  facet normal 0.99787 0.0652336 0
    outer loop
      vertex 62.8 43.3 24.6
      vertex 62.7872 43.4958 0
      vertex 62.7872 43.4958 24.6
    endloop
  endfacet
  facet normal 0.99787 0.0652336 0
    outer loop
      vertex 62.7872 43.4958 0
      vertex 62.8 43.3 24.6
      vertex 62.8 43.3 0
    endloop
  endfacet
  facet normal -0.997859 0.065399 0
    outer loop
      vertex 0 43.3 0
      vertex 0.0128326 43.4958 24.6
      vertex 0.0128326 43.4958 0
    endloop
  endfacet
  facet normal -0.997859 0.065399 0
    outer loop
      vertex 0.0128326 43.4958 24.6
      vertex 0 43.3 0
      vertex 0 43.3 24.6
    endloop
  endfacet
  facet normal 0.896835 -0.442365 0
    outer loop
      vertex 62.599 0.75 24.6
      vertex 62.6858 0.925975 0
      vertex 62.6858 0.925975 24.6
    endloop
  endfacet
  facet normal 0.896835 -0.442365 0
    outer loop
      vertex 62.6858 0.925975 0
      vertex 62.599 0.75 24.6
      vertex 62.599 0.75 0
    endloop
  endfacet
  facet normal 0.321574 0.946885 -0
    outer loop
      vertex 61.874 44.6858 0
      vertex 61.6882 44.7489 24.6
      vertex 61.874 44.6858 24.6
    endloop
  endfacet
  facet normal 0.321574 0.946885 0
    outer loop
      vertex 61.6882 44.7489 24.6
      vertex 61.874 44.6858 0
      vertex 61.6882 44.7489 0
    endloop
  endfacet
  facet normal -0.831467 -0.555574 0
    outer loop
      vertex 0.30997 0.586858 0
      vertex 0.200961 0.75 24.6
      vertex 0.200961 0.75 0
    endloop
  endfacet
  facet normal -0.831467 -0.555574 0
    outer loop
      vertex 0.200961 0.75 24.6
      vertex 0.30997 0.586858 0
      vertex 0.30997 0.586858 24.6
    endloop
  endfacet
  facet normal -0.0654023 -0.997859 0
    outer loop
      vertex 1.30421 0.0128326 0
      vertex 1.5 0 24.6
      vertex 1.30421 0.0128326 24.6
    endloop
  endfacet
  facet normal -0.0654023 -0.997859 -0
    outer loop
      vertex 1.5 0 24.6
      vertex 1.30421 0.0128326 0
      vertex 1.5 0 0
    endloop
  endfacet
  facet normal -0.0652369 0.99787 0
    outer loop
      vertex 1.5 44.8 0
      vertex 1.30421 44.7872 24.6
      vertex 1.5 44.8 24.6
    endloop
  endfacet
  facet normal -0.0652369 0.99787 0
    outer loop
      vertex 1.30421 44.7872 24.6
      vertex 1.5 44.8 0
      vertex 1.30421 44.7872 0
    endloop
  endfacet
  facet normal 0.99787 -0.0652369 0
    outer loop
      vertex 62.7872 1.30421 24.6
      vertex 62.8 1.5 0
      vertex 62.8 1.5 24.6
    endloop
  endfacet
  facet normal 0.99787 -0.0652369 0
    outer loop
      vertex 62.8 1.5 0
      vertex 62.7872 1.30421 24.6
      vertex 62.7872 1.30421 0
    endloop
  endfacet
  facet normal -0.555542 0.831488 0
    outer loop
      vertex 0.75 44.599 0
      vertex 0.586858 44.49 24.6
      vertex 0.75 44.599 24.6
    endloop
  endfacet
  facet normal -0.555542 0.831488 0
    outer loop
      vertex 0.586858 44.49 24.6
      vertex 0.75 44.599 0
      vertex 0.586858 44.49 0
    endloop
  endfacet
  facet normal -0.980778 0.195129 0
    outer loop
      vertex 0.0128326 43.4958 0
      vertex 0.0511112 43.6882 24.6
      vertex 0.0511112 43.6882 0
    endloop
  endfacet
  facet normal -0.980778 0.195129 0
    outer loop
      vertex 0.0511112 43.6882 24.6
      vertex 0.0128326 43.4958 0
      vertex 0.0128326 43.4958 24.6
    endloop
  endfacet
  facet normal -0.321444 -0.946929 0
    outer loop
      vertex 0.925975 0.114181 0
      vertex 1.11177 0.0511112 24.6
      vertex 0.925975 0.114181 24.6
    endloop
  endfacet
  facet normal -0.321444 -0.946929 -0
    outer loop
      vertex 1.11177 0.0511112 24.6
      vertex 0.925975 0.114181 0
      vertex 1.11177 0.0511112 0
    endloop
  endfacet
  facet normal -0.980785 -0.19509 0
    outer loop
      vertex 0.0511112 1.11177 0
      vertex 0.0128326 1.30421 24.6
      vertex 0.0128326 1.30421 0
    endloop
  endfacet
  facet normal -0.980785 -0.19509 0
    outer loop
      vertex 0.0128326 1.30421 24.6
      vertex 0.0511112 1.11177 0
      vertex 0.0511112 1.11177 24.6
    endloop
  endfacet
  facet normal -0.752021 0.659139 0
    outer loop
      vertex 0.30997 44.2131 0
      vertex 0.43934 44.3607 24.6
      vertex 0.43934 44.3607 0
    endloop
  endfacet
  facet normal -0.752021 0.659139 0
    outer loop
      vertex 0.43934 44.3607 24.6
      vertex 0.30997 44.2131 0
      vertex 0.30997 44.2131 24.6
    endloop
  endfacet
  facet normal 0.321436 -0.946931 0
    outer loop
      vertex 61.6882 0.0511112 0
      vertex 61.874 0.114181 24.6
      vertex 61.6882 0.0511112 24.6
    endloop
  endfacet
  facet normal 0.321436 -0.946931 0
    outer loop
      vertex 61.874 0.114181 24.6
      vertex 61.6882 0.0511112 0
      vertex 61.874 0.114181 0
    endloop
  endfacet
  facet normal -0.831401 0.555673 0
    outer loop
      vertex 0.200961 44.05 0
      vertex 0.30997 44.2131 24.6
      vertex 0.30997 44.2131 0
    endloop
  endfacet
  facet normal -0.831401 0.555673 0
    outer loop
      vertex 0.30997 44.2131 24.6
      vertex 0.200961 44.05 0
      vertex 0.200961 44.05 24.6
    endloop
  endfacet
  facet normal -0.8969 0.442233 0
    outer loop
      vertex 0.114181 43.874 0
      vertex 0.200961 44.05 24.6
      vertex 0.200961 44.05 0
    endloop
  endfacet
  facet normal -0.8969 0.442233 0
    outer loop
      vertex 0.200961 44.05 24.6
      vertex 0.114181 43.874 0
      vertex 0.114181 43.874 24.6
    endloop
  endfacet
  facet normal 0.195129 -0.980778 0
    outer loop
      vertex 61.4958 0.0128326 0
      vertex 61.6882 0.0511112 24.6
      vertex 61.4958 0.0128326 24.6
    endloop
  endfacet
  facet normal 0.195129 -0.980778 0
    outer loop
      vertex 61.6882 0.0511112 24.6
      vertex 61.4958 0.0128326 0
      vertex 61.6882 0.0511112 0
    endloop
  endfacet
  facet normal 0.442233 -0.8969 0
    outer loop
      vertex 61.874 0.114181 0
      vertex 62.05 0.200961 24.6
      vertex 61.874 0.114181 24.6
    endloop
  endfacet
  facet normal 0.442233 -0.8969 0
    outer loop
      vertex 62.05 0.200961 24.6
      vertex 61.874 0.114181 0
      vertex 62.05 0.200961 0
    endloop
  endfacet
  facet normal 0.980757 0.195234 0
    outer loop
      vertex 62.7872 43.4958 24.6
      vertex 62.7489 43.6882 0
      vertex 62.7489 43.6882 24.6
    endloop
  endfacet
  facet normal 0.980757 0.195234 0
    outer loop
      vertex 62.7489 43.6882 0
      vertex 62.7872 43.4958 24.6
      vertex 62.7872 43.4958 0
    endloop
  endfacet
  facet normal -0.946929 -0.321444 0
    outer loop
      vertex 0.114181 0.925975 0
      vertex 0.0511112 1.11177 24.6
      vertex 0.0511112 1.11177 0
    endloop
  endfacet
  facet normal -0.946929 -0.321444 0
    outer loop
      vertex 0.0511112 1.11177 24.6
      vertex 0.114181 0.925975 0
      vertex 0.114181 0.925975 24.6
    endloop
  endfacet
  facet normal 0.831422 0.555641 0
    outer loop
      vertex 62.599 44.05 24.6
      vertex 62.49 44.2131 0
      vertex 62.49 44.2131 24.6
    endloop
  endfacet
  facet normal 0.831422 0.555641 0
    outer loop
      vertex 62.49 44.2131 0
      vertex 62.599 44.05 24.6
      vertex 62.599 44.05 0
    endloop
  endfacet
  facet normal 0.442315 0.89686 -0
    outer loop
      vertex 62.05 44.599 0
      vertex 61.874 44.6858 24.6
      vertex 62.05 44.599 24.6
    endloop
  endfacet
  facet normal 0.442315 0.89686 0
    outer loop
      vertex 61.874 44.6858 24.6
      vertex 62.05 44.599 0
      vertex 61.874 44.6858 0
    endloop
  endfacet
  facet normal 0.752198 0.658937 0
    outer loop
      vertex 62.49 44.2131 24.6
      vertex 62.3607 44.3607 0
      vertex 62.3607 44.3607 24.6
    endloop
  endfacet
  facet normal 0.752198 0.658937 0
    outer loop
      vertex 62.3607 44.3607 0
      vertex 62.49 44.2131 24.6
      vertex 62.49 44.2131 0
    endloop
  endfacet
  facet normal 0.555673 -0.831401 0
    outer loop
      vertex 62.05 0.200961 0
      vertex 62.2131 0.30997 24.6
      vertex 62.05 0.200961 24.6
    endloop
  endfacet
  facet normal 0.555673 -0.831401 0
    outer loop
      vertex 62.2131 0.30997 24.6
      vertex 62.05 0.200961 0
      vertex 62.2131 0.30997 0
    endloop
  endfacet
  facet normal 0.555641 0.831422 -0
    outer loop
      vertex 62.2131 44.49 0
      vertex 62.05 44.599 24.6
      vertex 62.2131 44.49 24.6
    endloop
  endfacet
  facet normal 0.555641 0.831422 0
    outer loop
      vertex 62.05 44.599 24.6
      vertex 62.2131 44.49 0
      vertex 62.05 44.599 0
    endloop
  endfacet
  facet normal 0.980764 -0.195195 0
    outer loop
      vertex 62.7489 1.11177 24.6
      vertex 62.7872 1.30421 0
      vertex 62.7872 1.30421 24.6
    endloop
  endfacet
  facet normal 0.980764 -0.195195 0
    outer loop
      vertex 62.7872 1.30421 0
      vertex 62.7489 1.11177 24.6
      vertex 62.7489 1.11177 0
    endloop
  endfacet
  facet normal 0.065399 -0.997859 0
    outer loop
      vertex 61.3 0 0
      vertex 61.4958 0.0128326 24.6
      vertex 61.3 0 24.6
    endloop
  endfacet
  facet normal 0.065399 -0.997859 0
    outer loop
      vertex 61.4958 0.0128326 24.6
      vertex 61.3 0 0
      vertex 61.4958 0.0128326 0
    endloop
  endfacet
  facet normal -0.751839 -0.659346 0
    outer loop
      vertex 0.43934 0.43934 0
      vertex 0.30997 0.586858 24.6
      vertex 0.30997 0.586858 0
    endloop
  endfacet
  facet normal -0.751839 -0.659346 0
    outer loop
      vertex 0.30997 0.586858 24.6
      vertex 0.43934 0.43934 0
      vertex 0.43934 0.43934 24.6
    endloop
  endfacet
  facet normal -0.321582 0.946882 0
    outer loop
      vertex 1.11177 44.7489 0
      vertex 0.925975 44.6858 24.6
      vertex 1.11177 44.7489 24.6
    endloop
  endfacet
  facet normal -0.321582 0.946882 0
    outer loop
      vertex 0.925975 44.6858 24.6
      vertex 1.11177 44.7489 0
      vertex 0.925975 44.6858 0
    endloop
  endfacet
  facet normal 0.89686 0.442315 0
    outer loop
      vertex 62.6858 43.874 24.6
      vertex 62.599 44.05 0
      vertex 62.599 44.05 24.6
    endloop
  endfacet
  facet normal 0.89686 0.442315 0
    outer loop
      vertex 62.599 44.05 0
      vertex 62.6858 43.874 24.6
      vertex 62.6858 43.874 0
    endloop
  endfacet
  facet normal 0 0 1
    outer loop
      vertex 60.3607 42.3607 24.6
      vertex 62.8 43.3 24.6
      vertex 62.7872 43.4958 24.6
    endloop
  endfacet
  facet normal 0 0 1
    outer loop
      vertex 62.8 43.3 24.6
      vertex 60.8 41.3 24.6
      vertex 62.8 1.5 24.6
    endloop
  endfacet
  facet normal 0 0 1
    outer loop
      vertex 60.3607 42.3607 24.6
      vertex 62.7872 43.4958 24.6
      vertex 62.7489 43.6882 24.6
    endloop
  endfacet
  facet normal -0 0 1
    outer loop
      vertex 60.8 3.5 24.6
      vertex 62.8 1.5 24.6
      vertex 60.8 41.3 24.6
    endloop
  endfacet
  facet normal 0 0 1
    outer loop
      vertex 60.3607 42.3607 24.6
      vertex 62.7489 43.6882 24.6
      vertex 62.6858 43.874 24.6
    endloop
  endfacet
  facet normal -0 0 1
    outer loop
      vertex 60.7872 3.30421 24.6
      vertex 62.8 1.5 24.6
      vertex 60.8 3.5 24.6
    endloop
  endfacet
  facet normal 0 0 1
    outer loop
      vertex 60.3607 42.3607 24.6
      vertex 62.6858 43.874 24.6
      vertex 62.599 44.05 24.6
    endloop
  endfacet
  facet normal -0 0 1
    outer loop
      vertex 60.7489 3.11177 24.6
      vertex 62.8 1.5 24.6
      vertex 60.7872 3.30421 24.6
    endloop
  endfacet
  facet normal 0 0 1
    outer loop
      vertex 60.3607 42.3607 24.6
      vertex 62.599 44.05 24.6
      vertex 62.49 44.2131 24.6
    endloop
  endfacet
  facet normal -0 0 1
    outer loop
      vertex 60.6858 2.92597 24.6
      vertex 62.8 1.5 24.6
      vertex 60.7489 3.11177 24.6
    endloop
  endfacet
  facet normal 0 0 1
    outer loop
      vertex 60.3607 42.3607 24.6
      vertex 62.49 44.2131 24.6
      vertex 62.3607 44.3607 24.6
    endloop
  endfacet
  facet normal -0 0 1
    outer loop
      vertex 60.599 2.75 24.6
      vertex 62.8 1.5 24.6
      vertex 60.6858 2.92597 24.6
    endloop
  endfacet
  facet normal 0 0 1
    outer loop
      vertex 60.3607 42.3607 24.6
      vertex 62.3607 44.3607 24.6
      vertex 62.2131 44.49 24.6
    endloop
  endfacet
  facet normal -0 0 1
    outer loop
      vertex 60.49 2.58686 24.6
      vertex 62.8 1.5 24.6
      vertex 60.599 2.75 24.6
    endloop
  endfacet
  facet normal 0 0 1
    outer loop
      vertex 60.3607 42.3607 24.6
      vertex 62.2131 44.49 24.6
      vertex 62.05 44.599 24.6
    endloop
  endfacet
  facet normal -0 0 1
    outer loop
      vertex 60.3607 2.43934 24.6
      vertex 62.8 1.5 24.6
      vertex 60.49 2.58686 24.6
    endloop
  endfacet
  facet normal 0 0 1
    outer loop
      vertex 60.3607 42.3607 24.6
      vertex 62.05 44.599 24.6
      vertex 61.874 44.6858 24.6
    endloop
  endfacet
  facet normal 0 0 1
    outer loop
      vertex 62.8 1.5 24.6
      vertex 60.3607 2.43934 24.6
      vertex 62.7872 1.30421 24.6
    endloop
  endfacet
  facet normal 0 0 1
    outer loop
      vertex 60.3607 42.3607 24.6
      vertex 61.874 44.6858 24.6
      vertex 61.6882 44.7489 24.6
    endloop
  endfacet
  facet normal 0 0 1
    outer loop
      vertex 62.7872 1.30421 24.6
      vertex 60.3607 2.43934 24.6
      vertex 62.7489 1.11177 24.6
    endloop
  endfacet
  facet normal 0 0 1
    outer loop
      vertex 60.3607 42.3607 24.6
      vertex 61.6882 44.7489 24.6
      vertex 61.4958 44.7872 24.6
    endloop
  endfacet
  facet normal 0 0 1
    outer loop
      vertex 62.7489 1.11177 24.6
      vertex 60.3607 2.43934 24.6
      vertex 62.6858 0.925975 24.6
    endloop
  endfacet
  facet normal 0 0 1
    outer loop
      vertex 60.3607 42.3607 24.6
      vertex 61.4958 44.7872 24.6
      vertex 61.3 44.8 24.6
    endloop
  endfacet
  facet normal 0 0 1
    outer loop
      vertex 62.6858 0.925975 24.6
      vertex 60.3607 2.43934 24.6
      vertex 62.599 0.75 24.6
    endloop
  endfacet
  facet normal 0 0 1
    outer loop
      vertex 62.599 0.75 24.6
      vertex 60.3607 2.43934 24.6
      vertex 62.49 0.586858 24.6
    endloop
  endfacet
  facet normal 0 0 1
    outer loop
      vertex 62.8 43.3 24.6
      vertex 60.7872 41.4958 24.6
      vertex 60.8 41.3 24.6
    endloop
  endfacet
  facet normal 0 0 1
    outer loop
      vertex 62.8 43.3 24.6
      vertex 60.7489 41.6882 24.6
      vertex 60.7872 41.4958 24.6
    endloop
  endfacet
  facet normal 0 0 1
    outer loop
      vertex 62.8 43.3 24.6
      vertex 60.6858 41.874 24.6
      vertex 60.7489 41.6882 24.6
    endloop
  endfacet
  facet normal 0 0 1
    outer loop
      vertex 62.8 43.3 24.6
      vertex 60.599 42.05 24.6
      vertex 60.6858 41.874 24.6
    endloop
  endfacet
  facet normal 0 0 1
    outer loop
      vertex 62.8 43.3 24.6
      vertex 60.49 42.2131 24.6
      vertex 60.599 42.05 24.6
    endloop
  endfacet
  facet normal 0 0 1
    outer loop
      vertex 62.8 43.3 24.6
      vertex 60.3607 42.3607 24.6
      vertex 60.49 42.2131 24.6
    endloop
  endfacet
  facet normal 0 0 1
    outer loop
      vertex 61.3 44.8 24.6
      vertex 60.2131 42.49 24.6
      vertex 60.3607 42.3607 24.6
    endloop
  endfacet
  facet normal 0 0 1
    outer loop
      vertex 61.3 44.8 24.6
      vertex 60.05 42.599 24.6
      vertex 60.2131 42.49 24.6
    endloop
  endfacet
  facet normal 0 0 1
    outer loop
      vertex 61.3 44.8 24.6
      vertex 59.874 42.6858 24.6
      vertex 60.05 42.599 24.6
    endloop
  endfacet
  facet normal 0 0 1
    outer loop
      vertex 61.3 44.8 24.6
      vertex 59.6882 42.7489 24.6
      vertex 59.874 42.6858 24.6
    endloop
  endfacet
  facet normal 0 0 1
    outer loop
      vertex 61.3 44.8 24.6
      vertex 59.4958 42.7872 24.6
      vertex 59.6882 42.7489 24.6
    endloop
  endfacet
  facet normal 0 0 1
    outer loop
      vertex 61.3 44.8 24.6
      vertex 59.3 42.8 24.6
      vertex 59.4958 42.7872 24.6
    endloop
  endfacet
  facet normal 0 0 1
    outer loop
      vertex 61.3 44.8 24.6
      vertex 3.5 42.8 24.6
      vertex 59.3 42.8 24.6
    endloop
  endfacet
  facet normal 0 0 1
    outer loop
      vertex 2.01283 41.4958 24.6
      vertex 0 43.3 24.6
      vertex 2 41.3 24.6
    endloop
  endfacet
  facet normal 0 0 1
    outer loop
      vertex 2.05111 41.6882 24.6
      vertex 0 43.3 24.6
      vertex 2.01283 41.4958 24.6
    endloop
  endfacet
  facet normal 0 0 1
    outer loop
      vertex 2.11418 41.874 24.6
      vertex 0 43.3 24.6
      vertex 2.05111 41.6882 24.6
    endloop
  endfacet
  facet normal 0 0 1
    outer loop
      vertex 2.20096 42.05 24.6
      vertex 0 43.3 24.6
      vertex 2.11418 41.874 24.6
    endloop
  endfacet
  facet normal 0 0 1
    outer loop
      vertex 2.30997 42.2131 24.6
      vertex 0 43.3 24.6
      vertex 2.20096 42.05 24.6
    endloop
  endfacet
  facet normal 0 0 1
    outer loop
      vertex 2.43934 42.3607 24.6
      vertex 0 43.3 24.6
      vertex 2.30997 42.2131 24.6
    endloop
  endfacet
  facet normal -0 0 1
    outer loop
      vertex 0 43.3 24.6
      vertex 2.43934 42.3607 24.6
      vertex 1.5 44.8 24.6
    endloop
  endfacet
  facet normal 0 0 1
    outer loop
      vertex 2.58686 42.49 24.6
      vertex 1.5 44.8 24.6
      vertex 2.43934 42.3607 24.6
    endloop
  endfacet
  facet normal 0 0 1
    outer loop
      vertex 2.75 42.599 24.6
      vertex 1.5 44.8 24.6
      vertex 2.58686 42.49 24.6
    endloop
  endfacet
  facet normal 0 0 1
    outer loop
      vertex 2.92597 42.6858 24.6
      vertex 1.5 44.8 24.6
      vertex 2.75 42.599 24.6
    endloop
  endfacet
  facet normal 0 0 1
    outer loop
      vertex 3.11177 42.7489 24.6
      vertex 1.5 44.8 24.6
      vertex 2.92597 42.6858 24.6
    endloop
  endfacet
  facet normal 0 0 1
    outer loop
      vertex 3.30421 42.7872 24.6
      vertex 1.5 44.8 24.6
      vertex 3.11177 42.7489 24.6
    endloop
  endfacet
  facet normal 0 0 1
    outer loop
      vertex 3.5 42.8 24.6
      vertex 1.5 44.8 24.6
      vertex 3.30421 42.7872 24.6
    endloop
  endfacet
  facet normal -0 0 1
    outer loop
      vertex 1.5 44.8 24.6
      vertex 3.5 42.8 24.6
      vertex 61.3 44.8 24.6
    endloop
  endfacet
  facet normal 0 0 1
    outer loop
      vertex 62.49 0.586858 24.6
      vertex 60.3607 2.43934 24.6
      vertex 62.3607 0.43934 24.6
    endloop
  endfacet
  facet normal 0 0 1
    outer loop
      vertex 62.3607 0.43934 24.6
      vertex 60.3607 2.43934 24.6
      vertex 62.2131 0.30997 24.6
    endloop
  endfacet
  facet normal 0 0 1
    outer loop
      vertex 62.2131 0.30997 24.6
      vertex 60.3607 2.43934 24.6
      vertex 62.05 0.200961 24.6
    endloop
  endfacet
  facet normal 0 0 1
    outer loop
      vertex 62.05 0.200961 24.6
      vertex 60.3607 2.43934 24.6
      vertex 61.874 0.114181 24.6
    endloop
  endfacet
  facet normal 0 0 1
    outer loop
      vertex 61.874 0.114181 24.6
      vertex 60.3607 2.43934 24.6
      vertex 61.6882 0.0511112 24.6
    endloop
  endfacet
  facet normal 0 0 1
    outer loop
      vertex 61.6882 0.0511112 24.6
      vertex 60.3607 2.43934 24.6
      vertex 61.4958 0.0128326 24.6
    endloop
  endfacet
  facet normal 0 0 1
    outer loop
      vertex 61.4958 0.0128326 24.6
      vertex 60.3607 2.43934 24.6
      vertex 61.3 0 24.6
    endloop
  endfacet
  facet normal -0 0 1
    outer loop
      vertex 60.2131 2.30997 24.6
      vertex 61.3 0 24.6
      vertex 60.3607 2.43934 24.6
    endloop
  endfacet
  facet normal -0 0 1
    outer loop
      vertex 60.05 2.20096 24.6
      vertex 61.3 0 24.6
      vertex 60.2131 2.30997 24.6
    endloop
  endfacet
  facet normal -0 0 1
    outer loop
      vertex 59.874 2.11418 24.6
      vertex 61.3 0 24.6
      vertex 60.05 2.20096 24.6
    endloop
  endfacet
  facet normal -0 0 1
    outer loop
      vertex 59.6882 2.05111 24.6
      vertex 61.3 0 24.6
      vertex 59.874 2.11418 24.6
    endloop
  endfacet
  facet normal -0 0 1
    outer loop
      vertex 59.4958 2.01283 24.6
      vertex 61.3 0 24.6
      vertex 59.6882 2.05111 24.6
    endloop
  endfacet
  facet normal -0 0 1
    outer loop
      vertex 59.3 2 24.6
      vertex 61.3 0 24.6
      vertex 59.4958 2.01283 24.6
    endloop
  endfacet
  facet normal 0 0 1
    outer loop
      vertex 20 0 24.6
      vertex 59.3 2 24.6
      vertex 20 2 24.6
    endloop
  endfacet
  facet normal 0 0 1
    outer loop
      vertex 59.3 2 24.6
      vertex 20 0 24.6
      vertex 61.3 0 24.6
    endloop
  endfacet
  facet normal -0 0 1
    outer loop
      vertex 3.5 2 24.6
      vertex 8 0 24.6
      vertex 8 2 24.6
    endloop
  endfacet
  facet normal 0 0 1
    outer loop
      vertex 1.5 0 24.6
      vertex 3.5 2 24.6
      vertex 3.30421 2.01283 24.6
    endloop
  endfacet
  facet normal 0 0 1
    outer loop
      vertex 1.5 0 24.6
      vertex 3.30421 2.01283 24.6
      vertex 3.11177 2.05111 24.6
    endloop
  endfacet
  facet normal 0 0 1
    outer loop
      vertex 1.5 0 24.6
      vertex 3.11177 2.05111 24.6
      vertex 2.92597 2.11418 24.6
    endloop
  endfacet
  facet normal 0 0 1
    outer loop
      vertex 3.5 2 24.6
      vertex 1.5 0 24.6
      vertex 8 0 24.6
    endloop
  endfacet
  facet normal 0 0 1
    outer loop
      vertex 2.75 2.20096 24.6
      vertex 1.5 0 24.6
      vertex 2.92597 2.11418 24.6
    endloop
  endfacet
  facet normal 0 0 1
    outer loop
      vertex 2.58686 2.30997 24.6
      vertex 1.5 0 24.6
      vertex 2.75 2.20096 24.6
    endloop
  endfacet
  facet normal 0 0 1
    outer loop
      vertex 2.43934 2.43934 24.6
      vertex 1.5 0 24.6
      vertex 2.58686 2.30997 24.6
    endloop
  endfacet
  facet normal 0 0 1
    outer loop
      vertex 0 1.5 24.6
      vertex 2.43934 2.43934 24.6
      vertex 2.30997 2.58686 24.6
    endloop
  endfacet
  facet normal 0 0 1
    outer loop
      vertex 0 1.5 24.6
      vertex 2.30997 2.58686 24.6
      vertex 2.20096 2.75 24.6
    endloop
  endfacet
  facet normal 0 0 1
    outer loop
      vertex 0 1.5 24.6
      vertex 2.20096 2.75 24.6
      vertex 2.11418 2.92597 24.6
    endloop
  endfacet
  facet normal 0 0 1
    outer loop
      vertex 0 1.5 24.6
      vertex 2.11418 2.92597 24.6
      vertex 2.05111 3.11177 24.6
    endloop
  endfacet
  facet normal 0 0 1
    outer loop
      vertex 0 1.5 24.6
      vertex 2.05111 3.11177 24.6
      vertex 2.01283 3.30421 24.6
    endloop
  endfacet
  facet normal 0 0 1
    outer loop
      vertex 0 1.5 24.6
      vertex 2.01283 3.30421 24.6
      vertex 2 3.5 24.6
    endloop
  endfacet
  facet normal 0 0 1
    outer loop
      vertex 2 41.3 24.6
      vertex 0 43.3 24.6
      vertex 2 3.5 24.6
    endloop
  endfacet
  facet normal 0 0 1
    outer loop
      vertex 0 43.3 24.6
      vertex 1.5 44.8 24.6
      vertex 1.30421 44.7872 24.6
    endloop
  endfacet
  facet normal 0 0 1
    outer loop
      vertex 0 1.5 24.6
      vertex 2 3.5 24.6
      vertex 0 43.3 24.6
    endloop
  endfacet
  facet normal 0 0 1
    outer loop
      vertex 0 43.3 24.6
      vertex 1.30421 44.7872 24.6
      vertex 1.11177 44.7489 24.6
    endloop
  endfacet
  facet normal 0 0 1
    outer loop
      vertex 2.43934 2.43934 24.6
      vertex 0 1.5 24.6
      vertex 0.0511112 1.11177 24.6
    endloop
  endfacet
  facet normal 0 0 1
    outer loop
      vertex 0 43.3 24.6
      vertex 1.11177 44.7489 24.6
      vertex 0.925975 44.6858 24.6
    endloop
  endfacet
  facet normal 0 0 1
    outer loop
      vertex 2.43934 2.43934 24.6
      vertex 1.30421 0.0128326 24.6
      vertex 1.5 0 24.6
    endloop
  endfacet
  facet normal 0 0 1
    outer loop
      vertex 0 43.3 24.6
      vertex 0.925975 44.6858 24.6
      vertex 0.75 44.599 24.6
    endloop
  endfacet
  facet normal 0 0 1
    outer loop
      vertex 2.43934 2.43934 24.6
      vertex 1.11177 0.0511112 24.6
      vertex 1.30421 0.0128326 24.6
    endloop
  endfacet
  facet normal 0 0 1
    outer loop
      vertex 0 43.3 24.6
      vertex 0.75 44.599 24.6
      vertex 0.586858 44.49 24.6
    endloop
  endfacet
  facet normal 0 0 1
    outer loop
      vertex 2.43934 2.43934 24.6
      vertex 0.925975 0.114181 24.6
      vertex 1.11177 0.0511112 24.6
    endloop
  endfacet
  facet normal 0 0 1
    outer loop
      vertex 0 43.3 24.6
      vertex 0.586858 44.49 24.6
      vertex 0.43934 44.3607 24.6
    endloop
  endfacet
  facet normal 0 0 1
    outer loop
      vertex 2.43934 2.43934 24.6
      vertex 0.75 0.200961 24.6
      vertex 0.925975 0.114181 24.6
    endloop
  endfacet
  facet normal 0 0 1
    outer loop
      vertex 0 43.3 24.6
      vertex 0.43934 44.3607 24.6
      vertex 0.30997 44.2131 24.6
    endloop
  endfacet
  facet normal 0 0 1
    outer loop
      vertex 2.43934 2.43934 24.6
      vertex 0.586858 0.30997 24.6
      vertex 0.75 0.200961 24.6
    endloop
  endfacet
  facet normal 0 0 1
    outer loop
      vertex 0 43.3 24.6
      vertex 0.30997 44.2131 24.6
      vertex 0.200961 44.05 24.6
    endloop
  endfacet
  facet normal 0 0 1
    outer loop
      vertex 2.43934 2.43934 24.6
      vertex 0.43934 0.43934 24.6
      vertex 0.586858 0.30997 24.6
    endloop
  endfacet
  facet normal 0 0 1
    outer loop
      vertex 0 43.3 24.6
      vertex 0.200961 44.05 24.6
      vertex 0.114181 43.874 24.6
    endloop
  endfacet
  facet normal 0 0 1
    outer loop
      vertex 2.43934 2.43934 24.6
      vertex 0.30997 0.586858 24.6
      vertex 0.43934 0.43934 24.6
    endloop
  endfacet
  facet normal 0 0 1
    outer loop
      vertex 0 43.3 24.6
      vertex 0.114181 43.874 24.6
      vertex 0.0511112 43.6882 24.6
    endloop
  endfacet
  facet normal 0 0 1
    outer loop
      vertex 2.43934 2.43934 24.6
      vertex 0.200961 0.75 24.6
      vertex 0.30997 0.586858 24.6
    endloop
  endfacet
  facet normal 0 0 1
    outer loop
      vertex 0 43.3 24.6
      vertex 0.0511112 43.6882 24.6
      vertex 0.0128326 43.4958 24.6
    endloop
  endfacet
  facet normal 0 0 1
    outer loop
      vertex 2.43934 2.43934 24.6
      vertex 0.114181 0.925975 24.6
      vertex 0.200961 0.75 24.6
    endloop
  endfacet
  facet normal 0 0 1
    outer loop
      vertex 2.43934 2.43934 24.6
      vertex 0.0511112 1.11177 24.6
      vertex 0.114181 0.925975 24.6
    endloop
  endfacet
  facet normal 0 0 1
    outer loop
      vertex 0.0511112 1.11177 24.6
      vertex 0 1.5 24.6
      vertex 0.0128326 1.30421 24.6
    endloop
  endfacet
  facet normal -0.896875 -0.442283 0
    outer loop
      vertex 0.200961 0.75 0
      vertex 0.114181 0.925975 24.6
      vertex 0.114181 0.925975 0
    endloop
  endfacet
  facet normal -0.896875 -0.442283 0
    outer loop
      vertex 0.114181 0.925975 24.6
      vertex 0.200961 0.75 0
      vertex 0.200961 0.75 24.6
    endloop
  endfacet
  facet normal 0.195234 0.980757 -0
    outer loop
      vertex 61.6882 44.7489 0
      vertex 61.4958 44.7872 24.6
      vertex 61.6882 44.7489 24.6
    endloop
  endfacet
  facet normal 0.195234 0.980757 0
    outer loop
      vertex 61.4958 44.7872 24.6
      vertex 61.6882 44.7489 0
      vertex 61.4958 44.7872 0
    endloop
  endfacet
  facet normal 0.0652336 0.99787 -0
    outer loop
      vertex 61.4958 44.7872 0
      vertex 61.3 44.8 24.6
      vertex 61.4958 44.7872 24.6
    endloop
  endfacet
  facet normal 0.0652336 0.99787 0
    outer loop
      vertex 61.3 44.8 24.6
      vertex 61.4958 44.7872 0
      vertex 61.3 44.8 0
    endloop
  endfacet
  facet normal -0.19509 -0.980785 0
    outer loop
      vertex 1.11177 0.0511112 0
      vertex 1.30421 0.0128326 24.6
      vertex 1.11177 0.0511112 24.6
    endloop
  endfacet
  facet normal -0.19509 -0.980785 -0
    outer loop
      vertex 1.30421 0.0128326 24.6
      vertex 1.11177 0.0511112 0
      vertex 1.30421 0.0128326 0
    endloop
  endfacet
  facet normal -0.980782 -0.195104 0
    outer loop
      vertex -0.917965 22.6741 0
      vertex -0.971556 22.9435 3
      vertex -0.971556 22.9435 0
    endloop
  endfacet
  facet normal -0.980782 -0.195104 0
    outer loop
      vertex -0.971556 22.9435 3
      vertex -0.917965 22.6741 0
      vertex -0.917965 22.6741 3
    endloop
  endfacet
  facet normal -0.997859 -0.0654015 0
    outer loop
      vertex -0.9 22.4 0
      vertex -0.917965 22.6741 3
      vertex -0.917965 22.6741 0
    endloop
  endfacet
  facet normal -0.997859 -0.0654015 0
    outer loop
      vertex -0.917965 22.6741 3
      vertex -0.9 22.4 0
      vertex -0.9 22.4 3
    endloop
  endfacet
  facet normal -0.946928 -0.321446 0
    outer loop
      vertex -0.971556 22.9435 0
      vertex -1.05985 23.2036 3
      vertex -1.05985 23.2036 0
    endloop
  endfacet
  facet normal -0.946928 -0.321446 0
    outer loop
      vertex -1.05985 23.2036 3
      vertex -0.971556 22.9435 0
      vertex -0.971556 22.9435 3
    endloop
  endfacet
  facet normal -0.195129 -0.980778 0
    outer loop
      vertex -2.72589 24.482 0
      vertex -2.45648 24.4284 3
      vertex -2.72589 24.482 3
    endloop
  endfacet
  facet normal -0.195129 -0.980778 -0
    outer loop
      vertex -2.45648 24.4284 3
      vertex -2.72589 24.482 0
      vertex -2.45648 24.4284 0
    endloop
  endfacet
  facet normal 0.997858 0.0654196 0
    outer loop
      vertex -5.08203 22.1259 3
      vertex -5.1 22.4 0
      vertex -5.1 22.4 3
    endloop
  endfacet
  facet normal 0.997858 0.0654196 0
    outer loop
      vertex -5.1 22.4 0
      vertex -5.08203 22.1259 3
      vertex -5.08203 22.1259 0
    endloop
  endfacet
  facet normal -0.0655259 -0.997851 0
    outer loop
      vertex -3 24.5 0
      vertex -2.72589 24.482 3
      vertex -3 24.5 3
    endloop
  endfacet
  facet normal -0.0655259 -0.997851 -0
    outer loop
      vertex -2.72589 24.482 3
      vertex -3 24.5 0
      vertex -2.72589 24.482 0
    endloop
  endfacet
  facet normal -0.980782 0.195104 0
    outer loop
      vertex -0.971556 21.8565 0
      vertex -0.917965 22.1259 3
      vertex -0.917965 22.1259 0
    endloop
  endfacet
  facet normal -0.980782 0.195104 0
    outer loop
      vertex -0.917965 22.1259 3
      vertex -0.971556 21.8565 0
      vertex -0.971556 21.8565 3
    endloop
  endfacet
  facet normal -0.555792 -0.831322 0
    outer loop
      vertex -1.95 24.2187 0
      vertex -1.7216 24.066 3
      vertex -1.95 24.2187 3
    endloop
  endfacet
  facet normal -0.555792 -0.831322 -0
    outer loop
      vertex -1.7216 24.066 3
      vertex -1.95 24.2187 0
      vertex -1.7216 24.066 0
    endloop
  endfacet
  facet normal -0.442021 -0.897005 0
    outer loop
      vertex -2.19636 24.3401 0
      vertex -1.95 24.2187 3
      vertex -2.19636 24.3401 3
    endloop
  endfacet
  facet normal -0.442021 -0.897005 -0
    outer loop
      vertex -1.95 24.2187 3
      vertex -2.19636 24.3401 0
      vertex -1.95 24.2187 0
    endloop
  endfacet
  facet normal -0.321443 0.946929 0
    outer loop
      vertex -2.19636 20.4599 0
      vertex -2.45648 20.3716 3
      vertex -2.19636 20.4599 3
    endloop
  endfacet
  facet normal -0.321443 0.946929 0
    outer loop
      vertex -2.45648 20.3716 3
      vertex -2.19636 20.4599 0
      vertex -2.45648 20.3716 0
    endloop
  endfacet
  facet normal 0.442007 0.897012 -0
    outer loop
      vertex -3.80363 20.4599 0
      vertex -4.05 20.5813 3
      vertex -3.80363 20.4599 3
    endloop
  endfacet
  facet normal 0.442007 0.897012 0
    outer loop
      vertex -4.05 20.5813 3
      vertex -3.80363 20.4599 0
      vertex -4.05 20.5813 0
    endloop
  endfacet
  facet normal -0.896889 -0.442256 0
    outer loop
      vertex -1.05985 23.2036 0
      vertex -1.18135 23.45 3
      vertex -1.18135 23.45 0
    endloop
  endfacet
  facet normal -0.896889 -0.442256 0
    outer loop
      vertex -1.18135 23.45 3
      vertex -1.05985 23.2036 0
      vertex -1.05985 23.2036 3
    endloop
  endfacet
  facet normal 0.659319 -0.751864 0
    outer loop
      vertex -4.48492 23.8849 0
      vertex -4.2784 24.066 3
      vertex -4.48492 23.8849 3
    endloop
  endfacet
  facet normal 0.659319 -0.751864 0
    outer loop
      vertex -4.2784 24.066 3
      vertex -4.48492 23.8849 0
      vertex -4.2784 24.066 0
    endloop
  endfacet
  facet normal -0.831473 0.555565 0
    outer loop
      vertex -1.33396 21.1216 0
      vertex -1.18135 21.35 3
      vertex -1.18135 21.35 0
    endloop
  endfacet
  facet normal -0.831473 0.555565 0
    outer loop
      vertex -1.18135 21.35 3
      vertex -1.33396 21.1216 0
      vertex -1.33396 21.1216 3
    endloop
  endfacet
  facet normal 0.946932 0.321433 0
    outer loop
      vertex -4.94015 21.5964 3
      vertex -5.02844 21.8565 0
      vertex -5.02844 21.8565 3
    endloop
  endfacet
  facet normal 0.946932 0.321433 0
    outer loop
      vertex -5.02844 21.8565 0
      vertex -4.94015 21.5964 3
      vertex -4.94015 21.5964 0
    endloop
  endfacet
  facet normal 0.831473 0.555565 0
    outer loop
      vertex -4.66604 21.1216 3
      vertex -4.81865 21.35 0
      vertex -4.81865 21.35 3
    endloop
  endfacet
  facet normal 0.831473 0.555565 0
    outer loop
      vertex -4.81865 21.35 0
      vertex -4.66604 21.1216 3
      vertex -4.66604 21.1216 0
    endloop
  endfacet
  facet normal 0.195122 0.980779 -0
    outer loop
      vertex -3.2741 20.318 0
      vertex -3.54352 20.3716 3
      vertex -3.2741 20.318 3
    endloop
  endfacet
  facet normal 0.195122 0.980779 0
    outer loop
      vertex -3.54352 20.3716 3
      vertex -3.2741 20.318 0
      vertex -3.54352 20.3716 0
    endloop
  endfacet
  facet normal -0.831473 -0.555565 0
    outer loop
      vertex -1.18135 23.45 0
      vertex -1.33396 23.6784 3
      vertex -1.33396 23.6784 0
    endloop
  endfacet
  facet normal -0.831473 -0.555565 0
    outer loop
      vertex -1.33396 23.6784 3
      vertex -1.18135 23.45 0
      vertex -1.18135 23.45 3
    endloop
  endfacet
  facet normal -0.555792 0.831322 0
    outer loop
      vertex -1.7216 20.734 0
      vertex -1.95 20.5813 3
      vertex -1.7216 20.734 3
    endloop
  endfacet
  facet normal -0.555792 0.831322 0
    outer loop
      vertex -1.95 20.5813 3
      vertex -1.7216 20.734 0
      vertex -1.95 20.5813 0
    endloop
  endfacet
  facet normal -0.321443 -0.946929 0
    outer loop
      vertex -2.45648 24.4284 0
      vertex -2.19636 24.3401 3
      vertex -2.45648 24.4284 3
    endloop
  endfacet
  facet normal -0.321443 -0.946929 -0
    outer loop
      vertex -2.19636 24.3401 3
      vertex -2.45648 24.4284 0
      vertex -2.19636 24.3401 0
    endloop
  endfacet
  facet normal 0.980783 0.195101 0
    outer loop
      vertex -5.02844 21.8565 3
      vertex -5.08203 22.1259 0
      vertex -5.08203 22.1259 3
    endloop
  endfacet
  facet normal 0.980783 0.195101 0
    outer loop
      vertex -5.08203 22.1259 0
      vertex -5.02844 21.8565 3
      vertex -5.02844 21.8565 0
    endloop
  endfacet
  facet normal -0.751796 -0.659396 0
    outer loop
      vertex -1.33396 23.6784 0
      vertex -1.51508 23.8849 3
      vertex -1.51508 23.8849 0
    endloop
  endfacet
  facet normal -0.751796 -0.659396 0
    outer loop
      vertex -1.51508 23.8849 3
      vertex -1.33396 23.6784 0
      vertex -1.33396 23.6784 3
    endloop
  endfacet
  facet normal -0.997859 0.0654015 0
    outer loop
      vertex -0.917965 22.1259 0
      vertex -0.9 22.4 3
      vertex -0.9 22.4 0
    endloop
  endfacet
  facet normal -0.997859 0.0654015 0
    outer loop
      vertex -0.9 22.4 3
      vertex -0.917965 22.1259 0
      vertex -0.917965 22.1259 3
    endloop
  endfacet
  facet normal -0.659319 -0.751864 0
    outer loop
      vertex -1.7216 24.066 0
      vertex -1.51508 23.8849 3
      vertex -1.7216 24.066 3
    endloop
  endfacet
  facet normal -0.659319 -0.751864 -0
    outer loop
      vertex -1.51508 23.8849 3
      vertex -1.7216 24.066 0
      vertex -1.51508 23.8849 0
    endloop
  endfacet
  facet normal -0.0655259 0.997851 0
    outer loop
      vertex -2.72589 20.318 0
      vertex -3 20.3 3
      vertex -2.72589 20.318 3
    endloop
  endfacet
  facet normal -0.0655259 0.997851 0
    outer loop
      vertex -3 20.3 3
      vertex -2.72589 20.318 0
      vertex -3 20.3 0
    endloop
  endfacet
  facet normal 0.555792 -0.831322 0
    outer loop
      vertex -4.2784 24.066 0
      vertex -4.05 24.2187 3
      vertex -4.2784 24.066 3
    endloop
  endfacet
  facet normal 0.555792 -0.831322 0
    outer loop
      vertex -4.05 24.2187 3
      vertex -4.2784 24.066 0
      vertex -4.05 24.2187 0
    endloop
  endfacet
  facet normal 0.555792 0.831322 -0
    outer loop
      vertex -4.05 20.5813 0
      vertex -4.2784 20.734 3
      vertex -4.05 20.5813 3
    endloop
  endfacet
  facet normal 0.555792 0.831322 0
    outer loop
      vertex -4.2784 20.734 3
      vertex -4.05 20.5813 0
      vertex -4.2784 20.734 0
    endloop
  endfacet
  facet normal 0.321454 -0.946925 0
    outer loop
      vertex -3.80363 24.3401 0
      vertex -3.54352 24.4284 3
      vertex -3.80363 24.3401 3
    endloop
  endfacet
  facet normal 0.321454 -0.946925 0
    outer loop
      vertex -3.54352 24.4284 3
      vertex -3.80363 24.3401 0
      vertex -3.54352 24.4284 0
    endloop
  endfacet
  facet normal 0.751796 0.659396 0
    outer loop
      vertex -4.48492 20.9151 3
      vertex -4.66604 21.1216 0
      vertex -4.66604 21.1216 3
    endloop
  endfacet
  facet normal 0.751796 0.659396 0
    outer loop
      vertex -4.66604 21.1216 0
      vertex -4.48492 20.9151 3
      vertex -4.48492 20.9151 0
    endloop
  endfacet
  facet normal -0.195129 0.980778 0
    outer loop
      vertex -2.45648 20.3716 0
      vertex -2.72589 20.318 3
      vertex -2.45648 20.3716 3
    endloop
  endfacet
  facet normal -0.195129 0.980778 0
    outer loop
      vertex -2.72589 20.318 3
      vertex -2.45648 20.3716 0
      vertex -2.72589 20.318 0
    endloop
  endfacet
  facet normal 0.896889 0.442256 0
    outer loop
      vertex -4.81865 21.35 3
      vertex -4.94015 21.5964 0
      vertex -4.94015 21.5964 3
    endloop
  endfacet
  facet normal 0.896889 0.442256 0
    outer loop
      vertex -4.94015 21.5964 0
      vertex -4.81865 21.35 3
      vertex -4.81865 21.35 0
    endloop
  endfacet
  facet normal -0.896889 0.442256 0
    outer loop
      vertex -1.18135 21.35 0
      vertex -1.05985 21.5964 3
      vertex -1.05985 21.5964 0
    endloop
  endfacet
  facet normal -0.896889 0.442256 0
    outer loop
      vertex -1.05985 21.5964 3
      vertex -1.18135 21.35 0
      vertex -1.18135 21.35 3
    endloop
  endfacet
  facet normal 0.442007 -0.897012 0
    outer loop
      vertex -4.05 24.2187 0
      vertex -3.80363 24.3401 3
      vertex -4.05 24.2187 3
    endloop
  endfacet
  facet normal 0.442007 -0.897012 0
    outer loop
      vertex -3.80363 24.3401 3
      vertex -4.05 24.2187 0
      vertex -3.80363 24.3401 0
    endloop
  endfacet
  facet normal 0.751796 -0.659396 0
    outer loop
      vertex -4.66604 23.6784 3
      vertex -4.48492 23.8849 0
      vertex -4.48492 23.8849 3
    endloop
  endfacet
  facet normal 0.751796 -0.659396 0
    outer loop
      vertex -4.48492 23.8849 0
      vertex -4.66604 23.6784 3
      vertex -4.66604 23.6784 0
    endloop
  endfacet
  facet normal 0.659319 0.751864 -0
    outer loop
      vertex -4.2784 20.734 0
      vertex -4.48492 20.9151 3
      vertex -4.2784 20.734 3
    endloop
  endfacet
  facet normal 0.659319 0.751864 0
    outer loop
      vertex -4.48492 20.9151 3
      vertex -4.2784 20.734 0
      vertex -4.48492 20.9151 0
    endloop
  endfacet
  facet normal 0.997858 -0.0654196 0
    outer loop
      vertex -5.1 22.4 3
      vertex -5.08203 22.6741 0
      vertex -5.08203 22.6741 3
    endloop
  endfacet
  facet normal 0.997858 -0.0654196 0
    outer loop
      vertex -5.08203 22.6741 0
      vertex -5.1 22.4 3
      vertex -5.1 22.4 0
    endloop
  endfacet
  facet normal 0.0655283 -0.997851 0
    outer loop
      vertex -3.2741 24.482 0
      vertex -3 24.5 3
      vertex -3.2741 24.482 3
    endloop
  endfacet
  facet normal 0.0655283 -0.997851 0
    outer loop
      vertex -3 24.5 3
      vertex -3.2741 24.482 0
      vertex -3 24.5 0
    endloop
  endfacet
  facet normal -0.442021 0.897005 0
    outer loop
      vertex -1.95 20.5813 0
      vertex -2.19636 20.4599 3
      vertex -1.95 20.5813 3
    endloop
  endfacet
  facet normal -0.442021 0.897005 0
    outer loop
      vertex -2.19636 20.4599 3
      vertex -1.95 20.5813 0
      vertex -2.19636 20.4599 0
    endloop
  endfacet
  facet normal 0.195122 -0.980779 0
    outer loop
      vertex -3.54352 24.4284 0
      vertex -3.2741 24.482 3
      vertex -3.54352 24.4284 3
    endloop
  endfacet
  facet normal 0.195122 -0.980779 0
    outer loop
      vertex -3.2741 24.482 3
      vertex -3.54352 24.4284 0
      vertex -3.2741 24.482 0
    endloop
  endfacet
  facet normal 0.321454 0.946925 -0
    outer loop
      vertex -3.54352 20.3716 0
      vertex -3.80363 20.4599 3
      vertex -3.54352 20.3716 3
    endloop
  endfacet
  facet normal 0.321454 0.946925 0
    outer loop
      vertex -3.80363 20.4599 3
      vertex -3.54352 20.3716 0
      vertex -3.80363 20.4599 0
    endloop
  endfacet
  facet normal -0.946928 0.321446 0
    outer loop
      vertex -1.05985 21.5964 0
      vertex -0.971556 21.8565 3
      vertex -0.971556 21.8565 0
    endloop
  endfacet
  facet normal -0.946928 0.321446 0
    outer loop
      vertex -0.971556 21.8565 3
      vertex -1.05985 21.5964 0
      vertex -1.05985 21.5964 3
    endloop
  endfacet
  facet normal 0.980783 -0.195101 0
    outer loop
      vertex -5.08203 22.6741 3
      vertex -5.02844 22.9435 0
      vertex -5.02844 22.9435 3
    endloop
  endfacet
  facet normal 0.980783 -0.195101 0
    outer loop
      vertex -5.02844 22.9435 0
      vertex -5.08203 22.6741 3
      vertex -5.08203 22.6741 0
    endloop
  endfacet
  facet normal 0.946932 -0.321433 0
    outer loop
      vertex -5.02844 22.9435 3
      vertex -4.94015 23.2036 0
      vertex -4.94015 23.2036 3
    endloop
  endfacet
  facet normal 0.946932 -0.321433 0
    outer loop
      vertex -4.94015 23.2036 0
      vertex -5.02844 22.9435 3
      vertex -5.02844 22.9435 0
    endloop
  endfacet
  facet normal 0.831473 -0.555565 0
    outer loop
      vertex -4.81865 23.45 3
      vertex -4.66604 23.6784 0
      vertex -4.66604 23.6784 3
    endloop
  endfacet
  facet normal 0.831473 -0.555565 0
    outer loop
      vertex -4.66604 23.6784 0
      vertex -4.81865 23.45 3
      vertex -4.81865 23.45 0
    endloop
  endfacet
  facet normal 0.896889 -0.442256 0
    outer loop
      vertex -4.94015 23.2036 3
      vertex -4.81865 23.45 0
      vertex -4.81865 23.45 3
    endloop
  endfacet
  facet normal 0.896889 -0.442256 0
    outer loop
      vertex -4.81865 23.45 0
      vertex -4.94015 23.2036 3
      vertex -4.94015 23.2036 0
    endloop
  endfacet
  facet normal 0.0655283 0.997851 -0
    outer loop
      vertex -3 20.3 0
      vertex -3.2741 20.318 3
      vertex -3 20.3 3
    endloop
  endfacet
  facet normal 0.0655283 0.997851 0
    outer loop
      vertex -3.2741 20.318 3
      vertex -3 20.3 0
      vertex -3.2741 20.318 0
    endloop
  endfacet
  facet normal -0.659319 0.751864 0
    outer loop
      vertex -1.51508 20.9151 0
      vertex -1.7216 20.734 3
      vertex -1.51508 20.9151 3
    endloop
  endfacet
  facet normal -0.659319 0.751864 0
    outer loop
      vertex -1.7216 20.734 3
      vertex -1.51508 20.9151 0
      vertex -1.7216 20.734 0
    endloop
  endfacet
  facet normal -0.751796 0.659396 0
    outer loop
      vertex -1.51508 20.9151 0
      vertex -1.33396 21.1216 3
      vertex -1.33396 21.1216 0
    endloop
  endfacet
  facet normal -0.751796 0.659396 0
    outer loop
      vertex -1.33396 21.1216 3
      vertex -1.51508 20.9151 0
      vertex -1.51508 20.9151 3
    endloop
  endfacet
  facet normal -0.980776 -0.195136 0
    outer loop
      vertex 67.882 22.6741 0
      vertex 67.8284 22.9435 3
      vertex 67.8284 22.9435 0
    endloop
  endfacet
  facet normal -0.980776 -0.195136 0
    outer loop
      vertex 67.8284 22.9435 3
      vertex 67.882 22.6741 0
      vertex 67.882 22.6741 3
    endloop
  endfacet
  facet normal -0.997851 -0.0655283 0
    outer loop
      vertex 67.9 22.4 0
      vertex 67.882 22.6741 3
      vertex 67.882 22.6741 0
    endloop
  endfacet
  facet normal -0.997851 -0.0655283 0
    outer loop
      vertex 67.882 22.6741 3
      vertex 67.9 22.4 0
      vertex 67.9 22.4 3
    endloop
  endfacet
  facet normal 0.0655283 0.997851 -0
    outer loop
      vertex 65.8 20.3 0
      vertex 65.5259 20.318 3
      vertex 65.8 20.3 3
    endloop
  endfacet
  facet normal 0.0655283 0.997851 0
    outer loop
      vertex 65.5259 20.318 3
      vertex 65.8 20.3 0
      vertex 65.5259 20.318 0
    endloop
  endfacet
  facet normal -0.441964 -0.897033 0
    outer loop
      vertex 66.6036 24.3401 0
      vertex 66.85 24.2187 3
      vertex 66.6036 24.3401 3
    endloop
  endfacet
  facet normal -0.441964 -0.897033 -0
    outer loop
      vertex 66.85 24.2187 3
      vertex 66.6036 24.3401 0
      vertex 66.85 24.2187 0
    endloop
  endfacet
  facet normal -0.751832 0.659355 0
    outer loop
      vertex 67.2849 20.9151 0
      vertex 67.466 21.1216 3
      vertex 67.466 21.1216 0
    endloop
  endfacet
  facet normal -0.751832 0.659355 0
    outer loop
      vertex 67.466 21.1216 3
      vertex 67.2849 20.9151 0
      vertex 67.2849 20.9151 3
    endloop
  endfacet
  facet normal 0.441964 -0.897033 0
    outer loop
      vertex 64.75 24.2187 0
      vertex 64.9964 24.3401 3
      vertex 64.75 24.2187 3
    endloop
  endfacet
  facet normal 0.441964 -0.897033 0
    outer loop
      vertex 64.9964 24.3401 3
      vertex 64.75 24.2187 0
      vertex 64.9964 24.3401 0
    endloop
  endfacet
  facet normal -0.659355 -0.751832 0
    outer loop
      vertex 67.0784 24.066 0
      vertex 67.2849 23.8849 3
      vertex 67.0784 24.066 3
    endloop
  endfacet
  facet normal -0.659355 -0.751832 -0
    outer loop
      vertex 67.2849 23.8849 3
      vertex 67.0784 24.066 0
      vertex 67.2849 23.8849 0
    endloop
  endfacet
  facet normal -0.0655283 0.997851 0
    outer loop
      vertex 66.0741 20.318 0
      vertex 65.8 20.3 3
      vertex 66.0741 20.318 3
    endloop
  endfacet
  facet normal -0.0655283 0.997851 0
    outer loop
      vertex 65.8 20.3 3
      vertex 66.0741 20.318 0
      vertex 65.8 20.3 0
    endloop
  endfacet
  facet normal 0.441964 0.897033 -0
    outer loop
      vertex 64.9964 20.4599 0
      vertex 64.75 20.5813 3
      vertex 64.9964 20.4599 3
    endloop
  endfacet
  facet normal 0.441964 0.897033 0
    outer loop
      vertex 64.75 20.5813 3
      vertex 64.9964 20.4599 0
      vertex 64.75 20.5813 0
    endloop
  endfacet
  facet normal 0.659355 0.751832 -0
    outer loop
      vertex 64.5216 20.734 0
      vertex 64.3151 20.9151 3
      vertex 64.5216 20.734 3
    endloop
  endfacet
  facet normal 0.659355 0.751832 0
    outer loop
      vertex 64.3151 20.9151 3
      vertex 64.5216 20.734 0
      vertex 64.3151 20.9151 0
    endloop
  endfacet
  facet normal -0.321465 0.946921 0
    outer loop
      vertex 66.6036 20.4599 0
      vertex 66.3435 20.3716 3
      vertex 66.6036 20.4599 3
    endloop
  endfacet
  facet normal -0.321465 0.946921 0
    outer loop
      vertex 66.3435 20.3716 3
      vertex 66.6036 20.4599 0
      vertex 66.3435 20.3716 0
    endloop
  endfacet
  facet normal 0.321465 -0.946921 0
    outer loop
      vertex 64.9964 24.3401 0
      vertex 65.2565 24.4284 3
      vertex 64.9964 24.3401 3
    endloop
  endfacet
  facet normal 0.321465 -0.946921 0
    outer loop
      vertex 65.2565 24.4284 3
      vertex 64.9964 24.3401 0
      vertex 65.2565 24.4284 0
    endloop
  endfacet
  facet normal -0.0655283 -0.997851 0
    outer loop
      vertex 65.8 24.5 0
      vertex 66.0741 24.482 3
      vertex 65.8 24.5 3
    endloop
  endfacet
  facet normal -0.0655283 -0.997851 -0
    outer loop
      vertex 66.0741 24.482 3
      vertex 65.8 24.5 0
      vertex 66.0741 24.482 0
    endloop
  endfacet
  facet normal -0.831322 0.555792 0
    outer loop
      vertex 67.466 21.1216 0
      vertex 67.6187 21.35 3
      vertex 67.6187 21.35 0
    endloop
  endfacet
  facet normal -0.831322 0.555792 0
    outer loop
      vertex 67.6187 21.35 3
      vertex 67.466 21.1216 0
      vertex 67.466 21.1216 3
    endloop
  endfacet
  facet normal -0.659355 0.751832 0
    outer loop
      vertex 67.2849 20.9151 0
      vertex 67.0784 20.734 3
      vertex 67.2849 20.9151 3
    endloop
  endfacet
  facet normal -0.659355 0.751832 0
    outer loop
      vertex 67.0784 20.734 3
      vertex 67.2849 20.9151 0
      vertex 67.0784 20.734 0
    endloop
  endfacet
  facet normal 0.897033 0.441964 0
    outer loop
      vertex 63.9813 21.35 3
      vertex 63.8599 21.5964 0
      vertex 63.8599 21.5964 3
    endloop
  endfacet
  facet normal 0.897033 0.441964 0
    outer loop
      vertex 63.8599 21.5964 0
      vertex 63.9813 21.35 3
      vertex 63.9813 21.35 0
    endloop
  endfacet
  facet normal -0.555792 0.831322 0
    outer loop
      vertex 67.0784 20.734 0
      vertex 66.85 20.5813 3
      vertex 67.0784 20.734 3
    endloop
  endfacet
  facet normal -0.555792 0.831322 0
    outer loop
      vertex 66.85 20.5813 3
      vertex 67.0784 20.734 0
      vertex 66.85 20.5813 0
    endloop
  endfacet
  facet normal 0.321465 0.946921 -0
    outer loop
      vertex 65.2565 20.3716 0
      vertex 64.9964 20.4599 3
      vertex 65.2565 20.3716 3
    endloop
  endfacet
  facet normal 0.321465 0.946921 0
    outer loop
      vertex 64.9964 20.4599 3
      vertex 65.2565 20.3716 0
      vertex 64.9964 20.4599 0
    endloop
  endfacet
  facet normal -0.831322 -0.555792 0
    outer loop
      vertex 67.6187 23.45 0
      vertex 67.466 23.6784 3
      vertex 67.466 23.6784 0
    endloop
  endfacet
  facet normal -0.831322 -0.555792 0
    outer loop
      vertex 67.466 23.6784 3
      vertex 67.6187 23.45 0
      vertex 67.6187 23.45 3
    endloop
  endfacet
  facet normal 0.751832 0.659355 0
    outer loop
      vertex 64.3151 20.9151 3
      vertex 64.134 21.1216 0
      vertex 64.134 21.1216 3
    endloop
  endfacet
  facet normal 0.751832 0.659355 0
    outer loop
      vertex 64.134 21.1216 0
      vertex 64.3151 20.9151 3
      vertex 64.3151 20.9151 0
    endloop
  endfacet
  facet normal -0.946921 0.321465 0
    outer loop
      vertex 67.7401 21.5964 0
      vertex 67.8284 21.8565 3
      vertex 67.8284 21.8565 0
    endloop
  endfacet
  facet normal -0.946921 0.321465 0
    outer loop
      vertex 67.8284 21.8565 3
      vertex 67.7401 21.5964 0
      vertex 67.7401 21.5964 3
    endloop
  endfacet
  facet normal -0.897033 0.441964 0
    outer loop
      vertex 67.6187 21.35 0
      vertex 67.7401 21.5964 3
      vertex 67.7401 21.5964 0
    endloop
  endfacet
  facet normal -0.897033 0.441964 0
    outer loop
      vertex 67.7401 21.5964 3
      vertex 67.6187 21.35 0
      vertex 67.6187 21.35 3
    endloop
  endfacet
  facet normal 0.751832 -0.659355 0
    outer loop
      vertex 64.134 23.6784 3
      vertex 64.3151 23.8849 0
      vertex 64.3151 23.8849 3
    endloop
  endfacet
  facet normal 0.751832 -0.659355 0
    outer loop
      vertex 64.3151 23.8849 0
      vertex 64.134 23.6784 3
      vertex 64.134 23.6784 0
    endloop
  endfacet
  facet normal -0.997851 0.0655283 0
    outer loop
      vertex 67.882 22.1259 0
      vertex 67.9 22.4 3
      vertex 67.9 22.4 0
    endloop
  endfacet
  facet normal -0.997851 0.0655283 0
    outer loop
      vertex 67.9 22.4 3
      vertex 67.882 22.1259 0
      vertex 67.882 22.1259 3
    endloop
  endfacet
  facet normal -0.980776 0.195136 0
    outer loop
      vertex 67.8284 21.8565 0
      vertex 67.882 22.1259 3
      vertex 67.882 22.1259 0
    endloop
  endfacet
  facet normal -0.980776 0.195136 0
    outer loop
      vertex 67.882 22.1259 3
      vertex 67.8284 21.8565 0
      vertex 67.8284 21.8565 3
    endloop
  endfacet
  facet normal -0.555792 -0.831322 0
    outer loop
      vertex 66.85 24.2187 0
      vertex 67.0784 24.066 3
      vertex 66.85 24.2187 3
    endloop
  endfacet
  facet normal -0.555792 -0.831322 -0
    outer loop
      vertex 67.0784 24.066 3
      vertex 66.85 24.2187 0
      vertex 67.0784 24.066 0
    endloop
  endfacet
  facet normal -0.195136 0.980776 0
    outer loop
      vertex 66.3435 20.3716 0
      vertex 66.0741 20.318 3
      vertex 66.3435 20.3716 3
    endloop
  endfacet
  facet normal -0.195136 0.980776 0
    outer loop
      vertex 66.0741 20.318 3
      vertex 66.3435 20.3716 0
      vertex 66.0741 20.318 0
    endloop
  endfacet
  facet normal 0.195136 -0.980776 0
    outer loop
      vertex 65.2565 24.4284 0
      vertex 65.5259 24.482 3
      vertex 65.2565 24.4284 3
    endloop
  endfacet
  facet normal 0.195136 -0.980776 0
    outer loop
      vertex 65.5259 24.482 3
      vertex 65.2565 24.4284 0
      vertex 65.5259 24.482 0
    endloop
  endfacet
  facet normal -0.897033 -0.441964 0
    outer loop
      vertex 67.7401 23.2036 0
      vertex 67.6187 23.45 3
      vertex 67.6187 23.45 0
    endloop
  endfacet
  facet normal -0.897033 -0.441964 0
    outer loop
      vertex 67.6187 23.45 3
      vertex 67.7401 23.2036 0
      vertex 67.7401 23.2036 3
    endloop
  endfacet
  facet normal -0.441964 0.897033 0
    outer loop
      vertex 66.85 20.5813 0
      vertex 66.6036 20.4599 3
      vertex 66.85 20.5813 3
    endloop
  endfacet
  facet normal -0.441964 0.897033 0
    outer loop
      vertex 66.6036 20.4599 3
      vertex 66.85 20.5813 0
      vertex 66.6036 20.4599 0
    endloop
  endfacet
  facet normal 0.946921 0.321465 0
    outer loop
      vertex 63.8599 21.5964 3
      vertex 63.7716 21.8565 0
      vertex 63.7716 21.8565 3
    endloop
  endfacet
  facet normal 0.946921 0.321465 0
    outer loop
      vertex 63.7716 21.8565 0
      vertex 63.8599 21.5964 3
      vertex 63.8599 21.5964 0
    endloop
  endfacet
  facet normal 0.897033 -0.441964 0
    outer loop
      vertex 63.8599 23.2036 3
      vertex 63.9813 23.45 0
      vertex 63.9813 23.45 3
    endloop
  endfacet
  facet normal 0.897033 -0.441964 0
    outer loop
      vertex 63.9813 23.45 0
      vertex 63.8599 23.2036 3
      vertex 63.8599 23.2036 0
    endloop
  endfacet
  facet normal 0.997851 -0.0655283 0
    outer loop
      vertex 63.7 22.4 3
      vertex 63.718 22.6741 0
      vertex 63.718 22.6741 3
    endloop
  endfacet
  facet normal 0.997851 -0.0655283 0
    outer loop
      vertex 63.718 22.6741 0
      vertex 63.7 22.4 3
      vertex 63.7 22.4 0
    endloop
  endfacet
  facet normal 0.980776 -0.195136 0
    outer loop
      vertex 63.718 22.6741 3
      vertex 63.7716 22.9435 0
      vertex 63.7716 22.9435 3
    endloop
  endfacet
  facet normal 0.980776 -0.195136 0
    outer loop
      vertex 63.7716 22.9435 0
      vertex 63.718 22.6741 3
      vertex 63.718 22.6741 0
    endloop
  endfacet
  facet normal 0.0655283 -0.997851 0
    outer loop
      vertex 65.5259 24.482 0
      vertex 65.8 24.5 3
      vertex 65.5259 24.482 3
    endloop
  endfacet
  facet normal 0.0655283 -0.997851 0
    outer loop
      vertex 65.8 24.5 3
      vertex 65.5259 24.482 0
      vertex 65.8 24.5 0
    endloop
  endfacet
  facet normal 0.195136 0.980776 -0
    outer loop
      vertex 65.5259 20.318 0
      vertex 65.2565 20.3716 3
      vertex 65.5259 20.318 3
    endloop
  endfacet
  facet normal 0.195136 0.980776 0
    outer loop
      vertex 65.2565 20.3716 3
      vertex 65.5259 20.318 0
      vertex 65.2565 20.3716 0
    endloop
  endfacet
  facet normal -0.321465 -0.946921 0
    outer loop
      vertex 66.3435 24.4284 0
      vertex 66.6036 24.3401 3
      vertex 66.3435 24.4284 3
    endloop
  endfacet
  facet normal -0.321465 -0.946921 -0
    outer loop
      vertex 66.6036 24.3401 3
      vertex 66.3435 24.4284 0
      vertex 66.6036 24.3401 0
    endloop
  endfacet
  facet normal -0.751832 -0.659355 0
    outer loop
      vertex 67.466 23.6784 0
      vertex 67.2849 23.8849 3
      vertex 67.2849 23.8849 0
    endloop
  endfacet
  facet normal -0.751832 -0.659355 0
    outer loop
      vertex 67.2849 23.8849 3
      vertex 67.466 23.6784 0
      vertex 67.466 23.6784 3
    endloop
  endfacet
  facet normal -0.946921 -0.321465 0
    outer loop
      vertex 67.8284 22.9435 0
      vertex 67.7401 23.2036 3
      vertex 67.7401 23.2036 0
    endloop
  endfacet
  facet normal -0.946921 -0.321465 0
    outer loop
      vertex 67.7401 23.2036 3
      vertex 67.8284 22.9435 0
      vertex 67.8284 22.9435 3
    endloop
  endfacet
  facet normal 0.831322 0.555792 0
    outer loop
      vertex 64.134 21.1216 3
      vertex 63.9813 21.35 0
      vertex 63.9813 21.35 3
    endloop
  endfacet
  facet normal 0.831322 0.555792 0
    outer loop
      vertex 63.9813 21.35 0
      vertex 64.134 21.1216 3
      vertex 64.134 21.1216 0
    endloop
  endfacet
  facet normal 0.555792 -0.831322 0
    outer loop
      vertex 64.5216 24.066 0
      vertex 64.75 24.2187 3
      vertex 64.5216 24.066 3
    endloop
  endfacet
  facet normal 0.555792 -0.831322 0
    outer loop
      vertex 64.75 24.2187 3
      vertex 64.5216 24.066 0
      vertex 64.75 24.2187 0
    endloop
  endfacet
  facet normal 0.831322 -0.555792 0
    outer loop
      vertex 63.9813 23.45 3
      vertex 64.134 23.6784 0
      vertex 64.134 23.6784 3
    endloop
  endfacet
  facet normal 0.831322 -0.555792 0
    outer loop
      vertex 64.134 23.6784 0
      vertex 63.9813 23.45 3
      vertex 63.9813 23.45 0
    endloop
  endfacet
  facet normal 0.997851 0.0655283 0
    outer loop
      vertex 63.718 22.1259 3
      vertex 63.7 22.4 0
      vertex 63.7 22.4 3
    endloop
  endfacet
  facet normal 0.997851 0.0655283 0
    outer loop
      vertex 63.7 22.4 0
      vertex 63.718 22.1259 3
      vertex 63.718 22.1259 0
    endloop
  endfacet
  facet normal -0.195136 -0.980776 0
    outer loop
      vertex 66.0741 24.482 0
      vertex 66.3435 24.4284 3
      vertex 66.0741 24.482 3
    endloop
  endfacet
  facet normal -0.195136 -0.980776 -0
    outer loop
      vertex 66.3435 24.4284 3
      vertex 66.0741 24.482 0
      vertex 66.3435 24.4284 0
    endloop
  endfacet
  facet normal 0.980776 0.195136 0
    outer loop
      vertex 63.7716 21.8565 3
      vertex 63.718 22.1259 0
      vertex 63.718 22.1259 3
    endloop
  endfacet
  facet normal 0.980776 0.195136 0
    outer loop
      vertex 63.718 22.1259 0
      vertex 63.7716 21.8565 3
      vertex 63.7716 21.8565 0
    endloop
  endfacet
  facet normal 0.659355 -0.751832 0
    outer loop
      vertex 64.3151 23.8849 0
      vertex 64.5216 24.066 3
      vertex 64.3151 23.8849 3
    endloop
  endfacet
  facet normal 0.659355 -0.751832 0
    outer loop
      vertex 64.5216 24.066 3
      vertex 64.3151 23.8849 0
      vertex 64.5216 24.066 0
    endloop
  endfacet
  facet normal 0.555792 0.831322 -0
    outer loop
      vertex 64.75 20.5813 0
      vertex 64.5216 20.734 3
      vertex 64.75 20.5813 3
    endloop
  endfacet
  facet normal 0.555792 0.831322 0
    outer loop
      vertex 64.5216 20.734 3
      vertex 64.75 20.5813 0
      vertex 64.5216 20.734 0
    endloop
  endfacet
  facet normal 0.946921 -0.321465 0
    outer loop
      vertex 63.7716 22.9435 3
      vertex 63.8599 23.2036 0
      vertex 63.8599 23.2036 3
    endloop
  endfacet
  facet normal 0.946921 -0.321465 0
    outer loop
      vertex 63.8599 23.2036 0
      vertex 63.7716 22.9435 3
      vertex 63.7716 22.9435 0
    endloop
  endfacet
  facet normal -1 0 0
    outer loop
      vertex 12.7 42.8 8.6
      vertex 12.7 44.8 16.6
      vertex 12.7 44.8 8.6
    endloop
  endfacet
  facet normal -1 -0 0
    outer loop
      vertex 12.7 44.8 16.6
      vertex 12.7 42.8 8.6
      vertex 12.7 42.8 16.6
    endloop
  endfacet
  facet normal 0 0 -1
    outer loop
      vertex 3.6 42.8 16.6
      vertex 12.7 44.8 16.6
      vertex 12.7 42.8 16.6
    endloop
  endfacet
  facet normal -0 0 -1
    outer loop
      vertex 12.7 44.8 16.6
      vertex 3.6 42.8 16.6
      vertex 3.6 44.8 16.6
    endloop
  endfacet
  facet normal -0 0 1
    outer loop
      vertex 3.6 44.8 8.6
      vertex 12.7 42.8 8.6
      vertex 12.7 44.8 8.6
    endloop
  endfacet
  facet normal 0 0 1
    outer loop
      vertex 12.7 42.8 8.6
      vertex 3.6 44.8 8.6
      vertex 3.6 42.8 8.6
    endloop
  endfacet
  facet normal 1 -0 0
    outer loop
      vertex 3.6 42.8 16.6
      vertex 3.6 44.8 8.6
      vertex 3.6 44.8 16.6
    endloop
  endfacet
  facet normal 1 0 0
    outer loop
      vertex 3.6 44.8 8.6
      vertex 3.6 42.8 16.6
      vertex 3.6 42.8 8.6
    endloop
  endfacet
  facet normal -1 0 0
    outer loop
      vertex 32.7 42.8 8.6
      vertex 32.7 44.8 16.6
      vertex 32.7 44.8 8.6
    endloop
  endfacet
  facet normal -1 -0 0
    outer loop
      vertex 32.7 44.8 16.6
      vertex 32.7 42.8 8.6
      vertex 32.7 42.8 16.6
    endloop
  endfacet
  facet normal 0 0 -1
    outer loop
      vertex 23.6 42.8 16.6
      vertex 32.7 44.8 16.6
      vertex 32.7 42.8 16.6
    endloop
  endfacet
  facet normal -0 0 -1
    outer loop
      vertex 32.7 44.8 16.6
      vertex 23.6 42.8 16.6
      vertex 23.6 44.8 16.6
    endloop
  endfacet
  facet normal -0 0 1
    outer loop
      vertex 23.6 44.8 8.6
      vertex 32.7 42.8 8.6
      vertex 32.7 44.8 8.6
    endloop
  endfacet
  facet normal 0 0 1
    outer loop
      vertex 32.7 42.8 8.6
      vertex 23.6 44.8 8.6
      vertex 23.6 42.8 8.6
    endloop
  endfacet
  facet normal 1 -0 0
    outer loop
      vertex 23.6 42.8 16.6
      vertex 23.6 44.8 8.6
      vertex 23.6 44.8 16.6
    endloop
  endfacet
  facet normal 1 0 0
    outer loop
      vertex 23.6 44.8 8.6
      vertex 23.6 42.8 16.6
      vertex 23.6 42.8 8.6
    endloop
  endfacet
  facet normal -1 0 0
    outer loop
      vertex 41.4 1.4 21.8
      vertex 41.4 2 23
      vertex 41.4 2 21.8
    endloop
  endfacet
  facet normal -1 -0 0
    outer loop
      vertex 41.4 2 23
      vertex 41.4 1.4 21.8
      vertex 41.4 1.4 23
    endloop
  endfacet
  facet normal 0 0 -1
    outer loop
      vertex 21.4 1.4 23
      vertex 41.4 2 23
      vertex 41.4 1.4 23
    endloop
  endfacet
  facet normal -0 0 -1
    outer loop
      vertex 41.4 2 23
      vertex 21.4 1.4 23
      vertex 21.4 2 23
    endloop
  endfacet
  facet normal -0 0 1
    outer loop
      vertex 21.4 2 21.8
      vertex 41.4 1.4 21.8
      vertex 41.4 2 21.8
    endloop
  endfacet
  facet normal 0 0 1
    outer loop
      vertex 41.4 1.4 21.8
      vertex 21.4 2 21.8
      vertex 21.4 1.4 21.8
    endloop
  endfacet
  facet normal 1 -0 0
    outer loop
      vertex 21.4 1.4 23
      vertex 21.4 2 21.8
      vertex 21.4 2 23
    endloop
  endfacet
  facet normal 1 0 0
    outer loop
      vertex 21.4 2 21.8
      vertex 21.4 1.4 23
      vertex 21.4 1.4 21.8
    endloop
  endfacet
  facet normal 0 1 -0
    outer loop
      vertex 41.4 1.4 21.8
      vertex 21.4 1.4 23
      vertex 41.4 1.4 23
    endloop
  endfacet
  facet normal 0 1 0
    outer loop
      vertex 21.4 1.4 23
      vertex 41.4 1.4 21.8
      vertex 21.4 1.4 21.8
    endloop
  endfacet
  facet normal -1 0 0
    outer loop
      vertex 41.4 42.8 21.8
      vertex 41.4 43.4 23
      vertex 41.4 43.4 21.8
    endloop
  endfacet
  facet normal -1 -0 0
    outer loop
      vertex 41.4 43.4 23
      vertex 41.4 42.8 21.8
      vertex 41.4 42.8 23
    endloop
  endfacet
  facet normal 0 0 -1
    outer loop
      vertex 21.4 42.8 23
      vertex 41.4 43.4 23
      vertex 41.4 42.8 23
    endloop
  endfacet
  facet normal -0 0 -1
    outer loop
      vertex 41.4 43.4 23
      vertex 21.4 42.8 23
      vertex 21.4 43.4 23
    endloop
  endfacet
  facet normal -0 0 1
    outer loop
      vertex 21.4 43.4 21.8
      vertex 41.4 42.8 21.8
      vertex 41.4 43.4 21.8
    endloop
  endfacet
  facet normal 0 0 1
    outer loop
      vertex 41.4 42.8 21.8
      vertex 21.4 43.4 21.8
      vertex 21.4 42.8 21.8
    endloop
  endfacet
  facet normal 1 -0 0
    outer loop
      vertex 21.4 42.8 23
      vertex 21.4 43.4 21.8
      vertex 21.4 43.4 23
    endloop
  endfacet
  facet normal 1 0 0
    outer loop
      vertex 21.4 43.4 21.8
      vertex 21.4 42.8 23
      vertex 21.4 42.8 21.8
    endloop
  endfacet
  facet normal 0 -1 0
    outer loop
      vertex 21.4 43.4 21.8
      vertex 41.4 43.4 23
      vertex 21.4 43.4 23
    endloop
  endfacet
  facet normal 0 -1 -0
    outer loop
      vertex 41.4 43.4 23
      vertex 21.4 43.4 21.8
      vertex 41.4 43.4 21.8
    endloop
  endfacet
  facet normal 0.195195 -0.980764 0
    outer loop
      vertex 3.11177 42.7489 6
      vertex 3.30421 42.7872 24.6
      vertex 3.11177 42.7489 24.6
    endloop
  endfacet
  facet normal 0.195195 -0.980764 0
    outer loop
      vertex 3.30421 42.7872 24.6
      vertex 3.11177 42.7489 6
      vertex 3.30421 42.7872 6
    endloop
  endfacet
  facet normal 0.99786 0.0653892 0
    outer loop
      vertex 2.01283 3.30421 24.6
      vertex 2 3.5 6
      vertex 2 3.5 24.6
    endloop
  endfacet
  facet normal 0.99786 0.0653892 0
    outer loop
      vertex 2 3.5 6
      vertex 2.01283 3.30421 24.6
      vertex 2.01283 3.30421 6
    endloop
  endfacet
  facet normal -0.195234 -0.980757 0
    outer loop
      vertex 59.4958 42.7872 2
      vertex 59.6882 42.7489 24.6
      vertex 59.4958 42.7872 24.6
    endloop
  endfacet
  facet normal -0.195234 -0.980757 -0
    outer loop
      vertex 59.6882 42.7489 24.6
      vertex 59.4958 42.7872 2
      vertex 59.6882 42.7489 2
    endloop
  endfacet
  facet normal 0.99786 -0.0653858 0
    outer loop
      vertex 2 41.3 24.6
      vertex 2.01283 41.4958 6
      vertex 2.01283 41.4958 24.6
    endloop
  endfacet
  facet normal 0.99786 -0.0653858 0
    outer loop
      vertex 2.01283 41.4958 6
      vertex 2 41.3 24.6
      vertex 2 41.3 6
    endloop
  endfacet
  facet normal -0.980757 -0.195234 0
    outer loop
      vertex 60.7872 41.4958 2
      vertex 60.7489 41.6882 24.6
      vertex 60.7489 41.6882 2
    endloop
  endfacet
  facet normal -0.980757 -0.195234 0
    outer loop
      vertex 60.7489 41.6882 24.6
      vertex 60.7872 41.4958 2
      vertex 60.7872 41.4958 24.6
    endloop
  endfacet
  facet normal -0.99787 -0.0652336 0
    outer loop
      vertex 60.8 41.3 2
      vertex 60.7872 41.4958 24.6
      vertex 60.7872 41.4958 2
    endloop
  endfacet
  facet normal -0.99787 -0.0652336 0
    outer loop
      vertex 60.7872 41.4958 24.6
      vertex 60.8 41.3 2
      vertex 60.8 41.3 24.6
    endloop
  endfacet
  facet normal 0.321574 -0.946885 0
    outer loop
      vertex 2.92597 42.6858 6
      vertex 3.11177 42.7489 24.6
      vertex 2.92597 42.6858 24.6
    endloop
  endfacet
  facet normal 0.321574 -0.946885 0
    outer loop
      vertex 3.11177 42.7489 24.6
      vertex 2.92597 42.6858 6
      vertex 3.11177 42.7489 6
    endloop
  endfacet
  facet normal 0.442294 0.89687 -0
    outer loop
      vertex 2.92597 2.11418 6
      vertex 2.75 2.20096 24.6
      vertex 2.92597 2.11418 24.6
    endloop
  endfacet
  facet normal 0.442294 0.89687 0
    outer loop
      vertex 2.75 2.20096 24.6
      vertex 2.92597 2.11418 6
      vertex 2.75 2.20096 6
    endloop
  endfacet
  facet normal -0.442315 -0.89686 0
    outer loop
      vertex 59.874 42.6858 2
      vertex 60.05 42.599 24.6
      vertex 59.874 42.6858 24.6
    endloop
  endfacet
  facet normal -0.442315 -0.89686 -0
    outer loop
      vertex 60.05 42.599 24.6
      vertex 59.874 42.6858 2
      vertex 60.05 42.599 2
    endloop
  endfacet
  facet normal 0.8969 -0.442233 0
    outer loop
      vertex 2.11418 41.874 24.6
      vertex 2.20096 42.05 6
      vertex 2.20096 42.05 24.6
    endloop
  endfacet
  facet normal 0.8969 -0.442233 0
    outer loop
      vertex 2.20096 42.05 6
      vertex 2.11418 41.874 24.6
      vertex 2.11418 41.874 6
    endloop
  endfacet
  facet normal 0 -1 0
    outer loop
      vertex 12.7 42.8 8.6
      vertex 23.6 42.8 16.6
      vertex 12.7 42.8 16.6
    endloop
  endfacet
  facet normal 0 -1 -0
    outer loop
      vertex 23.6 42.8 16.6
      vertex 12.7 42.8 8.6
      vertex 23.6 42.8 8.6
    endloop
  endfacet
  facet normal 0 -1 0
    outer loop
      vertex 3.5 42.8 24.6
      vertex 21.4 42.8 23
      vertex 59.3 42.8 24.6
    endloop
  endfacet
  facet normal 0 -1 0
    outer loop
      vertex 12.7 42.8 16.6
      vertex 21.4 42.8 23
      vertex 3.5 42.8 24.6
    endloop
  endfacet
  facet normal 0 -1 -0
    outer loop
      vertex 21.4 42.8 23
      vertex 12.7 42.8 16.6
      vertex 21.4 42.8 21.8
    endloop
  endfacet
  facet normal 0 -1 0
    outer loop
      vertex 12.7 42.8 16.6
      vertex 3.5 42.8 24.6
      vertex 3.6 42.8 16.6
    endloop
  endfacet
  facet normal 0 -1 0
    outer loop
      vertex 3.5 42.8 6
      vertex 3.6 42.8 16.6
      vertex 3.5 42.8 24.6
    endloop
  endfacet
  facet normal 0 -1 0
    outer loop
      vertex 3.5 42.8 6
      vertex 12.7 42.8 8.6
      vertex 3.6 42.8 8.6
    endloop
  endfacet
  facet normal 0 -1 0
    outer loop
      vertex 3.5 42.8 2
      vertex 12.7 42.8 8.6
      vertex 3.5 42.8 6
    endloop
  endfacet
  facet normal 0 -1 -0
    outer loop
      vertex 12.7 42.8 8.6
      vertex 3.5 42.8 2
      vertex 23.6 42.8 8.6
    endloop
  endfacet
  facet normal 0 -1 -0
    outer loop
      vertex 3.6 42.8 16.6
      vertex 3.5 42.8 6
      vertex 3.6 42.8 8.6
    endloop
  endfacet
  facet normal 0 -1 0
    outer loop
      vertex 41.4 42.8 23
      vertex 59.3 42.8 24.6
      vertex 21.4 42.8 23
    endloop
  endfacet
  facet normal 0 -1 0
    outer loop
      vertex 41.4 42.8 21.8
      vertex 59.3 42.8 24.6
      vertex 41.4 42.8 23
    endloop
  endfacet
  facet normal 0 -1 0
    outer loop
      vertex 23.6 42.8 16.6
      vertex 21.4 42.8 21.8
      vertex 12.7 42.8 16.6
    endloop
  endfacet
  facet normal 0 -1 0
    outer loop
      vertex 32.7 42.8 16.6
      vertex 21.4 42.8 21.8
      vertex 23.6 42.8 16.6
    endloop
  endfacet
  facet normal 0 -1 0
    outer loop
      vertex 21.4 42.8 21.8
      vertex 32.7 42.8 16.6
      vertex 41.4 42.8 21.8
    endloop
  endfacet
  facet normal 0 -1 0
    outer loop
      vertex 32.7 42.8 8.6
      vertex 41.4 42.8 21.8
      vertex 32.7 42.8 16.6
    endloop
  endfacet
  facet normal 0 -1 -0
    outer loop
      vertex 41.4 42.8 21.8
      vertex 32.7 42.8 8.6
      vertex 59.3 42.8 2
    endloop
  endfacet
  facet normal 0 -1 -0
    outer loop
      vertex 23.6 42.8 8.6
      vertex 3.5 42.8 2
      vertex 32.7 42.8 8.6
    endloop
  endfacet
  facet normal 0 -1 0
    outer loop
      vertex 41.4 42.8 21.8
      vertex 59.3 42.8 2
      vertex 59.3 42.8 24.6
    endloop
  endfacet
  facet normal 0 -1 0
    outer loop
      vertex 59.3 42.8 2
      vertex 32.7 42.8 8.6
      vertex 3.5 42.8 2
    endloop
  endfacet
  facet normal 0 1 0
    outer loop
      vertex 59.3 2 24.6
      vertex 41.4 2 23
      vertex 20 2 24.6
    endloop
  endfacet
  facet normal 0 1 0
    outer loop
      vertex 59.3 2 24.6
      vertex 41.4 2 21.8
      vertex 41.4 2 23
    endloop
  endfacet
  facet normal 0 1 -0
    outer loop
      vertex 28.8141 2 15.1455
      vertex 21.4 2 21.8
      vertex 41.4 2 21.8
    endloop
  endfacet
  facet normal 0 1 -0
    outer loop
      vertex 59.3 2 6
      vertex 41.4 2 21.8
      vertex 59.3 2 24.6
    endloop
  endfacet
  facet normal 0 1 -0
    outer loop
      vertex 27.9859 2 15.1455
      vertex 21.4 2 21.8
      vertex 28.1912 2 15.1863
    endloop
  endfacet
  facet normal 0 1 0
    outer loop
      vertex 21.4 2 21.8
      vertex 28.6088 2 15.1863
      vertex 28.4 2 15.2
    endloop
  endfacet
  facet normal 0 1 -0
    outer loop
      vertex 28.1912 2 15.1863
      vertex 21.4 2 21.8
      vertex 28.4 2 15.2
    endloop
  endfacet
  facet normal 0 1 0
    outer loop
      vertex 21.4 2 21.8
      vertex 28.8141 2 15.1455
      vertex 28.6088 2 15.1863
    endloop
  endfacet
  facet normal 0 1 0
    outer loop
      vertex 41.4 2 21.8
      vertex 29.0123 2 15.0782
      vertex 28.8141 2 15.1455
    endloop
  endfacet
  facet normal 0 1 0
    outer loop
      vertex 41.4 2 21.8
      vertex 29.2 2 14.9856
      vertex 29.0123 2 15.0782
    endloop
  endfacet
  facet normal 0 1 0
    outer loop
      vertex 41.4 2 21.8
      vertex 29.374 2 14.8694
      vertex 29.2 2 14.9856
    endloop
  endfacet
  facet normal 0 1 0
    outer loop
      vertex 41.4 2 21.8
      vertex 29.5314 2 14.7314
      vertex 29.374 2 14.8694
    endloop
  endfacet
  facet normal 0 1 0
    outer loop
      vertex 41.4 2 21.8
      vertex 29.6694 2 14.574
      vertex 29.5314 2 14.7314
    endloop
  endfacet
  facet normal 0 1 0
    outer loop
      vertex 41.4 2 21.8
      vertex 29.7856 2 14.4
      vertex 29.6694 2 14.574
    endloop
  endfacet
  facet normal 0 1 0
    outer loop
      vertex 41.4 2 21.8
      vertex 29.8782 2 14.2123
      vertex 29.7856 2 14.4
    endloop
  endfacet
  facet normal 0 1 0
    outer loop
      vertex 41.4 2 21.8
      vertex 29.9455 2 14.0141
      vertex 29.8782 2 14.2123
    endloop
  endfacet
  facet normal 0 1 0
    outer loop
      vertex 41.4 2 21.8
      vertex 29.9863 2 13.8088
      vertex 29.9455 2 14.0141
    endloop
  endfacet
  facet normal -0 1 0
    outer loop
      vertex 29.8782 2 12.9877
      vertex 41.4 2 21.8
      vertex 59.3 2 6
    endloop
  endfacet
  facet normal 0 1 0
    outer loop
      vertex 41.4 2 21.8
      vertex 30 2 13.6
      vertex 29.9863 2 13.8088
    endloop
  endfacet
  facet normal 0 1 0
    outer loop
      vertex 41.4 2 21.8
      vertex 29.9863 2 13.3912
      vertex 30 2 13.6
    endloop
  endfacet
  facet normal 0 1 0
    outer loop
      vertex 41.4 2 21.8
      vertex 29.9455 2 13.1859
      vertex 29.9863 2 13.3912
    endloop
  endfacet
  facet normal 0 1 0
    outer loop
      vertex 41.4 2 21.8
      vertex 29.8782 2 12.9877
      vertex 29.9455 2 13.1859
    endloop
  endfacet
  facet normal 0 1 0
    outer loop
      vertex 29.8782 2 12.9877
      vertex 59.3 2 6
      vertex 29.7856 2 12.8
    endloop
  endfacet
  facet normal 0 1 0
    outer loop
      vertex 29.7856 2 12.8
      vertex 59.3 2 6
      vertex 29.6694 2 12.626
    endloop
  endfacet
  facet normal 0 1 0
    outer loop
      vertex 29.6694 2 12.626
      vertex 59.3 2 6
      vertex 29.5314 2 12.4686
    endloop
  endfacet
  facet normal 0 1 0
    outer loop
      vertex 29.5314 2 12.4686
      vertex 59.3 2 6
      vertex 29.374 2 12.3306
    endloop
  endfacet
  facet normal 0 1 0
    outer loop
      vertex 29.374 2 12.3306
      vertex 59.3 2 6
      vertex 29.2 2 12.2144
    endloop
  endfacet
  facet normal 0 1 0
    outer loop
      vertex 28.6088 2 12.0137
      vertex 59.3 2 6
      vertex 28.4 2 12
    endloop
  endfacet
  facet normal 0 1 0
    outer loop
      vertex 28.8141 2 12.0545
      vertex 59.3 2 6
      vertex 28.6088 2 12.0137
    endloop
  endfacet
  facet normal 0 1 0
    outer loop
      vertex 29.0123 2 12.1218
      vertex 59.3 2 6
      vertex 28.8141 2 12.0545
    endloop
  endfacet
  facet normal 0 1 0
    outer loop
      vertex 29.2 2 12.2144
      vertex 59.3 2 6
      vertex 29.0123 2 12.1218
    endloop
  endfacet
  facet normal 0 1 -0
    outer loop
      vertex 21.4 2 23
      vertex 20 2 24.6
      vertex 41.4 2 23
    endloop
  endfacet
  facet normal 0 1 -0
    outer loop
      vertex 21.4 2 21.8
      vertex 20 2 24.6
      vertex 21.4 2 23
    endloop
  endfacet
  facet normal 0 1 0
    outer loop
      vertex 20 2 24.6
      vertex 21.4 2 21.8
      vertex 20 2 17.1
    endloop
  endfacet
  facet normal 0 1 -0
    outer loop
      vertex 8 2 17.1
      vertex 3.5 2 24.6
      vertex 8 2 24.6
    endloop
  endfacet
  facet normal 0 1 -0
    outer loop
      vertex 27.7877 2 15.0782
      vertex 21.4 2 21.8
      vertex 27.9859 2 15.1455
    endloop
  endfacet
  facet normal 0 1 -0
    outer loop
      vertex 27.6 2 14.9856
      vertex 21.4 2 21.8
      vertex 27.7877 2 15.0782
    endloop
  endfacet
  facet normal 0 1 -0
    outer loop
      vertex 27.426 2 14.8694
      vertex 21.4 2 21.8
      vertex 27.6 2 14.9856
    endloop
  endfacet
  facet normal 0 1 0
    outer loop
      vertex 21.4 2 21.8
      vertex 27.426 2 14.8694
      vertex 20 2 17.1
    endloop
  endfacet
  facet normal 0 1 -0
    outer loop
      vertex 27.2686 2 14.7314
      vertex 20 2 17.1
      vertex 27.426 2 14.8694
    endloop
  endfacet
  facet normal 0 1 -0
    outer loop
      vertex 27.1306 2 14.574
      vertex 20 2 17.1
      vertex 27.2686 2 14.7314
    endloop
  endfacet
  facet normal 0 1 -0
    outer loop
      vertex 27.0144 2 14.4
      vertex 20 2 17.1
      vertex 27.1306 2 14.574
    endloop
  endfacet
  facet normal 0 1 -0
    outer loop
      vertex 26.9218 2 14.2123
      vertex 20 2 17.1
      vertex 27.0144 2 14.4
    endloop
  endfacet
  facet normal 0 1 -0
    outer loop
      vertex 26.8545 2 14.0141
      vertex 20 2 17.1
      vertex 26.9218 2 14.2123
    endloop
  endfacet
  facet normal 0 1 -0
    outer loop
      vertex 26.8137 2 13.8088
      vertex 20 2 17.1
      vertex 26.8545 2 14.0141
    endloop
  endfacet
  facet normal 0 1 -0
    outer loop
      vertex 26.8 2 13.6
      vertex 20 2 17.1
      vertex 26.8137 2 13.8088
    endloop
  endfacet
  facet normal 0 1 0
    outer loop
      vertex 26.8137 2 13.3912
      vertex 20 2 17.1
      vertex 26.8 2 13.6
    endloop
  endfacet
  facet normal 0 1 0
    outer loop
      vertex 26.8545 2 13.1859
      vertex 20 2 17.1
      vertex 26.8137 2 13.3912
    endloop
  endfacet
  facet normal 0 1 0
    outer loop
      vertex 26.9218 2 12.9877
      vertex 20 2 17.1
      vertex 26.8545 2 13.1859
    endloop
  endfacet
  facet normal 0 1 0
    outer loop
      vertex 27.0144 2 12.8
      vertex 20 2 17.1
      vertex 26.9218 2 12.9877
    endloop
  endfacet
  facet normal 0 1 0
    outer loop
      vertex 27.1306 2 12.626
      vertex 20 2 17.1
      vertex 27.0144 2 12.8
    endloop
  endfacet
  facet normal 0 1 0
    outer loop
      vertex 20 2 17.1
      vertex 27.1306 2 12.626
      vertex 3.5 2 6
    endloop
  endfacet
  facet normal 0 1 0
    outer loop
      vertex 3.5 2 6
      vertex 27.1306 2 12.626
      vertex 27.2686 2 12.4686
    endloop
  endfacet
  facet normal 0 1 0
    outer loop
      vertex 3.5 2 6
      vertex 27.2686 2 12.4686
      vertex 27.426 2 12.3306
    endloop
  endfacet
  facet normal 0 1 0
    outer loop
      vertex 3.5 2 6
      vertex 27.426 2 12.3306
      vertex 27.6 2 12.2144
    endloop
  endfacet
  facet normal 0 1 0
    outer loop
      vertex 3.5 2 6
      vertex 27.6 2 12.2144
      vertex 27.7877 2 12.1218
    endloop
  endfacet
  facet normal 0 1 0
    outer loop
      vertex 3.5 2 6
      vertex 27.7877 2 12.1218
      vertex 27.9859 2 12.0545
    endloop
  endfacet
  facet normal 0 1 0
    outer loop
      vertex 3.5 2 6
      vertex 28.4 2 12
      vertex 59.3 2 6
    endloop
  endfacet
  facet normal 0 1 0
    outer loop
      vertex 8 2 17.1
      vertex 3.5 2 6
      vertex 3.5 2 24.6
    endloop
  endfacet
  facet normal 0 1 0
    outer loop
      vertex 20 2 17.1
      vertex 3.5 2 6
      vertex 8 2 17.1
    endloop
  endfacet
  facet normal 0 1 0
    outer loop
      vertex 28.1912 2 12.0137
      vertex 3.5 2 6
      vertex 27.9859 2 12.0545
    endloop
  endfacet
  facet normal 0 1 0
    outer loop
      vertex 28.4 2 12
      vertex 3.5 2 6
      vertex 28.1912 2 12.0137
    endloop
  endfacet
  facet normal 0.946931 0.321437 0
    outer loop
      vertex 2.11418 2.92597 24.6
      vertex 2.05111 3.11177 6
      vertex 2.05111 3.11177 24.6
    endloop
  endfacet
  facet normal 0.946931 0.321437 0
    outer loop
      vertex 2.05111 3.11177 6
      vertex 2.11418 2.92597 24.6
      vertex 2.11418 2.92597 6
    endloop
  endfacet
  facet normal -1 0 0
    outer loop
      vertex 60.8 4.63472 2
      vertex 60.8 3.5 2
      vertex 60.8 4.63472 6
    endloop
  endfacet
  facet normal -1 0 0
    outer loop
      vertex 60.8 38.6347 2
      vertex 60.8 6.16528 2
      vertex 60.8 38.6347 6
    endloop
  endfacet
  facet normal -1 0 0
    outer loop
      vertex 60.8 40.1653 6
      vertex 60.8 41.3 2
      vertex 60.8 40.1653 2
    endloop
  endfacet
  facet normal -1 0 0
    outer loop
      vertex 60.8 41.3 2
      vertex 60.8 40.1653 6
      vertex 60.8 41.3 24.6
    endloop
  endfacet
  facet normal -1 0 0
    outer loop
      vertex 60.8 38.6347 6
      vertex 60.8 41.3 24.6
      vertex 60.8 40.1653 6
    endloop
  endfacet
  facet normal -1 0 0
    outer loop
      vertex 60.8 6.16528 6
      vertex 60.8 38.6347 6
      vertex 60.8 6.16528 2
    endloop
  endfacet
  facet normal -1 0 0
    outer loop
      vertex 60.8 38.6347 6
      vertex 60.8 6.16528 6
      vertex 60.8 41.3 24.6
    endloop
  endfacet
  facet normal -1 0 0
    outer loop
      vertex 60.8 3.5 24.6
      vertex 60.8 6.16528 6
      vertex 60.8 4.63472 6
    endloop
  endfacet
  facet normal -1 0 0
    outer loop
      vertex 60.8 6.16528 6
      vertex 60.8 3.5 24.6
      vertex 60.8 41.3 24.6
    endloop
  endfacet
  facet normal -1 0 0
    outer loop
      vertex 60.8 3.5 24.6
      vertex 60.8 4.63472 6
      vertex 60.8 3.5 2
    endloop
  endfacet
  facet normal -0.555676 0.831399 0
    outer loop
      vertex 60.2131 2.30997 6
      vertex 60.05 2.20096 24.6
      vertex 60.2131 2.30997 24.6
    endloop
  endfacet
  facet normal -0.555676 0.831399 0
    outer loop
      vertex 60.05 2.20096 24.6
      vertex 60.2131 2.30997 6
      vertex 60.05 2.20096 6
    endloop
  endfacet
  facet normal 1 -0 0
    outer loop
      vertex 2 3.5 24.6
      vertex 2 41.3 6
      vertex 2 41.3 24.6
    endloop
  endfacet
  facet normal 1 0 0
    outer loop
      vertex 2 41.3 6
      vertex 2 3.5 24.6
      vertex 2 3.5 6
    endloop
  endfacet
  facet normal -0.658937 -0.752198 0
    outer loop
      vertex 60.2131 42.49 2
      vertex 60.3607 42.3607 24.6
      vertex 60.2131 42.49 24.6
    endloop
  endfacet
  facet normal -0.658937 -0.752198 -0
    outer loop
      vertex 60.3607 42.3607 24.6
      vertex 60.2131 42.49 2
      vertex 60.3607 42.3607 2
    endloop
  endfacet
  facet normal 0.751844 0.659341 0
    outer loop
      vertex 2.43934 2.43934 24.6
      vertex 2.30997 2.58686 6
      vertex 2.30997 2.58686 24.6
    endloop
  endfacet
  facet normal 0.751844 0.659341 0
    outer loop
      vertex 2.30997 2.58686 6
      vertex 2.43934 2.43934 24.6
      vertex 2.43934 2.43934 6
    endloop
  endfacet
  facet normal 0.555582 0.831462 -0
    outer loop
      vertex 2.75 2.20096 6
      vertex 2.58686 2.30997 24.6
      vertex 2.75 2.20096 24.6
    endloop
  endfacet
  facet normal 0.555582 0.831462 0
    outer loop
      vertex 2.58686 2.30997 24.6
      vertex 2.75 2.20096 6
      vertex 2.58686 2.30997 6
    endloop
  endfacet
  facet normal -0.321437 0.946931 0
    outer loop
      vertex 59.874 2.11418 6
      vertex 59.6882 2.05111 24.6
      vertex 59.874 2.11418 24.6
    endloop
  endfacet
  facet normal -0.321437 0.946931 0
    outer loop
      vertex 59.6882 2.05111 24.6
      vertex 59.874 2.11418 6
      vertex 59.6882 2.05111 6
    endloop
  endfacet
  facet normal 0.946931 -0.321437 0
    outer loop
      vertex 2.05111 41.6882 24.6
      vertex 2.11418 41.874 6
      vertex 2.11418 41.874 24.6
    endloop
  endfacet
  facet normal 0.946931 -0.321437 0
    outer loop
      vertex 2.11418 41.874 6
      vertex 2.05111 41.6882 24.6
      vertex 2.05111 41.6882 6
    endloop
  endfacet
  facet normal 0.65914 -0.752021 0
    outer loop
      vertex 2.43934 42.3607 6
      vertex 2.58686 42.49 24.6
      vertex 2.43934 42.3607 24.6
    endloop
  endfacet
  facet normal 0.65914 -0.752021 0
    outer loop
      vertex 2.58686 42.49 24.6
      vertex 2.43934 42.3607 6
      vertex 2.58686 42.49 6
    endloop
  endfacet
  facet normal -0.555641 -0.831422 0
    outer loop
      vertex 60.05 42.599 2
      vertex 60.2131 42.49 24.6
      vertex 60.05 42.599 24.6
    endloop
  endfacet
  facet normal -0.555641 -0.831422 -0
    outer loop
      vertex 60.2131 42.49 24.6
      vertex 60.05 42.599 2
      vertex 60.2131 42.49 2
    endloop
  endfacet
  facet normal 0.980776 -0.195136 0
    outer loop
      vertex 2.01283 41.4958 24.6
      vertex 2.05111 41.6882 6
      vertex 2.05111 41.6882 24.6
    endloop
  endfacet
  facet normal 0.980776 -0.195136 0
    outer loop
      vertex 2.05111 41.6882 6
      vertex 2.01283 41.4958 24.6
      vertex 2.01283 41.4958 6
    endloop
  endfacet
  facet normal 0.442376 -0.89683 0
    outer loop
      vertex 2.75 42.599 6
      vertex 2.92597 42.6858 24.6
      vertex 2.75 42.599 24.6
    endloop
  endfacet
  facet normal 0.442376 -0.89683 0
    outer loop
      vertex 2.92597 42.6858 24.6
      vertex 2.75 42.599 6
      vertex 2.92597 42.6858 6
    endloop
  endfacet
  facet normal 0.0653892 0.99786 -0
    outer loop
      vertex 3.5 2 6
      vertex 3.30421 2.01283 24.6
      vertex 3.5 2 24.6
    endloop
  endfacet
  facet normal 0.0653892 0.99786 0
    outer loop
      vertex 3.30421 2.01283 24.6
      vertex 3.5 2 6
      vertex 3.30421 2.01283 6
    endloop
  endfacet
  facet normal -0.752198 -0.658937 0
    outer loop
      vertex 60.49 42.2131 2
      vertex 60.3607 42.3607 24.6
      vertex 60.3607 42.3607 2
    endloop
  endfacet
  facet normal -0.752198 -0.658937 0
    outer loop
      vertex 60.3607 42.3607 24.6
      vertex 60.49 42.2131 2
      vertex 60.49 42.2131 24.6
    endloop
  endfacet
  facet normal -0.946885 -0.321574 0
    outer loop
      vertex 60.7489 41.6882 2
      vertex 60.6858 41.874 24.6
      vertex 60.6858 41.874 2
    endloop
  endfacet
  facet normal -0.946885 -0.321574 0
    outer loop
      vertex 60.6858 41.874 24.6
      vertex 60.7489 41.6882 2
      vertex 60.7489 41.6882 24.6
    endloop
  endfacet
  facet normal -0.831422 -0.555641 0
    outer loop
      vertex 60.599 42.05 2
      vertex 60.49 42.2131 24.6
      vertex 60.49 42.2131 2
    endloop
  endfacet
  facet normal -0.831422 -0.555641 0
    outer loop
      vertex 60.49 42.2131 24.6
      vertex 60.599 42.05 2
      vertex 60.599 42.05 24.6
    endloop
  endfacet
  facet normal -0.659139 0.752021 0
    outer loop
      vertex 60.3607 2.43934 6
      vertex 60.2131 2.30997 24.6
      vertex 60.3607 2.43934 24.6
    endloop
  endfacet
  facet normal -0.659139 0.752021 0
    outer loop
      vertex 60.2131 2.30997 24.6
      vertex 60.3607 2.43934 6
      vertex 60.2131 2.30997 6
    endloop
  endfacet
  facet normal -0.0653858 0.99786 0
    outer loop
      vertex 59.4958 2.01283 6
      vertex 59.3 2 24.6
      vertex 59.4958 2.01283 24.6
    endloop
  endfacet
  facet normal -0.0653858 0.99786 0
    outer loop
      vertex 59.3 2 24.6
      vertex 59.4958 2.01283 6
      vertex 59.3 2 6
    endloop
  endfacet
  facet normal -0.0652336 -0.99787 0
    outer loop
      vertex 59.3 42.8 2
      vertex 59.4958 42.7872 24.6
      vertex 59.3 42.8 24.6
    endloop
  endfacet
  facet normal -0.0652336 -0.99787 -0
    outer loop
      vertex 59.4958 42.7872 24.6
      vertex 59.3 42.8 2
      vertex 59.4958 42.7872 2
    endloop
  endfacet
  facet normal -0.195136 0.980776 0
    outer loop
      vertex 59.6882 2.05111 6
      vertex 59.4958 2.01283 24.6
      vertex 59.6882 2.05111 24.6
    endloop
  endfacet
  facet normal -0.195136 0.980776 0
    outer loop
      vertex 59.4958 2.01283 24.6
      vertex 59.6882 2.05111 6
      vertex 59.4958 2.01283 6
    endloop
  endfacet
  facet normal 0.195097 0.980784 -0
    outer loop
      vertex 3.30421 2.01283 6
      vertex 3.11177 2.05111 24.6
      vertex 3.30421 2.01283 24.6
    endloop
  endfacet
  facet normal 0.195097 0.980784 0
    outer loop
      vertex 3.11177 2.05111 24.6
      vertex 3.30421 2.01283 6
      vertex 3.11177 2.05111 6
    endloop
  endfacet
  facet normal 0.0652369 -0.99787 0
    outer loop
      vertex 3.30421 42.7872 6
      vertex 3.5 42.8 24.6
      vertex 3.30421 42.7872 24.6
    endloop
  endfacet
  facet normal 0.0652369 -0.99787 0
    outer loop
      vertex 3.5 42.8 24.6
      vertex 3.30421 42.7872 6
      vertex 3.5 42.8 6
    endloop
  endfacet
  facet normal -0.89683 0.442376 0
    outer loop
      vertex 60.599 2.75 6
      vertex 60.6858 2.92597 24.6
      vertex 60.6858 2.92597 6
    endloop
  endfacet
  facet normal -0.89683 0.442376 0
    outer loop
      vertex 60.6858 2.92597 24.6
      vertex 60.599 2.75 6
      vertex 60.599 2.75 24.6
    endloop
  endfacet
  facet normal -0.946777 0.321889 0
    outer loop
      vertex 60.7109 3 6
      vertex 60.7489 3.11177 2
      vertex 60.7109 3 2
    endloop
  endfacet
  facet normal -0.946777 0.321889 0
    outer loop
      vertex 60.7489 3.11177 2
      vertex 60.7109 3 6
      vertex 60.7489 3.11177 24.6
    endloop
  endfacet
  facet normal -0.947046 0.321098 5.30486e-06
    outer loop
      vertex 60.6858 2.92597 6
      vertex 60.7489 3.11177 24.6
      vertex 60.7109 3 6
    endloop
  endfacet
  facet normal -0.946885 0.321574 0
    outer loop
      vertex 60.7489 3.11177 24.6
      vertex 60.6858 2.92597 6
      vertex 60.6858 2.92597 24.6
    endloop
  endfacet
  facet normal -0.321574 -0.946885 0
    outer loop
      vertex 59.6882 42.7489 2
      vertex 59.874 42.6858 24.6
      vertex 59.6882 42.7489 24.6
    endloop
  endfacet
  facet normal -0.321574 -0.946885 -0
    outer loop
      vertex 59.874 42.6858 24.6
      vertex 59.6882 42.7489 2
      vertex 59.874 42.6858 2
    endloop
  endfacet
  facet normal -0.831485 0.555547 0
    outer loop
      vertex 60.49 2.58686 6
      vertex 60.599 2.75 24.6
      vertex 60.599 2.75 6
    endloop
  endfacet
  facet normal -0.831485 0.555547 0
    outer loop
      vertex 60.599 2.75 24.6
      vertex 60.49 2.58686 6
      vertex 60.49 2.58686 24.6
    endloop
  endfacet
  facet normal -0.442233 0.8969 0
    outer loop
      vertex 60.05 2.20096 6
      vertex 59.874 2.11418 24.6
      vertex 60.05 2.20096 24.6
    endloop
  endfacet
  facet normal -0.442233 0.8969 0
    outer loop
      vertex 59.874 2.11418 24.6
      vertex 60.05 2.20096 6
      vertex 59.874 2.11418 6
    endloop
  endfacet
  facet normal 0.659341 0.751844 -0
    outer loop
      vertex 2.58686 2.30997 6
      vertex 2.43934 2.43934 24.6
      vertex 2.58686 2.30997 24.6
    endloop
  endfacet
  facet normal 0.659341 0.751844 0
    outer loop
      vertex 2.43934 2.43934 24.6
      vertex 2.58686 2.30997 6
      vertex 2.43934 2.43934 6
    endloop
  endfacet
  facet normal -0.89686 -0.442315 0
    outer loop
      vertex 60.6858 41.874 2
      vertex 60.599 42.05 24.6
      vertex 60.599 42.05 2
    endloop
  endfacet
  facet normal -0.89686 -0.442315 0
    outer loop
      vertex 60.599 42.05 24.6
      vertex 60.6858 41.874 2
      vertex 60.6858 41.874 24.6
    endloop
  endfacet
  facet normal 0.89687 0.442294 0
    outer loop
      vertex 2.20096 2.75 24.6
      vertex 2.11418 2.92597 6
      vertex 2.11418 2.92597 24.6
    endloop
  endfacet
  facet normal 0.89687 0.442294 0
    outer loop
      vertex 2.11418 2.92597 6
      vertex 2.20096 2.75 24.6
      vertex 2.20096 2.75 6
    endloop
  endfacet
  facet normal 0.321437 0.946931 -0
    outer loop
      vertex 3.11177 2.05111 6
      vertex 2.92597 2.11418 24.6
      vertex 3.11177 2.05111 24.6
    endloop
  endfacet
  facet normal 0.321437 0.946931 0
    outer loop
      vertex 2.92597 2.11418 24.6
      vertex 3.11177 2.05111 6
      vertex 2.92597 2.11418 6
    endloop
  endfacet
  facet normal -0.752021 0.65914 0
    outer loop
      vertex 60.3607 2.43934 6
      vertex 60.49 2.58686 24.6
      vertex 60.49 2.58686 6
    endloop
  endfacet
  facet normal -0.752021 0.65914 0
    outer loop
      vertex 60.49 2.58686 24.6
      vertex 60.3607 2.43934 6
      vertex 60.3607 2.43934 24.6
    endloop
  endfacet
  facet normal 0.831462 0.555582 0
    outer loop
      vertex 2.30997 2.58686 24.6
      vertex 2.20096 2.75 6
      vertex 2.20096 2.75 24.6
    endloop
  endfacet
  facet normal 0.831462 0.555582 0
    outer loop
      vertex 2.20096 2.75 6
      vertex 2.30997 2.58686 24.6
      vertex 2.30997 2.58686 6
    endloop
  endfacet
  facet normal 0.555547 -0.831485 0
    outer loop
      vertex 2.58686 42.49 6
      vertex 2.75 42.599 24.6
      vertex 2.58686 42.49 24.6
    endloop
  endfacet
  facet normal 0.555547 -0.831485 0
    outer loop
      vertex 2.75 42.599 24.6
      vertex 2.58686 42.49 6
      vertex 2.75 42.599 6
    endloop
  endfacet
  facet normal 0.752021 -0.659139 0
    outer loop
      vertex 2.30997 42.2131 24.6
      vertex 2.43934 42.3607 6
      vertex 2.43934 42.3607 24.6
    endloop
  endfacet
  facet normal 0.752021 -0.659139 0
    outer loop
      vertex 2.43934 42.3607 6
      vertex 2.30997 42.2131 24.6
      vertex 2.30997 42.2131 6
    endloop
  endfacet
  facet normal 0.831399 -0.555676 0
    outer loop
      vertex 2.20096 42.05 24.6
      vertex 2.30997 42.2131 6
      vertex 2.30997 42.2131 24.6
    endloop
  endfacet
  facet normal 0.831399 -0.555676 0
    outer loop
      vertex 2.30997 42.2131 6
      vertex 2.20096 42.05 24.6
      vertex 2.20096 42.05 6
    endloop
  endfacet
  facet normal 0.980784 0.195097 0
    outer loop
      vertex 2.05111 3.11177 24.6
      vertex 2.01283 3.30421 6
      vertex 2.01283 3.30421 24.6
    endloop
  endfacet
  facet normal 0.980784 0.195097 0
    outer loop
      vertex 2.01283 3.30421 6
      vertex 2.05111 3.11177 24.6
      vertex 2.05111 3.11177 6
    endloop
  endfacet
  facet normal -0.99787 0.0652369 0
    outer loop
      vertex 60.7872 3.30421 2
      vertex 60.8 3.5 24.6
      vertex 60.8 3.5 2
    endloop
  endfacet
  facet normal -0.99787 0.0652369 0
    outer loop
      vertex 60.8 3.5 24.6
      vertex 60.7872 3.30421 2
      vertex 60.7872 3.30421 24.6
    endloop
  endfacet
  facet normal -0.980764 0.195195 0
    outer loop
      vertex 60.7489 3.11177 2
      vertex 60.7872 3.30421 24.6
      vertex 60.7872 3.30421 2
    endloop
  endfacet
  facet normal -0.980764 0.195195 0
    outer loop
      vertex 60.7872 3.30421 24.6
      vertex 60.7489 3.11177 2
      vertex 60.7489 3.11177 24.6
    endloop
  endfacet
  facet normal 0 0 1
    outer loop
      vertex 60.8 41.3 2
      vertex 60.7978 40.1765 2
      vertex 60.8 40.1653 2
    endloop
  endfacet
  facet normal 0 0 1
    outer loop
      vertex 60.2801 41.2263 2
      vertex 60.8 41.3 2
      vertex 60.7872 41.4958 2
    endloop
  endfacet
  facet normal 0 0 1
    outer loop
      vertex 60.2801 41.2263 2
      vertex 60.7872 41.4958 2
      vertex 60.7489 41.6882 2
    endloop
  endfacet
  facet normal 0 0 1
    outer loop
      vertex 60.0213 41.5213 2
      vertex 60.7489 41.6882 2
      vertex 60.6858 41.874 2
    endloop
  endfacet
  facet normal 0 0 1
    outer loop
      vertex 60.8 41.3 2
      vertex 60.6716 40.548 2
      vertex 60.7978 40.1765 2
    endloop
  endfacet
  facet normal 0 0 1
    outer loop
      vertex 60.0213 41.5213 2
      vertex 60.6858 41.874 2
      vertex 60.599 42.05 2
    endloop
  endfacet
  facet normal 0 0 1
    outer loop
      vertex 60.8 41.3 2
      vertex 60.4981 40.9 2
      vertex 60.6716 40.548 2
    endloop
  endfacet
  facet normal 0 0 1
    outer loop
      vertex 60.0213 41.5213 2
      vertex 60.599 42.05 2
      vertex 60.49 42.2131 2
    endloop
  endfacet
  facet normal 0 0 1
    outer loop
      vertex 59.7263 41.7801 2
      vertex 60.49 42.2131 2
      vertex 60.3607 42.3607 2
    endloop
  endfacet
  facet normal 0 0 1
    outer loop
      vertex 60.8 41.3 2
      vertex 60.2801 41.2263 2
      vertex 60.4981 40.9 2
    endloop
  endfacet
  facet normal 0 0 1
    outer loop
      vertex 59.7263 41.7801 2
      vertex 60.3607 42.3607 2
      vertex 60.2131 42.49 2
    endloop
  endfacet
  facet normal 0 0 1
    outer loop
      vertex 59.7263 41.7801 2
      vertex 60.2131 42.49 2
      vertex 60.05 42.599 2
    endloop
  endfacet
  facet normal 0 0 1
    outer loop
      vertex 60.7489 41.6882 2
      vertex 60.0213 41.5213 2
      vertex 60.2801 41.2263 2
    endloop
  endfacet
  facet normal 0 0 1
    outer loop
      vertex 59.4 41.9981 2
      vertex 60.05 42.599 2
      vertex 59.874 42.6858 2
    endloop
  endfacet
  facet normal 0 0 1
    outer loop
      vertex 60.49 42.2131 2
      vertex 59.7263 41.7801 2
      vertex 60.0213 41.5213 2
    endloop
  endfacet
  facet normal 0 0 1
    outer loop
      vertex 59.4 41.9981 2
      vertex 59.874 42.6858 2
      vertex 59.6882 42.7489 2
    endloop
  endfacet
  facet normal 0 0 1
    outer loop
      vertex 59.4 41.9981 2
      vertex 59.6882 42.7489 2
      vertex 59.4958 42.7872 2
    endloop
  endfacet
  facet normal 0 0 1
    outer loop
      vertex 60.05 42.599 2
      vertex 59.4 41.9981 2
      vertex 59.7263 41.7801 2
    endloop
  endfacet
  facet normal 0 0 1
    outer loop
      vertex 59.048 42.1716 2
      vertex 59.4958 42.7872 2
      vertex 59.3 42.8 2
    endloop
  endfacet
  facet normal 0 0 1
    outer loop
      vertex 59.4958 42.7872 2
      vertex 59.048 42.1716 2
      vertex 59.4 41.9981 2
    endloop
  endfacet
  facet normal 0 0 1
    outer loop
      vertex 59.3 42.8 2
      vertex 58.6765 42.2978 2
      vertex 59.048 42.1716 2
    endloop
  endfacet
  facet normal 0 0 1
    outer loop
      vertex 59.3 42.8 2
      vertex 58.2916 42.3743 2
      vertex 58.6765 42.2978 2
    endloop
  endfacet
  facet normal 0 0 1
    outer loop
      vertex 59.3 42.8 2
      vertex 57.9 42.4 2
      vertex 58.2916 42.3743 2
    endloop
  endfacet
  facet normal 0 0 1
    outer loop
      vertex 59.3 42.8 2
      vertex 57.5084 42.3743 2
      vertex 57.9 42.4 2
    endloop
  endfacet
  facet normal 0 0 1
    outer loop
      vertex 59.3 42.8 2
      vertex 57.1235 42.2978 2
      vertex 57.5084 42.3743 2
    endloop
  endfacet
  facet normal 0 0 1
    outer loop
      vertex 55.5199 37.5737 2
      vertex 20.5301 37.5737 2
      vertex 55.5199 7.22628 2
    endloop
  endfacet
  facet normal 0 0 1
    outer loop
      vertex 54.9257 39.7916 2
      vertex 21.15 39.4 2
      vertex 54.9 39.4 2
    endloop
  endfacet
  facet normal 0 0 1
    outer loop
      vertex 21.1243 39.7916 2
      vertex 54.9257 39.7916 2
      vertex 55.0022 40.1765 2
    endloop
  endfacet
  facet normal 0 0 1
    outer loop
      vertex 21.0478 40.1765 2
      vertex 55.0022 40.1765 2
      vertex 55.1284 40.548 2
    endloop
  endfacet
  facet normal 0 0 1
    outer loop
      vertex 20.9216 40.548 2
      vertex 55.1284 40.548 2
      vertex 55.3019 40.9 2
    endloop
  endfacet
  facet normal 0 0 1
    outer loop
      vertex 20.7481 40.9 2
      vertex 55.3019 40.9 2
      vertex 55.5199 41.2263 2
    endloop
  endfacet
  facet normal 0 0 1
    outer loop
      vertex 20.5301 41.2263 2
      vertex 55.5199 41.2263 2
      vertex 55.7787 41.5213 2
    endloop
  endfacet
  facet normal 0 0 1
    outer loop
      vertex 20.2713 41.5213 2
      vertex 55.7787 41.5213 2
      vertex 56.0737 41.7801 2
    endloop
  endfacet
  facet normal 0 0 1
    outer loop
      vertex 19.9763 41.7801 2
      vertex 56.0737 41.7801 2
      vertex 56.4 41.9981 2
    endloop
  endfacet
  facet normal 0 0 1
    outer loop
      vertex 19.65 41.9981 2
      vertex 56.4 41.9981 2
      vertex 56.7519 42.1716 2
    endloop
  endfacet
  facet normal 0 0 1
    outer loop
      vertex 19.298 42.1716 2
      vertex 56.7519 42.1716 2
      vertex 57.1235 42.2978 2
    endloop
  endfacet
  facet normal 0 0 1
    outer loop
      vertex 18.9265 42.2978 2
      vertex 57.1235 42.2978 2
      vertex 59.3 42.8 2
    endloop
  endfacet
  facet normal 0 0 1
    outer loop
      vertex 54.9257 39.7916 2
      vertex 21.1243 39.7916 2
      vertex 21.15 39.4 2
    endloop
  endfacet
  facet normal 0 0 1
    outer loop
      vertex 55.0022 40.1765 2
      vertex 21.0478 40.1765 2
      vertex 21.1243 39.7916 2
    endloop
  endfacet
  facet normal 0 0 1
    outer loop
      vertex 55.1284 40.548 2
      vertex 20.9216 40.548 2
      vertex 21.0478 40.1765 2
    endloop
  endfacet
  facet normal 0 0 1
    outer loop
      vertex 55.3019 40.9 2
      vertex 20.7481 40.9 2
      vertex 20.9216 40.548 2
    endloop
  endfacet
  facet normal 0 0 1
    outer loop
      vertex 55.5199 41.2263 2
      vertex 20.5301 41.2263 2
      vertex 20.7481 40.9 2
    endloop
  endfacet
  facet normal 0 0 1
    outer loop
      vertex 55.7787 41.5213 2
      vertex 20.2713 41.5213 2
      vertex 20.5301 41.2263 2
    endloop
  endfacet
  facet normal 0 0 1
    outer loop
      vertex 56.0737 41.7801 2
      vertex 19.9763 41.7801 2
      vertex 20.2713 41.5213 2
    endloop
  endfacet
  facet normal 0 0 1
    outer loop
      vertex 56.4 41.9981 2
      vertex 19.65 41.9981 2
      vertex 19.9763 41.7801 2
    endloop
  endfacet
  facet normal 0 0 1
    outer loop
      vertex 56.7519 42.1716 2
      vertex 19.298 42.1716 2
      vertex 19.65 41.9981 2
    endloop
  endfacet
  facet normal 0 0 1
    outer loop
      vertex 57.1235 42.2978 2
      vertex 18.9265 42.2978 2
      vertex 19.298 42.1716 2
    endloop
  endfacet
  facet normal 0 0 1
    outer loop
      vertex 59.3 42.8 2
      vertex 18.5416 42.3743 2
      vertex 18.9265 42.2978 2
    endloop
  endfacet
  facet normal 0 0 1
    outer loop
      vertex 59.3 42.8 2
      vertex 18.15 42.4 2
      vertex 18.5416 42.3743 2
    endloop
  endfacet
  facet normal 0 0 1
    outer loop
      vertex 15.1757 39.7916 2
      vertex 3.5 42.8 2
      vertex 15.15 39.4 2
    endloop
  endfacet
  facet normal 0 0 1
    outer loop
      vertex 15.2522 40.1765 2
      vertex 3.5 42.8 2
      vertex 15.1757 39.7916 2
    endloop
  endfacet
  facet normal 0 0 1
    outer loop
      vertex 15.3784 40.548 2
      vertex 3.5 42.8 2
      vertex 15.2522 40.1765 2
    endloop
  endfacet
  facet normal 0 0 1
    outer loop
      vertex 15.5519 40.9 2
      vertex 3.5 42.8 2
      vertex 15.3784 40.548 2
    endloop
  endfacet
  facet normal 0 0 1
    outer loop
      vertex 15.7699 41.2263 2
      vertex 3.5 42.8 2
      vertex 15.5519 40.9 2
    endloop
  endfacet
  facet normal 0 0 1
    outer loop
      vertex 16.0287 41.5213 2
      vertex 3.5 42.8 2
      vertex 15.7699 41.2263 2
    endloop
  endfacet
  facet normal 0 0 1
    outer loop
      vertex 16.3237 41.7801 2
      vertex 3.5 42.8 2
      vertex 16.0287 41.5213 2
    endloop
  endfacet
  facet normal 0 0 1
    outer loop
      vertex 16.65 41.9981 2
      vertex 3.5 42.8 2
      vertex 16.3237 41.7801 2
    endloop
  endfacet
  facet normal 0 0 1
    outer loop
      vertex 17.002 42.1716 2
      vertex 3.5 42.8 2
      vertex 16.65 41.9981 2
    endloop
  endfacet
  facet normal 0 0 1
    outer loop
      vertex 17.3735 42.2978 2
      vertex 3.5 42.8 2
      vertex 17.002 42.1716 2
    endloop
  endfacet
  facet normal 0 0 1
    outer loop
      vertex 17.7584 42.3743 2
      vertex 3.5 42.8 2
      vertex 17.3735 42.2978 2
    endloop
  endfacet
  facet normal 0 0 1
    outer loop
      vertex 18.15 42.4 2
      vertex 3.5 42.8 2
      vertex 17.7584 42.3743 2
    endloop
  endfacet
  facet normal -0 0 1
    outer loop
      vertex 3.5 42.8 2
      vertex 18.15 42.4 2
      vertex 59.3 42.8 2
    endloop
  endfacet
  facet normal -0 0 1
    outer loop
      vertex 60.7978 38.6235 2
      vertex 60.8 6.16528 2
      vertex 60.8 38.6347 2
    endloop
  endfacet
  facet normal 0 0 1
    outer loop
      vertex 60.7978 38.6235 2
      vertex 60.7978 6.17646 2
      vertex 60.8 6.16528 2
    endloop
  endfacet
  facet normal -0 0 1
    outer loop
      vertex 60.6716 38.2519 2
      vertex 60.7978 6.17646 2
      vertex 60.7978 38.6235 2
    endloop
  endfacet
  facet normal 0 0 1
    outer loop
      vertex 60.6716 38.2519 2
      vertex 60.6716 6.54805 2
      vertex 60.7978 6.17646 2
    endloop
  endfacet
  facet normal -0 0 1
    outer loop
      vertex 60.4981 37.9 2
      vertex 60.6716 6.54805 2
      vertex 60.6716 38.2519 2
    endloop
  endfacet
  facet normal 0 0 1
    outer loop
      vertex 60.4981 37.9 2
      vertex 60.4981 6.9 2
      vertex 60.6716 6.54805 2
    endloop
  endfacet
  facet normal -0 0 1
    outer loop
      vertex 60.2801 37.5737 2
      vertex 60.4981 6.9 2
      vertex 60.4981 37.9 2
    endloop
  endfacet
  facet normal 0 0 1
    outer loop
      vertex 60.2801 37.5737 2
      vertex 60.2801 7.22628 2
      vertex 60.4981 6.9 2
    endloop
  endfacet
  facet normal -0 0 1
    outer loop
      vertex 60.0213 37.2787 2
      vertex 60.2801 7.22628 2
      vertex 60.2801 37.5737 2
    endloop
  endfacet
  facet normal 0 0 1
    outer loop
      vertex 60.0213 37.2787 2
      vertex 60.0213 7.52132 2
      vertex 60.2801 7.22628 2
    endloop
  endfacet
  facet normal -0 0 1
    outer loop
      vertex 59.7263 37.0199 2
      vertex 60.0213 7.52132 2
      vertex 60.0213 37.2787 2
    endloop
  endfacet
  facet normal 0 0 1
    outer loop
      vertex 59.7263 37.0199 2
      vertex 59.7263 7.78006 2
      vertex 60.0213 7.52132 2
    endloop
  endfacet
  facet normal -0 0 1
    outer loop
      vertex 59.4 36.8019 2
      vertex 59.7263 7.78006 2
      vertex 59.7263 37.0199 2
    endloop
  endfacet
  facet normal 0 0 1
    outer loop
      vertex 59.4 36.8019 2
      vertex 59.4 7.99808 2
      vertex 59.7263 7.78006 2
    endloop
  endfacet
  facet normal -0 0 1
    outer loop
      vertex 59.048 36.6284 2
      vertex 59.4 7.99808 2
      vertex 59.4 36.8019 2
    endloop
  endfacet
  facet normal 0 0 1
    outer loop
      vertex 59.048 36.6284 2
      vertex 59.048 8.17164 2
      vertex 59.4 7.99808 2
    endloop
  endfacet
  facet normal -0 0 1
    outer loop
      vertex 58.6765 36.5022 2
      vertex 59.048 8.17164 2
      vertex 59.048 36.6284 2
    endloop
  endfacet
  facet normal 0 0 1
    outer loop
      vertex 58.6765 36.5022 2
      vertex 58.6765 8.29778 2
      vertex 59.048 8.17164 2
    endloop
  endfacet
  facet normal -0 0 1
    outer loop
      vertex 58.2916 36.4257 2
      vertex 58.6765 8.29778 2
      vertex 58.6765 36.5022 2
    endloop
  endfacet
  facet normal 0 0 1
    outer loop
      vertex 58.2916 36.4257 2
      vertex 58.2916 8.37433 2
      vertex 58.6765 8.29778 2
    endloop
  endfacet
  facet normal -0 0 1
    outer loop
      vertex 57.9 36.4 2
      vertex 58.2916 8.37433 2
      vertex 58.2916 36.4257 2
    endloop
  endfacet
  facet normal 0 0 1
    outer loop
      vertex 57.9 36.4 2
      vertex 57.9 8.4 2
      vertex 58.2916 8.37433 2
    endloop
  endfacet
  facet normal 0 0 1
    outer loop
      vertex 57.5084 36.4257 2
      vertex 57.9 8.4 2
      vertex 57.9 36.4 2
    endloop
  endfacet
  facet normal 0 0 1
    outer loop
      vertex 57.5084 36.4257 2
      vertex 57.5084 8.37433 2
      vertex 57.9 8.4 2
    endloop
  endfacet
  facet normal 0 0 1
    outer loop
      vertex 57.1235 36.5022 2
      vertex 57.5084 8.37433 2
      vertex 57.5084 36.4257 2
    endloop
  endfacet
  facet normal 0 0 1
    outer loop
      vertex 57.1235 36.5022 2
      vertex 57.1235 8.29778 2
      vertex 57.5084 8.37433 2
    endloop
  endfacet
  facet normal 0 0 1
    outer loop
      vertex 56.7519 36.6284 2
      vertex 57.1235 8.29778 2
      vertex 57.1235 36.5022 2
    endloop
  endfacet
  facet normal 0 0 1
    outer loop
      vertex 56.7519 36.6284 2
      vertex 56.7519 8.17164 2
      vertex 57.1235 8.29778 2
    endloop
  endfacet
  facet normal 0 0 1
    outer loop
      vertex 56.4 36.8019 2
      vertex 56.7519 8.17164 2
      vertex 56.7519 36.6284 2
    endloop
  endfacet
  facet normal 0 0 1
    outer loop
      vertex 56.4 36.8019 2
      vertex 56.4 7.99808 2
      vertex 56.7519 8.17164 2
    endloop
  endfacet
  facet normal 0 0 1
    outer loop
      vertex 56.0737 37.0199 2
      vertex 56.4 7.99808 2
      vertex 56.4 36.8019 2
    endloop
  endfacet
  facet normal 0 0 1
    outer loop
      vertex 56.0737 37.0199 2
      vertex 56.0737 7.78006 2
      vertex 56.4 7.99808 2
    endloop
  endfacet
  facet normal 0 0 1
    outer loop
      vertex 55.7787 37.2787 2
      vertex 56.0737 7.78006 2
      vertex 56.0737 37.0199 2
    endloop
  endfacet
  facet normal 0 0 1
    outer loop
      vertex 55.7787 37.2787 2
      vertex 55.7787 7.52132 2
      vertex 56.0737 7.78006 2
    endloop
  endfacet
  facet normal 0 0 1
    outer loop
      vertex 55.5199 37.5737 2
      vertex 55.7787 7.52132 2
      vertex 55.7787 37.2787 2
    endloop
  endfacet
  facet normal 0 0 1
    outer loop
      vertex 55.5199 37.5737 2
      vertex 55.5199 7.22628 2
      vertex 55.7787 7.52132 2
    endloop
  endfacet
  facet normal 0 0 1
    outer loop
      vertex 55.0022 38.6235 2
      vertex 21.0478 38.6235 2
      vertex 55.1284 38.2519 2
    endloop
  endfacet
  facet normal 0 0 1
    outer loop
      vertex 20.9216 38.2519 2
      vertex 55.1284 38.2519 2
      vertex 21.0478 38.6235 2
    endloop
  endfacet
  facet normal 0 0 1
    outer loop
      vertex 21.0478 38.6235 2
      vertex 55.0022 38.6235 2
      vertex 21.1243 39.0084 2
    endloop
  endfacet
  facet normal 0 0 1
    outer loop
      vertex 55.1284 38.2519 2
      vertex 20.9216 38.2519 2
      vertex 55.3019 37.9 2
    endloop
  endfacet
  facet normal 0 0 1
    outer loop
      vertex 54.9257 39.0084 2
      vertex 21.1243 39.0084 2
      vertex 55.0022 38.6235 2
    endloop
  endfacet
  facet normal 0 0 1
    outer loop
      vertex 20.7481 37.9 2
      vertex 55.3019 37.9 2
      vertex 20.9216 38.2519 2
    endloop
  endfacet
  facet normal 0 0 1
    outer loop
      vertex 21.1243 39.0084 2
      vertex 54.9257 39.0084 2
      vertex 21.15 39.4 2
    endloop
  endfacet
  facet normal 0 0 1
    outer loop
      vertex 55.3019 37.9 2
      vertex 20.7481 37.9 2
      vertex 55.5199 37.5737 2
    endloop
  endfacet
  facet normal -0 0 1
    outer loop
      vertex 21.15 39.4 2
      vertex 54.9257 39.0084 2
      vertex 54.9 39.4 2
    endloop
  endfacet
  facet normal 0 0 1
    outer loop
      vertex 20.5301 37.5737 2
      vertex 55.5199 37.5737 2
      vertex 20.7481 37.9 2
    endloop
  endfacet
  facet normal -0 0 1
    outer loop
      vertex 20.2713 37.2787 2
      vertex 55.5199 7.22628 2
      vertex 20.5301 37.5737 2
    endloop
  endfacet
  facet normal 0 0 1
    outer loop
      vertex 55.5199 7.22628 2
      vertex 20.2713 37.2787 2
      vertex 55.3019 6.9 2
    endloop
  endfacet
  facet normal -0 0 1
    outer loop
      vertex 19.9763 37.0199 2
      vertex 55.3019 6.9 2
      vertex 20.2713 37.2787 2
    endloop
  endfacet
  facet normal 0 0 1
    outer loop
      vertex 55.3019 6.9 2
      vertex 19.9763 37.0199 2
      vertex 55.1284 6.54805 2
    endloop
  endfacet
  facet normal -0 0 1
    outer loop
      vertex 19.65 36.8019 2
      vertex 55.1284 6.54805 2
      vertex 19.9763 37.0199 2
    endloop
  endfacet
  facet normal 0 0 1
    outer loop
      vertex 55.1284 6.54805 2
      vertex 19.65 36.8019 2
      vertex 55.0022 6.17646 2
    endloop
  endfacet
  facet normal -0 0 1
    outer loop
      vertex 19.298 36.6284 2
      vertex 55.0022 6.17646 2
      vertex 19.65 36.8019 2
    endloop
  endfacet
  facet normal 0 0 1
    outer loop
      vertex 3.5 3 2
      vertex 55.0022 6.17646 2
      vertex 19.298 36.6284 2
    endloop
  endfacet
  facet normal 0 0 1
    outer loop
      vertex 55.0022 6.17646 2
      vertex 3.5 3 2
      vertex 54.9257 5.79158 2
    endloop
  endfacet
  facet normal 0 0 1
    outer loop
      vertex 54.9257 5.79158 2
      vertex 3.5 3 2
      vertex 54.9 5.4 2
    endloop
  endfacet
  facet normal 0 0 1
    outer loop
      vertex 54.9 5.4 2
      vertex 3.5 3 2
      vertex 54.9257 5.00842 2
    endloop
  endfacet
  facet normal 0 0 1
    outer loop
      vertex 54.9257 5.00842 2
      vertex 3.5 3 2
      vertex 55.0022 4.62354 2
    endloop
  endfacet
  facet normal 0 0 1
    outer loop
      vertex 55.0022 4.62354 2
      vertex 3.5 3 2
      vertex 55.1284 4.25195 2
    endloop
  endfacet
  facet normal 0 0 1
    outer loop
      vertex 55.1284 4.25195 2
      vertex 3.5 3 2
      vertex 55.3019 3.9 2
    endloop
  endfacet
  facet normal 0 0 1
    outer loop
      vertex 55.3019 3.9 2
      vertex 3.5 3 2
      vertex 55.5199 3.57372 2
    endloop
  endfacet
  facet normal 0 0 1
    outer loop
      vertex 3.5 3 2
      vertex 19.298 36.6284 2
      vertex 18.9265 36.5022 2
    endloop
  endfacet
  facet normal 0 0 1
    outer loop
      vertex 3.5 3 2
      vertex 18.9265 36.5022 2
      vertex 18.5416 36.4257 2
    endloop
  endfacet
  facet normal 0 0 1
    outer loop
      vertex 3.5 3 2
      vertex 18.5416 36.4257 2
      vertex 18.15 36.4 2
    endloop
  endfacet
  facet normal 0 0 1
    outer loop
      vertex 3.5 3 2
      vertex 18.15 36.4 2
      vertex 17.7584 36.4257 2
    endloop
  endfacet
  facet normal 0 0 1
    outer loop
      vertex 55.5199 3.57372 2
      vertex 3.5 3 2
      vertex 55.7787 3.27868 2
    endloop
  endfacet
  facet normal 0 0 1
    outer loop
      vertex 3.5 3 2
      vertex 17.7584 36.4257 2
      vertex 17.3735 36.5022 2
    endloop
  endfacet
  facet normal 0 0 1
    outer loop
      vertex 3.5 3 2
      vertex 17.3735 36.5022 2
      vertex 17.002 36.6284 2
    endloop
  endfacet
  facet normal 0 0 1
    outer loop
      vertex 3.5 3 2
      vertex 17.002 36.6284 2
      vertex 16.65 36.8019 2
    endloop
  endfacet
  facet normal 0 0 1
    outer loop
      vertex 3.5 3 2
      vertex 16.65 36.8019 2
      vertex 16.3237 37.0199 2
    endloop
  endfacet
  facet normal 0 0 1
    outer loop
      vertex 3.5 42.8 2
      vertex 15.1757 39.0084 2
      vertex 15.15 39.4 2
    endloop
  endfacet
  facet normal 0 0 1
    outer loop
      vertex 3.5 42.8 2
      vertex 15.2522 38.6235 2
      vertex 15.1757 39.0084 2
    endloop
  endfacet
  facet normal 0 0 1
    outer loop
      vertex 3.5 42.8 2
      vertex 15.3784 38.2519 2
      vertex 15.2522 38.6235 2
    endloop
  endfacet
  facet normal 0 0 1
    outer loop
      vertex 3.5 42.8 2
      vertex 15.5519 37.9 2
      vertex 15.3784 38.2519 2
    endloop
  endfacet
  facet normal 0 0 1
    outer loop
      vertex 3.5 42.8 2
      vertex 15.7699 37.5737 2
      vertex 15.5519 37.9 2
    endloop
  endfacet
  facet normal 0 0 1
    outer loop
      vertex 3.5 42.8 2
      vertex 16.0287 37.2787 2
      vertex 15.7699 37.5737 2
    endloop
  endfacet
  facet normal 0 0 1
    outer loop
      vertex 3.5 3 2
      vertex 16.0287 37.2787 2
      vertex 3.5 42.8 2
    endloop
  endfacet
  facet normal 0 0 1
    outer loop
      vertex 16.0287 37.2787 2
      vertex 3.5 3 2
      vertex 16.3237 37.0199 2
    endloop
  endfacet
  facet normal 0 0 1
    outer loop
      vertex 56.0737 3.01994 2
      vertex 3.5 3 2
      vertex 56.1036 3 2
    endloop
  endfacet
  facet normal 0 0 1
    outer loop
      vertex 55.7787 3.27868 2
      vertex 3.5 3 2
      vertex 56.0737 3.01994 2
    endloop
  endfacet
  facet normal -0 0 1
    outer loop
      vertex 60.7978 4.62354 2
      vertex 60.8 3.5 2
      vertex 60.8 4.63472 2
    endloop
  endfacet
  facet normal -0 0 1
    outer loop
      vertex 60.6716 4.25195 2
      vertex 60.8 3.5 2
      vertex 60.7978 4.62354 2
    endloop
  endfacet
  facet normal -0 0 1
    outer loop
      vertex 60.4981 3.9 2
      vertex 60.8 3.5 2
      vertex 60.6716 4.25195 2
    endloop
  endfacet
  facet normal -0 0 1
    outer loop
      vertex 60.2801 3.57372 2
      vertex 60.8 3.5 2
      vertex 60.4981 3.9 2
    endloop
  endfacet
  facet normal 0 0 1
    outer loop
      vertex 60.8 3.5 2
      vertex 60.2801 3.57372 2
      vertex 60.7872 3.30421 2
    endloop
  endfacet
  facet normal 0 0 1
    outer loop
      vertex 60.7872 3.30421 2
      vertex 60.2801 3.57372 2
      vertex 60.7489 3.11177 2
    endloop
  endfacet
  facet normal -0 0 1
    outer loop
      vertex 60.0213 3.27868 2
      vertex 60.7489 3.11177 2
      vertex 60.2801 3.57372 2
    endloop
  endfacet
  facet normal 0 0 1
    outer loop
      vertex 60.7489 3.11177 2
      vertex 60.0213 3.27868 2
      vertex 60.7109 3 2
    endloop
  endfacet
  facet normal -0 0 1
    outer loop
      vertex 59.7263 3.01994 2
      vertex 60.7109 3 2
      vertex 60.0213 3.27868 2
    endloop
  endfacet
  facet normal 0 0 1
    outer loop
      vertex 60.7109 3 2
      vertex 59.7263 3.01994 2
      vertex 59.6964 3 2
    endloop
  endfacet
  facet normal -1 0 0
    outer loop
      vertex 20 0 17.1
      vertex 20 2 24.6
      vertex 20 2 17.1
    endloop
  endfacet
  facet normal -1 -0 0
    outer loop
      vertex 20 2 24.6
      vertex 20 0 17.1
      vertex 20 0 24.6
    endloop
  endfacet
  facet normal -0 0 1
    outer loop
      vertex 8 2 17.1
      vertex 20 0 17.1
      vertex 20 2 17.1
    endloop
  endfacet
  facet normal 0 0 1
    outer loop
      vertex 20 0 17.1
      vertex 8 2 17.1
      vertex 8 0 17.1
    endloop
  endfacet
  facet normal 1 -0 0
    outer loop
      vertex 8 0 24.6
      vertex 8 2 17.1
      vertex 8 2 24.6
    endloop
  endfacet
  facet normal 1 0 0
    outer loop
      vertex 8 2 17.1
      vertex 8 0 24.6
      vertex 8 0 17.1
    endloop
  endfacet
  facet normal 0.659248 0 0.751925
    outer loop
      vertex 27.2686 2 12.4686
      vertex 27.426 0 12.3306
      vertex 27.426 2 12.3306
    endloop
  endfacet
  facet normal 0.659248 0 0.751925
    outer loop
      vertex 27.426 0 12.3306
      vertex 27.2686 2 12.4686
      vertex 27.2686 0 12.4686
    endloop
  endfacet
  facet normal -0.980819 0 0.194922
    outer loop
      vertex 29.9455 0 13.1859
      vertex 29.9863 2 13.3912
      vertex 29.9455 2 13.1859
    endloop
  endfacet
  facet normal -0.980819 0 0.194922
    outer loop
      vertex 29.9863 2 13.3912
      vertex 29.9455 0 13.1859
      vertex 29.9863 0 13.3912
    endloop
  endfacet
  facet normal -0.997854 0 0.0654722
    outer loop
      vertex 29.9863 0 13.3912
      vertex 30 2 13.6
      vertex 29.9863 2 13.3912
    endloop
  endfacet
  facet normal -0.997854 0 0.0654722
    outer loop
      vertex 30 2 13.6
      vertex 29.9863 0 13.3912
      vertex 30 0 13.6
    endloop
  endfacet
  facet normal -0.946901 0 0.321526
    outer loop
      vertex 29.8782 0 12.9877
      vertex 29.9455 2 13.1859
      vertex 29.8782 2 12.9877
    endloop
  endfacet
  facet normal -0.946901 0 0.321526
    outer loop
      vertex 29.9455 2 13.1859
      vertex 29.8782 0 12.9877
      vertex 29.9455 0 13.1859
    endloop
  endfacet
  facet normal 0.751925 -0 0.659248
    outer loop
      vertex 27.1306 0 12.626
      vertex 27.2686 2 12.4686
      vertex 27.1306 2 12.626
    endloop
  endfacet
  facet normal 0.751925 0 0.659248
    outer loop
      vertex 27.2686 2 12.4686
      vertex 27.1306 0 12.626
      vertex 27.2686 0 12.4686
    endloop
  endfacet
  facet normal -0.321526 0 0.946901
    outer loop
      vertex 28.8141 2 12.0545
      vertex 29.0123 0 12.1218
      vertex 29.0123 2 12.1218
    endloop
  endfacet
  facet normal -0.321526 0 0.946901
    outer loop
      vertex 29.0123 0 12.1218
      vertex 28.8141 2 12.0545
      vertex 28.8141 0 12.0545
    endloop
  endfacet
  facet normal 0.321526 0 0.946901
    outer loop
      vertex 27.7877 2 12.1218
      vertex 27.9859 0 12.0545
      vertex 27.9859 2 12.0545
    endloop
  endfacet
  facet normal 0.321526 0 0.946901
    outer loop
      vertex 27.9859 0 12.0545
      vertex 27.7877 2 12.1218
      vertex 27.7877 0 12.1218
    endloop
  endfacet
  facet normal -0.896803 0 0.442429
    outer loop
      vertex 29.7856 0 12.8
      vertex 29.8782 2 12.9877
      vertex 29.7856 2 12.8
    endloop
  endfacet
  facet normal -0.896803 0 0.442429
    outer loop
      vertex 29.8782 2 12.9877
      vertex 29.7856 0 12.8
      vertex 29.8782 0 12.9877
    endloop
  endfacet
  facet normal -0.831609 0 0.555362
    outer loop
      vertex 29.6694 0 12.626
      vertex 29.7856 2 12.8
      vertex 29.6694 2 12.626
    endloop
  endfacet
  facet normal -0.831609 0 0.555362
    outer loop
      vertex 29.7856 2 12.8
      vertex 29.6694 0 12.626
      vertex 29.7856 0 12.8
    endloop
  endfacet
  facet normal 0.0654722 0 0.997854
    outer loop
      vertex 28.1912 2 12.0137
      vertex 28.4 0 12
      vertex 28.4 2 12
    endloop
  endfacet
  facet normal 0.0654722 0 0.997854
    outer loop
      vertex 28.4 0 12
      vertex 28.1912 2 12.0137
      vertex 28.1912 0 12.0137
    endloop
  endfacet
  facet normal -0.321526 0 -0.946901
    outer loop
      vertex 28.8141 0 15.1455
      vertex 29.0123 2 15.0782
      vertex 29.0123 0 15.0782
    endloop
  endfacet
  facet normal -0.321526 0 -0.946901
    outer loop
      vertex 29.0123 2 15.0782
      vertex 28.8141 0 15.1455
      vertex 28.8141 2 15.1455
    endloop
  endfacet
  facet normal 0.555362 0 -0.831609
    outer loop
      vertex 27.426 0 14.8694
      vertex 27.6 2 14.9856
      vertex 27.6 0 14.9856
    endloop
  endfacet
  facet normal 0.555362 0 -0.831609
    outer loop
      vertex 27.6 2 14.9856
      vertex 27.426 0 14.8694
      vertex 27.426 2 14.8694
    endloop
  endfacet
  facet normal -0.0654722 0 0.997854
    outer loop
      vertex 28.4 2 12
      vertex 28.6088 0 12.0137
      vertex 28.6088 2 12.0137
    endloop
  endfacet
  facet normal -0.0654722 0 0.997854
    outer loop
      vertex 28.6088 0 12.0137
      vertex 28.4 2 12
      vertex 28.4 0 12
    endloop
  endfacet
  facet normal -0.751925 0 0.659248
    outer loop
      vertex 29.5314 0 12.4686
      vertex 29.6694 2 12.626
      vertex 29.5314 2 12.4686
    endloop
  endfacet
  facet normal -0.751925 0 0.659248
    outer loop
      vertex 29.6694 2 12.626
      vertex 29.5314 0 12.4686
      vertex 29.6694 0 12.626
    endloop
  endfacet
  facet normal -0.946901 0 -0.321526
    outer loop
      vertex 29.9455 0 14.0141
      vertex 29.8782 2 14.2123
      vertex 29.9455 2 14.0141
    endloop
  endfacet
  facet normal -0.946901 -0 -0.321526
    outer loop
      vertex 29.8782 2 14.2123
      vertex 29.9455 0 14.0141
      vertex 29.8782 0 14.2123
    endloop
  endfacet
  facet normal 0.946901 0 -0.321526
    outer loop
      vertex 26.9218 0 14.2123
      vertex 26.8545 2 14.0141
      vertex 26.9218 2 14.2123
    endloop
  endfacet
  facet normal 0.946901 0 -0.321526
    outer loop
      vertex 26.8545 2 14.0141
      vertex 26.9218 0 14.2123
      vertex 26.8545 0 14.0141
    endloop
  endfacet
  facet normal 0.0654722 0 -0.997854
    outer loop
      vertex 28.1912 0 15.1863
      vertex 28.4 2 15.2
      vertex 28.4 0 15.2
    endloop
  endfacet
  facet normal 0.0654722 0 -0.997854
    outer loop
      vertex 28.4 2 15.2
      vertex 28.1912 0 15.1863
      vertex 28.1912 2 15.1863
    endloop
  endfacet
  facet normal 0.321526 0 -0.946901
    outer loop
      vertex 27.7877 0 15.0782
      vertex 27.9859 2 15.1455
      vertex 27.9859 0 15.1455
    endloop
  endfacet
  facet normal 0.321526 0 -0.946901
    outer loop
      vertex 27.9859 2 15.1455
      vertex 27.7877 0 15.0782
      vertex 27.7877 2 15.0782
    endloop
  endfacet
  facet normal 0.194922 0 0.980819
    outer loop
      vertex 27.9859 2 12.0545
      vertex 28.1912 0 12.0137
      vertex 28.1912 2 12.0137
    endloop
  endfacet
  facet normal 0.194922 0 0.980819
    outer loop
      vertex 28.1912 0 12.0137
      vertex 27.9859 2 12.0545
      vertex 27.9859 0 12.0545
    endloop
  endfacet
  facet normal -0.442429 0 -0.896803
    outer loop
      vertex 29.0123 0 15.0782
      vertex 29.2 2 14.9856
      vertex 29.2 0 14.9856
    endloop
  endfacet
  facet normal -0.442429 0 -0.896803
    outer loop
      vertex 29.2 2 14.9856
      vertex 29.0123 0 15.0782
      vertex 29.0123 2 15.0782
    endloop
  endfacet
  facet normal -0.659248 0 0.751925
    outer loop
      vertex 29.374 2 12.3306
      vertex 29.5314 0 12.4686
      vertex 29.5314 2 12.4686
    endloop
  endfacet
  facet normal -0.659248 0 0.751925
    outer loop
      vertex 29.5314 0 12.4686
      vertex 29.374 2 12.3306
      vertex 29.374 0 12.3306
    endloop
  endfacet
  facet normal -0.831609 0 -0.555362
    outer loop
      vertex 29.7856 0 14.4
      vertex 29.6694 2 14.574
      vertex 29.7856 2 14.4
    endloop
  endfacet
  facet normal -0.831609 -0 -0.555362
    outer loop
      vertex 29.6694 2 14.574
      vertex 29.7856 0 14.4
      vertex 29.6694 0 14.574
    endloop
  endfacet
  facet normal 0.980819 -0 0.194922
    outer loop
      vertex 26.8137 0 13.3912
      vertex 26.8545 2 13.1859
      vertex 26.8137 2 13.3912
    endloop
  endfacet
  facet normal 0.980819 0 0.194922
    outer loop
      vertex 26.8545 2 13.1859
      vertex 26.8137 0 13.3912
      vertex 26.8545 0 13.1859
    endloop
  endfacet
  facet normal -0.997854 0 -0.0654722
    outer loop
      vertex 30 0 13.6
      vertex 29.9863 2 13.8088
      vertex 30 2 13.6
    endloop
  endfacet
  facet normal -0.997854 -0 -0.0654722
    outer loop
      vertex 29.9863 2 13.8088
      vertex 30 0 13.6
      vertex 29.9863 0 13.8088
    endloop
  endfacet
  facet normal 0.555362 0 0.831609
    outer loop
      vertex 27.426 2 12.3306
      vertex 27.6 0 12.2144
      vertex 27.6 2 12.2144
    endloop
  endfacet
  facet normal 0.555362 0 0.831609
    outer loop
      vertex 27.6 0 12.2144
      vertex 27.426 2 12.3306
      vertex 27.426 0 12.3306
    endloop
  endfacet
  facet normal 0.980819 0 -0.194922
    outer loop
      vertex 26.8545 0 14.0141
      vertex 26.8137 2 13.8088
      vertex 26.8545 2 14.0141
    endloop
  endfacet
  facet normal 0.980819 0 -0.194922
    outer loop
      vertex 26.8137 2 13.8088
      vertex 26.8545 0 14.0141
      vertex 26.8137 0 13.8088
    endloop
  endfacet
  facet normal -0.555362 0 0.831609
    outer loop
      vertex 29.2 2 12.2144
      vertex 29.374 0 12.3306
      vertex 29.374 2 12.3306
    endloop
  endfacet
  facet normal -0.555362 0 0.831609
    outer loop
      vertex 29.374 0 12.3306
      vertex 29.2 2 12.2144
      vertex 29.2 0 12.2144
    endloop
  endfacet
  facet normal -0.0654722 0 -0.997854
    outer loop
      vertex 28.4 0 15.2
      vertex 28.6088 2 15.1863
      vertex 28.6088 0 15.1863
    endloop
  endfacet
  facet normal -0.0654722 0 -0.997854
    outer loop
      vertex 28.6088 2 15.1863
      vertex 28.4 0 15.2
      vertex 28.4 2 15.2
    endloop
  endfacet
  facet normal 0.194922 0 -0.980819
    outer loop
      vertex 27.9859 0 15.1455
      vertex 28.1912 2 15.1863
      vertex 28.1912 0 15.1863
    endloop
  endfacet
  facet normal 0.194922 0 -0.980819
    outer loop
      vertex 28.1912 2 15.1863
      vertex 27.9859 0 15.1455
      vertex 27.9859 2 15.1455
    endloop
  endfacet
  facet normal 0.442429 0 0.896803
    outer loop
      vertex 27.6 2 12.2144
      vertex 27.7877 0 12.1218
      vertex 27.7877 2 12.1218
    endloop
  endfacet
  facet normal 0.442429 0 0.896803
    outer loop
      vertex 27.7877 0 12.1218
      vertex 27.6 2 12.2144
      vertex 27.6 0 12.2144
    endloop
  endfacet
  facet normal -0.194922 0 -0.980819
    outer loop
      vertex 28.6088 0 15.1863
      vertex 28.8141 2 15.1455
      vertex 28.8141 0 15.1455
    endloop
  endfacet
  facet normal -0.194922 0 -0.980819
    outer loop
      vertex 28.8141 2 15.1455
      vertex 28.6088 0 15.1863
      vertex 28.6088 2 15.1863
    endloop
  endfacet
  facet normal 0.831609 0 -0.555362
    outer loop
      vertex 27.1306 0 14.574
      vertex 27.0144 2 14.4
      vertex 27.1306 2 14.574
    endloop
  endfacet
  facet normal 0.831609 0 -0.555362
    outer loop
      vertex 27.0144 2 14.4
      vertex 27.1306 0 14.574
      vertex 27.0144 0 14.4
    endloop
  endfacet
  facet normal -0.980819 0 -0.194922
    outer loop
      vertex 29.9863 0 13.8088
      vertex 29.9455 2 14.0141
      vertex 29.9863 2 13.8088
    endloop
  endfacet
  facet normal -0.980819 -0 -0.194922
    outer loop
      vertex 29.9455 2 14.0141
      vertex 29.9863 0 13.8088
      vertex 29.9455 0 14.0141
    endloop
  endfacet
  facet normal 0.659248 0 -0.751925
    outer loop
      vertex 27.2686 0 14.7314
      vertex 27.426 2 14.8694
      vertex 27.426 0 14.8694
    endloop
  endfacet
  facet normal 0.659248 0 -0.751925
    outer loop
      vertex 27.426 2 14.8694
      vertex 27.2686 0 14.7314
      vertex 27.2686 2 14.7314
    endloop
  endfacet
  facet normal 0.896803 0 -0.442429
    outer loop
      vertex 27.0144 0 14.4
      vertex 26.9218 2 14.2123
      vertex 27.0144 2 14.4
    endloop
  endfacet
  facet normal 0.896803 0 -0.442429
    outer loop
      vertex 26.9218 2 14.2123
      vertex 27.0144 0 14.4
      vertex 26.9218 0 14.2123
    endloop
  endfacet
  facet normal -0.896803 0 -0.442429
    outer loop
      vertex 29.8782 0 14.2123
      vertex 29.7856 2 14.4
      vertex 29.8782 2 14.2123
    endloop
  endfacet
  facet normal -0.896803 -0 -0.442429
    outer loop
      vertex 29.7856 2 14.4
      vertex 29.8782 0 14.2123
      vertex 29.7856 0 14.4
    endloop
  endfacet
  facet normal -0.555362 0 -0.831609
    outer loop
      vertex 29.2 0 14.9856
      vertex 29.374 2 14.8694
      vertex 29.374 0 14.8694
    endloop
  endfacet
  facet normal -0.555362 0 -0.831609
    outer loop
      vertex 29.374 2 14.8694
      vertex 29.2 0 14.9856
      vertex 29.2 2 14.9856
    endloop
  endfacet
  facet normal 0.997854 -0 0.0654722
    outer loop
      vertex 26.8 0 13.6
      vertex 26.8137 2 13.3912
      vertex 26.8 2 13.6
    endloop
  endfacet
  facet normal 0.997854 0 0.0654722
    outer loop
      vertex 26.8137 2 13.3912
      vertex 26.8 0 13.6
      vertex 26.8137 0 13.3912
    endloop
  endfacet
  facet normal -0.442429 0 0.896803
    outer loop
      vertex 29.0123 2 12.1218
      vertex 29.2 0 12.2144
      vertex 29.2 2 12.2144
    endloop
  endfacet
  facet normal -0.442429 0 0.896803
    outer loop
      vertex 29.2 0 12.2144
      vertex 29.0123 2 12.1218
      vertex 29.0123 0 12.1218
    endloop
  endfacet
  facet normal 0.751925 0 -0.659248
    outer loop
      vertex 27.2686 0 14.7314
      vertex 27.1306 2 14.574
      vertex 27.2686 2 14.7314
    endloop
  endfacet
  facet normal 0.751925 0 -0.659248
    outer loop
      vertex 27.1306 2 14.574
      vertex 27.2686 0 14.7314
      vertex 27.1306 0 14.574
    endloop
  endfacet
  facet normal 0.946901 -0 0.321526
    outer loop
      vertex 26.8545 0 13.1859
      vertex 26.9218 2 12.9877
      vertex 26.8545 2 13.1859
    endloop
  endfacet
  facet normal 0.946901 0 0.321526
    outer loop
      vertex 26.9218 2 12.9877
      vertex 26.8545 0 13.1859
      vertex 26.9218 0 12.9877
    endloop
  endfacet
  facet normal 0.997854 0 -0.0654722
    outer loop
      vertex 26.8137 0 13.8088
      vertex 26.8 2 13.6
      vertex 26.8137 2 13.8088
    endloop
  endfacet
  facet normal 0.997854 0 -0.0654722
    outer loop
      vertex 26.8 2 13.6
      vertex 26.8137 0 13.8088
      vertex 26.8 0 13.6
    endloop
  endfacet
  facet normal -0.194922 0 0.980819
    outer loop
      vertex 28.6088 2 12.0137
      vertex 28.8141 0 12.0545
      vertex 28.8141 2 12.0545
    endloop
  endfacet
  facet normal -0.194922 0 0.980819
    outer loop
      vertex 28.8141 0 12.0545
      vertex 28.6088 2 12.0137
      vertex 28.6088 0 12.0137
    endloop
  endfacet
  facet normal 0.831609 -0 0.555362
    outer loop
      vertex 27.0144 0 12.8
      vertex 27.1306 2 12.626
      vertex 27.0144 2 12.8
    endloop
  endfacet
  facet normal 0.831609 0 0.555362
    outer loop
      vertex 27.1306 2 12.626
      vertex 27.0144 0 12.8
      vertex 27.1306 0 12.626
    endloop
  endfacet
  facet normal -0.751925 0 -0.659248
    outer loop
      vertex 29.6694 0 14.574
      vertex 29.5314 2 14.7314
      vertex 29.6694 2 14.574
    endloop
  endfacet
  facet normal -0.751925 -0 -0.659248
    outer loop
      vertex 29.5314 2 14.7314
      vertex 29.6694 0 14.574
      vertex 29.5314 0 14.7314
    endloop
  endfacet
  facet normal -0.659248 0 -0.751925
    outer loop
      vertex 29.374 0 14.8694
      vertex 29.5314 2 14.7314
      vertex 29.5314 0 14.7314
    endloop
  endfacet
  facet normal -0.659248 0 -0.751925
    outer loop
      vertex 29.5314 2 14.7314
      vertex 29.374 0 14.8694
      vertex 29.374 2 14.8694
    endloop
  endfacet
  facet normal 0.896803 -0 0.442429
    outer loop
      vertex 26.9218 0 12.9877
      vertex 27.0144 2 12.8
      vertex 26.9218 2 12.9877
    endloop
  endfacet
  facet normal 0.896803 0 0.442429
    outer loop
      vertex 27.0144 2 12.8
      vertex 26.9218 0 12.9877
      vertex 27.0144 0 12.8
    endloop
  endfacet
  facet normal 0.442429 0 -0.896803
    outer loop
      vertex 27.6 0 14.9856
      vertex 27.7877 2 15.0782
      vertex 27.7877 0 15.0782
    endloop
  endfacet
  facet normal 0.442429 0 -0.896803
    outer loop
      vertex 27.7877 2 15.0782
      vertex 27.6 0 14.9856
      vertex 27.6 2 14.9856
    endloop
  endfacet
  facet normal 0.981184 0.193077 0
    outer loop
      vertex 60.8 6.16528 6
      vertex 60.7978 6.17646 2
      vertex 60.7978 6.17646 6
    endloop
  endfacet
  facet normal 0.981184 0.193077 0
    outer loop
      vertex 60.7978 6.17646 2
      vertex 60.8 6.16528 6
      vertex 60.8 6.16528 2
    endloop
  endfacet
  facet normal 0.981184 -0.193077 0
    outer loop
      vertex 60.7978 4.62354 6
      vertex 60.8 4.63472 2
      vertex 60.8 4.63472 6
    endloop
  endfacet
  facet normal 0.981184 -0.193077 0
    outer loop
      vertex 60.8 4.63472 2
      vertex 60.7978 4.62354 6
      vertex 60.7978 4.62354 2
    endloop
  endfacet
  facet normal -0.751768 -0.659428 0
    outer loop
      vertex 55.7787 3.27868 2
      vertex 55.5199 3.57372 6
      vertex 55.5199 3.57372 2
    endloop
  endfacet
  facet normal -0.751768 -0.659428 0
    outer loop
      vertex 55.5199 3.57372 6
      vertex 55.7787 3.27868 2
      vertex 55.7787 3.27868 6
    endloop
  endfacet
  facet normal 0 0 1
    outer loop
      vertex 60.8 6.16528 6
      vertex 58.8914 5.53053 6
      vertex 58.9 5.4 6
    endloop
  endfacet
  facet normal 0 0 1
    outer loop
      vertex 59.4 7.99808 6
      vertex 58.8659 5.65882 6
      vertex 58.8914 5.53053 6
    endloop
  endfacet
  facet normal 0 0 1
    outer loop
      vertex 59.4 7.99808 6
      vertex 58.8239 5.78268 6
      vertex 58.8659 5.65882 6
    endloop
  endfacet
  facet normal 0 0 1
    outer loop
      vertex 59.4 7.99808 6
      vertex 58.766 5.9 6
      vertex 58.8239 5.78268 6
    endloop
  endfacet
  facet normal 0 0 1
    outer loop
      vertex 59.4 7.99808 6
      vertex 58.6934 6.00876 6
      vertex 58.766 5.9 6
    endloop
  endfacet
  facet normal 0 0 1
    outer loop
      vertex 58.2827 6.32388 6
      vertex 59.048 8.17164 6
      vertex 58.6765 8.29778 6
    endloop
  endfacet
  facet normal 0 0 1
    outer loop
      vertex 59.4 7.99808 6
      vertex 58.6071 6.10711 6
      vertex 58.6934 6.00876 6
    endloop
  endfacet
  facet normal 0 0 1
    outer loop
      vertex 59.4 7.99808 6
      vertex 58.5088 6.19335 6
      vertex 58.6071 6.10711 6
    endloop
  endfacet
  facet normal 0 0 1
    outer loop
      vertex 59.4 7.99808 6
      vertex 58.4 6.26603 6
      vertex 58.5088 6.19335 6
    endloop
  endfacet
  facet normal 0 0 1
    outer loop
      vertex 58.1588 6.36593 6
      vertex 58.6765 8.29778 6
      vertex 58.2916 8.37433 6
    endloop
  endfacet
  facet normal 0 0 1
    outer loop
      vertex 59.048 8.17164 6
      vertex 58.2827 6.32388 6
      vertex 58.4 6.26603 6
    endloop
  endfacet
  facet normal 0 0 1
    outer loop
      vertex 58.6765 8.29778 6
      vertex 58.1588 6.36593 6
      vertex 58.2827 6.32388 6
    endloop
  endfacet
  facet normal 0 0 1
    outer loop
      vertex 58.2916 8.37433 6
      vertex 58.0305 6.39144 6
      vertex 58.1588 6.36593 6
    endloop
  endfacet
  facet normal 0 0 1
    outer loop
      vertex 57.9 8.4 6
      vertex 58.0305 6.39144 6
      vertex 58.2916 8.37433 6
    endloop
  endfacet
  facet normal 0 0 1
    outer loop
      vertex 57.9 8.4 6
      vertex 57.9 6.4 6
      vertex 58.0305 6.39144 6
    endloop
  endfacet
  facet normal 0 0 1
    outer loop
      vertex 57.9 8.4 6
      vertex 57.7695 6.39144 6
      vertex 57.9 6.4 6
    endloop
  endfacet
  facet normal -0 0 1
    outer loop
      vertex 57.5084 8.37433 6
      vertex 57.7695 6.39144 6
      vertex 57.9 8.4 6
    endloop
  endfacet
  facet normal 0 0 1
    outer loop
      vertex 57.7695 6.39144 6
      vertex 57.5084 8.37433 6
      vertex 57.6412 6.36593 6
    endloop
  endfacet
  facet normal -0 0 1
    outer loop
      vertex 57.1235 8.29778 6
      vertex 57.6412 6.36593 6
      vertex 57.5084 8.37433 6
    endloop
  endfacet
  facet normal 0 0 1
    outer loop
      vertex 57.6412 6.36593 6
      vertex 57.1235 8.29778 6
      vertex 57.5173 6.32388 6
    endloop
  endfacet
  facet normal -0 0 1
    outer loop
      vertex 56.7519 8.17164 6
      vertex 57.5173 6.32388 6
      vertex 57.1235 8.29778 6
    endloop
  endfacet
  facet normal 0 0 1
    outer loop
      vertex 57.5173 6.32388 6
      vertex 56.7519 8.17164 6
      vertex 57.4 6.26603 6
    endloop
  endfacet
  facet normal -0 0 1
    outer loop
      vertex 56.4 7.99808 6
      vertex 57.4 6.26603 6
      vertex 56.7519 8.17164 6
    endloop
  endfacet
  facet normal 0 0 1
    outer loop
      vertex 57.4 6.26603 6
      vertex 56.4 7.99808 6
      vertex 57.2912 6.19335 6
    endloop
  endfacet
  facet normal -0 0 1
    outer loop
      vertex 56.0737 7.78006 6
      vertex 57.2912 6.19335 6
      vertex 56.4 7.99808 6
    endloop
  endfacet
  facet normal 0 0 1
    outer loop
      vertex 57.2912 6.19335 6
      vertex 56.0737 7.78006 6
      vertex 57.1929 6.10711 6
    endloop
  endfacet
  facet normal -0 0 1
    outer loop
      vertex 55.7787 7.52132 6
      vertex 57.1929 6.10711 6
      vertex 56.0737 7.78006 6
    endloop
  endfacet
  facet normal 0 0 1
    outer loop
      vertex 57.1929 6.10711 6
      vertex 55.7787 7.52132 6
      vertex 57.1066 6.00876 6
    endloop
  endfacet
  facet normal 0 0 1
    outer loop
      vertex 57.1066 6.00876 6
      vertex 55.5199 7.22628 6
      vertex 57.034 5.9 6
    endloop
  endfacet
  facet normal -0 0 1
    outer loop
      vertex 55.5199 7.22628 6
      vertex 57.1066 6.00876 6
      vertex 55.7787 7.52132 6
    endloop
  endfacet
  facet normal 0 0 1
    outer loop
      vertex 58.8914 5.53053 6
      vertex 60.8 6.16528 6
      vertex 60.7978 6.17646 6
    endloop
  endfacet
  facet normal 0 0 1
    outer loop
      vertex 60.8 6.16528 6
      vertex 58.9 5.4 6
      vertex 60.8 4.63472 6
    endloop
  endfacet
  facet normal 0 0 1
    outer loop
      vertex 58.8914 5.53053 6
      vertex 60.7978 6.17646 6
      vertex 60.6716 6.54805 6
    endloop
  endfacet
  facet normal -0 0 1
    outer loop
      vertex 58.8914 5.26947 6
      vertex 60.8 4.63472 6
      vertex 58.9 5.4 6
    endloop
  endfacet
  facet normal 0 0 1
    outer loop
      vertex 58.8914 5.53053 6
      vertex 60.6716 6.54805 6
      vertex 60.4981 6.9 6
    endloop
  endfacet
  facet normal -0 0 1
    outer loop
      vertex 58.8659 5.14118 6
      vertex 60.8 4.63472 6
      vertex 58.8914 5.26947 6
    endloop
  endfacet
  facet normal 0 0 1
    outer loop
      vertex 58.8914 5.53053 6
      vertex 60.4981 6.9 6
      vertex 60.2801 7.22628 6
    endloop
  endfacet
  facet normal 0 0 1
    outer loop
      vertex 60.8 4.63472 6
      vertex 58.8659 5.14118 6
      vertex 60.7978 4.62354 6
    endloop
  endfacet
  facet normal 0 0 1
    outer loop
      vertex 58.8914 5.53053 6
      vertex 60.2801 7.22628 6
      vertex 60.0213 7.52132 6
    endloop
  endfacet
  facet normal 0 0 1
    outer loop
      vertex 60.7978 4.62354 6
      vertex 58.8659 5.14118 6
      vertex 60.6716 4.25195 6
    endloop
  endfacet
  facet normal 0 0 1
    outer loop
      vertex 58.8914 5.53053 6
      vertex 60.0213 7.52132 6
      vertex 59.7263 7.78006 6
    endloop
  endfacet
  facet normal -0 0 1
    outer loop
      vertex 58.8239 5.01732 6
      vertex 60.6716 4.25195 6
      vertex 58.8659 5.14118 6
    endloop
  endfacet
  facet normal 0 0 1
    outer loop
      vertex 60.6716 4.25195 6
      vertex 58.8239 5.01732 6
      vertex 60.4981 3.9 6
    endloop
  endfacet
  facet normal 0 0 1
    outer loop
      vertex 58.8914 5.53053 6
      vertex 59.7263 7.78006 6
      vertex 59.4 7.99808 6
    endloop
  endfacet
  facet normal 0 0 1
    outer loop
      vertex 58.4 6.26603 6
      vertex 59.4 7.99808 6
      vertex 59.048 8.17164 6
    endloop
  endfacet
  facet normal -0 0 1
    outer loop
      vertex 58.766 4.9 6
      vertex 60.4981 3.9 6
      vertex 58.8239 5.01732 6
    endloop
  endfacet
  facet normal 0 0 1
    outer loop
      vertex 60.4981 3.9 6
      vertex 58.766 4.9 6
      vertex 60.2801 3.57372 6
    endloop
  endfacet
  facet normal -0 0 1
    outer loop
      vertex 58.6934 4.79124 6
      vertex 60.2801 3.57372 6
      vertex 58.766 4.9 6
    endloop
  endfacet
  facet normal 0 0 1
    outer loop
      vertex 60.2801 3.57372 6
      vertex 58.6934 4.79124 6
      vertex 60.0213 3.27868 6
    endloop
  endfacet
  facet normal -0 0 1
    outer loop
      vertex 58.6071 4.69289 6
      vertex 60.0213 3.27868 6
      vertex 58.6934 4.79124 6
    endloop
  endfacet
  facet normal 0 0 1
    outer loop
      vertex 60.0213 3.27868 6
      vertex 58.6071 4.69289 6
      vertex 59.7263 3.01994 6
    endloop
  endfacet
  facet normal -0 0 1
    outer loop
      vertex 58.5088 4.60665 6
      vertex 59.7263 3.01994 6
      vertex 58.6071 4.69289 6
    endloop
  endfacet
  facet normal 0 0 1
    outer loop
      vertex 59.7263 3.01994 6
      vertex 58.5088 4.60665 6
      vertex 59.6964 3 6
    endloop
  endfacet
  facet normal -0 0 1
    outer loop
      vertex 58.4 4.53398 6
      vertex 59.6964 3 6
      vertex 58.5088 4.60665 6
    endloop
  endfacet
  facet normal -0 0 1
    outer loop
      vertex 58.2827 4.47612 6
      vertex 59.6964 3 6
      vertex 58.4 4.53398 6
    endloop
  endfacet
  facet normal -0 0 1
    outer loop
      vertex 58.1588 4.43407 6
      vertex 59.6964 3 6
      vertex 58.2827 4.47612 6
    endloop
  endfacet
  facet normal -0 0 1
    outer loop
      vertex 58.0305 4.40856 6
      vertex 59.6964 3 6
      vertex 58.1588 4.43407 6
    endloop
  endfacet
  facet normal -0 0 1
    outer loop
      vertex 57.9 4.4 6
      vertex 59.6964 3 6
      vertex 58.0305 4.40856 6
    endloop
  endfacet
  facet normal 0 0 1
    outer loop
      vertex 56.1036 3 6
      vertex 57.9 4.4 6
      vertex 57.7695 4.40856 6
    endloop
  endfacet
  facet normal 0 0 1
    outer loop
      vertex 56.1036 3 6
      vertex 57.7695 4.40856 6
      vertex 57.6412 4.43407 6
    endloop
  endfacet
  facet normal 0 0 1
    outer loop
      vertex 56.1036 3 6
      vertex 57.6412 4.43407 6
      vertex 57.5173 4.47612 6
    endloop
  endfacet
  facet normal 0 0 1
    outer loop
      vertex 56.1036 3 6
      vertex 57.5173 4.47612 6
      vertex 57.4 4.53398 6
    endloop
  endfacet
  facet normal -0 0 1
    outer loop
      vertex 55.3019 6.9 6
      vertex 57.034 5.9 6
      vertex 55.5199 7.22628 6
    endloop
  endfacet
  facet normal 0 0 1
    outer loop
      vertex 57.034 5.9 6
      vertex 55.3019 6.9 6
      vertex 56.9761 5.78268 6
    endloop
  endfacet
  facet normal 0 0 1
    outer loop
      vertex 57.9 4.4 6
      vertex 56.1036 3 6
      vertex 59.6964 3 6
    endloop
  endfacet
  facet normal 0 0 1
    outer loop
      vertex 57.2912 4.60665 6
      vertex 56.1036 3 6
      vertex 57.4 4.53398 6
    endloop
  endfacet
  facet normal 0 0 1
    outer loop
      vertex 56.0737 3.01994 6
      vertex 57.2912 4.60665 6
      vertex 57.1929 4.69289 6
    endloop
  endfacet
  facet normal 0 0 1
    outer loop
      vertex 55.7787 3.27868 6
      vertex 57.1929 4.69289 6
      vertex 57.1066 4.79124 6
    endloop
  endfacet
  facet normal 0 0 1
    outer loop
      vertex 55.5199 3.57372 6
      vertex 57.1066 4.79124 6
      vertex 57.034 4.9 6
    endloop
  endfacet
  facet normal 0 0 1
    outer loop
      vertex 55.3019 3.9 6
      vertex 57.034 4.9 6
      vertex 56.9761 5.01732 6
    endloop
  endfacet
  facet normal 0 0 1
    outer loop
      vertex 55.1284 4.25195 6
      vertex 56.9761 5.01732 6
      vertex 56.9341 5.14118 6
    endloop
  endfacet
  facet normal 0 0 1
    outer loop
      vertex 55.0022 4.62354 6
      vertex 56.9341 5.14118 6
      vertex 56.9086 5.26947 6
    endloop
  endfacet
  facet normal -0 0 1
    outer loop
      vertex 55.1284 6.54805 6
      vertex 56.9761 5.78268 6
      vertex 55.3019 6.9 6
    endloop
  endfacet
  facet normal 0 0 1
    outer loop
      vertex 56.9761 5.78268 6
      vertex 55.1284 6.54805 6
      vertex 56.9341 5.65882 6
    endloop
  endfacet
  facet normal -0 0 1
    outer loop
      vertex 55.0022 6.17646 6
      vertex 56.9341 5.65882 6
      vertex 55.1284 6.54805 6
    endloop
  endfacet
  facet normal 0 0 1
    outer loop
      vertex 57.1929 4.69289 6
      vertex 55.7787 3.27868 6
      vertex 56.0737 3.01994 6
    endloop
  endfacet
  facet normal 0 0 1
    outer loop
      vertex 57.2912 4.60665 6
      vertex 56.0737 3.01994 6
      vertex 56.1036 3 6
    endloop
  endfacet
  facet normal 0 0 1
    outer loop
      vertex 56.9341 5.65882 6
      vertex 55.0022 6.17646 6
      vertex 56.9086 5.53053 6
    endloop
  endfacet
  facet normal 0 0 1
    outer loop
      vertex 57.1066 4.79124 6
      vertex 55.5199 3.57372 6
      vertex 55.7787 3.27868 6
    endloop
  endfacet
  facet normal -0 0 1
    outer loop
      vertex 54.9257 5.79158 6
      vertex 56.9086 5.53053 6
      vertex 55.0022 6.17646 6
    endloop
  endfacet
  facet normal 0 0 1
    outer loop
      vertex 57.034 4.9 6
      vertex 55.3019 3.9 6
      vertex 55.5199 3.57372 6
    endloop
  endfacet
  facet normal 0 0 1
    outer loop
      vertex 56.9086 5.53053 6
      vertex 54.9257 5.79158 6
      vertex 56.9 5.4 6
    endloop
  endfacet
  facet normal 0 0 1
    outer loop
      vertex 56.9761 5.01732 6
      vertex 55.1284 4.25195 6
      vertex 55.3019 3.9 6
    endloop
  endfacet
  facet normal 0 0 1
    outer loop
      vertex 54.9 5.4 6
      vertex 56.9 5.4 6
      vertex 54.9257 5.79158 6
    endloop
  endfacet
  facet normal 0 0 1
    outer loop
      vertex 56.9341 5.14118 6
      vertex 55.0022 4.62354 6
      vertex 55.1284 4.25195 6
    endloop
  endfacet
  facet normal 0 0 1
    outer loop
      vertex 56.9 5.4 6
      vertex 54.9 5.4 6
      vertex 56.9086 5.26947 6
    endloop
  endfacet
  facet normal 0 0 1
    outer loop
      vertex 56.9086 5.26947 6
      vertex 54.9257 5.00842 6
      vertex 55.0022 4.62354 6
    endloop
  endfacet
  facet normal 0 0 1
    outer loop
      vertex 56.9086 5.26947 6
      vertex 54.9 5.4 6
      vertex 54.9257 5.00842 6
    endloop
  endfacet
  facet normal 0.831485 0.555547 0
    outer loop
      vertex 60.4981 6.9 6
      vertex 60.2801 7.22628 2
      vertex 60.2801 7.22628 6
    endloop
  endfacet
  facet normal 0.831485 0.555547 0
    outer loop
      vertex 60.2801 7.22628 2
      vertex 60.4981 6.9 6
      vertex 60.4981 6.9 2
    endloop
  endfacet
  facet normal 0.555558 0.831477 -0
    outer loop
      vertex 59.7263 7.78006 2
      vertex 59.4 7.99808 6
      vertex 59.7263 7.78006 6
    endloop
  endfacet
  facet normal 0.555558 0.831477 0
    outer loop
      vertex 59.4 7.99808 6
      vertex 59.7263 7.78006 2
      vertex 59.4 7.99808 2
    endloop
  endfacet
  facet normal 0.896936 -0.44216 0
    outer loop
      vertex 60.4981 3.9 6
      vertex 60.6716 4.25195 2
      vertex 60.6716 4.25195 6
    endloop
  endfacet
  facet normal 0.896936 -0.44216 0
    outer loop
      vertex 60.6716 4.25195 2
      vertex 60.4981 3.9 6
      vertex 60.4981 3.9 2
    endloop
  endfacet
  facet normal 0.321514 0.946905 -0
    outer loop
      vertex 59.048 8.17164 2
      vertex 58.6765 8.29778 6
      vertex 59.048 8.17164 6
    endloop
  endfacet
  facet normal 0.321514 0.946905 0
    outer loop
      vertex 58.6765 8.29778 6
      vertex 59.048 8.17164 2
      vertex 58.6765 8.29778 2
    endloop
  endfacet
  facet normal -0.896936 0.44216 0
    outer loop
      vertex 55.1284 6.54805 2
      vertex 55.3019 6.9 6
      vertex 55.3019 6.9 2
    endloop
  endfacet
  facet normal -0.896936 0.44216 0
    outer loop
      vertex 55.3019 6.9 6
      vertex 55.1284 6.54805 2
      vertex 55.1284 6.54805 6
    endloop
  endfacet
  facet normal -0.659392 0.751799 0
    outer loop
      vertex 56.0737 7.78006 2
      vertex 55.7787 7.52132 6
      vertex 56.0737 7.78006 6
    endloop
  endfacet
  facet normal -0.659392 0.751799 0
    outer loop
      vertex 55.7787 7.52132 6
      vertex 56.0737 7.78006 2
      vertex 55.7787 7.52132 2
    endloop
  endfacet
  facet normal -0.997853 -0.0654906 0
    outer loop
      vertex 54.9257 5.00842 2
      vertex 54.9 5.4 6
      vertex 54.9 5.4 2
    endloop
  endfacet
  facet normal -0.997853 -0.0654906 0
    outer loop
      vertex 54.9 5.4 6
      vertex 54.9257 5.00842 2
      vertex 54.9257 5.00842 6
    endloop
  endfacet
  facet normal -0.659392 -0.751799 0
    outer loop
      vertex 55.7787 3.27868 2
      vertex 56.0737 3.01994 6
      vertex 55.7787 3.27868 6
    endloop
  endfacet
  facet normal -0.659392 -0.751799 -0
    outer loop
      vertex 56.0737 3.01994 6
      vertex 55.7787 3.27868 2
      vertex 56.0737 3.01994 2
    endloop
  endfacet
  facet normal -0.321437 0.946931 0
    outer loop
      vertex 57.1235 8.29778 2
      vertex 56.7519 8.17164 6
      vertex 57.1235 8.29778 6
    endloop
  endfacet
  facet normal -0.321437 0.946931 0
    outer loop
      vertex 56.7519 8.17164 6
      vertex 57.1235 8.29778 2
      vertex 56.7519 8.17164 2
    endloop
  endfacet
  facet normal -0.831485 -0.555547 0
    outer loop
      vertex 55.5199 3.57372 2
      vertex 55.3019 3.9 6
      vertex 55.3019 3.9 2
    endloop
  endfacet
  facet normal -0.831485 -0.555547 0
    outer loop
      vertex 55.3019 3.9 6
      vertex 55.5199 3.57372 2
      vertex 55.5199 3.57372 6
    endloop
  endfacet
  facet normal -0.555558 0.831477 0
    outer loop
      vertex 56.4 7.99808 2
      vertex 56.0737 7.78006 6
      vertex 56.4 7.99808 6
    endloop
  endfacet
  facet normal -0.555558 0.831477 0
    outer loop
      vertex 56.0737 7.78006 6
      vertex 56.4 7.99808 2
      vertex 56.0737 7.78006 2
    endloop
  endfacet
  facet normal -0.997853 0.0654906 0
    outer loop
      vertex 54.9 5.4 2
      vertex 54.9257 5.79158 6
      vertex 54.9257 5.79158 2
    endloop
  endfacet
  facet normal -0.997853 0.0654906 0
    outer loop
      vertex 54.9257 5.79158 6
      vertex 54.9 5.4 2
      vertex 54.9 5.4 6
    endloop
  endfacet
  facet normal 0.195062 0.980791 -0
    outer loop
      vertex 58.6765 8.29778 2
      vertex 58.2916 8.37433 6
      vertex 58.6765 8.29778 6
    endloop
  endfacet
  facet normal 0.195062 0.980791 0
    outer loop
      vertex 58.2916 8.37433 6
      vertex 58.6765 8.29778 2
      vertex 58.2916 8.37433 2
    endloop
  endfacet
  facet normal -0.442334 0.89685 0
    outer loop
      vertex 56.7519 8.17164 2
      vertex 56.4 7.99808 6
      vertex 56.7519 8.17164 6
    endloop
  endfacet
  facet normal -0.442334 0.89685 0
    outer loop
      vertex 56.4 7.99808 6
      vertex 56.7519 8.17164 2
      vertex 56.4 7.99808 2
    endloop
  endfacet
  facet normal 0.659392 -0.751799 0
    outer loop
      vertex 59.7263 3.01994 2
      vertex 60.0213 3.27868 6
      vertex 59.7263 3.01994 6
    endloop
  endfacet
  facet normal 0.659392 -0.751799 0
    outer loop
      vertex 60.0213 3.27868 6
      vertex 59.7263 3.01994 2
      vertex 60.0213 3.27868 2
    endloop
  endfacet
  facet normal -0.946882 -0.321582 0
    outer loop
      vertex 55.1284 4.25195 2
      vertex 55.0022 4.62354 6
      vertex 55.0022 4.62354 2
    endloop
  endfacet
  facet normal -0.946882 -0.321582 0
    outer loop
      vertex 55.0022 4.62354 6
      vertex 55.1284 4.25195 2
      vertex 55.1284 4.25195 6
    endloop
  endfacet
  facet normal 0.946882 -0.321582 0
    outer loop
      vertex 60.6716 4.25195 6
      vertex 60.7978 4.62354 2
      vertex 60.7978 4.62354 6
    endloop
  endfacet
  facet normal 0.946882 -0.321582 0
    outer loop
      vertex 60.7978 4.62354 2
      vertex 60.6716 4.25195 6
      vertex 60.6716 4.25195 2
    endloop
  endfacet
  facet normal 0.442233 0.8969 -0
    outer loop
      vertex 59.4 7.99808 2
      vertex 59.048 8.17164 6
      vertex 59.4 7.99808 6
    endloop
  endfacet
  facet normal 0.442233 0.8969 0
    outer loop
      vertex 59.048 8.17164 6
      vertex 59.4 7.99808 2
      vertex 59.048 8.17164 2
    endloop
  endfacet
  facet normal -0.195062 0.980791 0
    outer loop
      vertex 57.5084 8.37433 2
      vertex 57.1235 8.29778 6
      vertex 57.5084 8.37433 6
    endloop
  endfacet
  facet normal -0.195062 0.980791 0
    outer loop
      vertex 57.1235 8.29778 6
      vertex 57.5084 8.37433 2
      vertex 57.1235 8.29778 2
    endloop
  endfacet
  facet normal 0.751768 0.659428 0
    outer loop
      vertex 60.2801 7.22628 6
      vertex 60.0213 7.52132 2
      vertex 60.0213 7.52132 6
    endloop
  endfacet
  facet normal 0.751768 0.659428 0
    outer loop
      vertex 60.0213 7.52132 2
      vertex 60.2801 7.22628 6
      vertex 60.2801 7.22628 2
    endloop
  endfacet
  facet normal 0.751768 -0.659428 0
    outer loop
      vertex 60.0213 3.27868 6
      vertex 60.2801 3.57372 2
      vertex 60.2801 3.57372 6
    endloop
  endfacet
  facet normal 0.751768 -0.659428 0
    outer loop
      vertex 60.2801 3.57372 2
      vertex 60.0213 3.27868 6
      vertex 60.0213 3.27868 2
    endloop
  endfacet
  facet normal -0.946882 0.321582 0
    outer loop
      vertex 55.0022 6.17646 2
      vertex 55.1284 6.54805 6
      vertex 55.1284 6.54805 2
    endloop
  endfacet
  facet normal -0.946882 0.321582 0
    outer loop
      vertex 55.1284 6.54805 6
      vertex 55.0022 6.17646 2
      vertex 55.0022 6.17646 6
    endloop
  endfacet
  facet normal -0.751768 0.659428 0
    outer loop
      vertex 55.5199 7.22628 2
      vertex 55.7787 7.52132 6
      vertex 55.7787 7.52132 2
    endloop
  endfacet
  facet normal -0.751768 0.659428 0
    outer loop
      vertex 55.7787 7.52132 6
      vertex 55.5199 7.22628 2
      vertex 55.5199 7.22628 6
    endloop
  endfacet
  facet normal 0.659392 0.751799 -0
    outer loop
      vertex 60.0213 7.52132 2
      vertex 59.7263 7.78006 6
      vertex 60.0213 7.52132 6
    endloop
  endfacet
  facet normal 0.659392 0.751799 0
    outer loop
      vertex 59.7263 7.78006 6
      vertex 60.0213 7.52132 2
      vertex 59.7263 7.78006 2
    endloop
  endfacet
  facet normal -0.896936 -0.44216 0
    outer loop
      vertex 55.3019 3.9 2
      vertex 55.1284 4.25195 6
      vertex 55.1284 4.25195 2
    endloop
  endfacet
  facet normal -0.896936 -0.44216 0
    outer loop
      vertex 55.1284 4.25195 6
      vertex 55.3019 3.9 2
      vertex 55.3019 3.9 6
    endloop
  endfacet
  facet normal 0.831485 -0.555547 0
    outer loop
      vertex 60.2801 3.57372 6
      vertex 60.4981 3.9 2
      vertex 60.4981 3.9 6
    endloop
  endfacet
  facet normal 0.831485 -0.555547 0
    outer loop
      vertex 60.4981 3.9 2
      vertex 60.2801 3.57372 6
      vertex 60.2801 3.57372 2
    endloop
  endfacet
  facet normal 0.896936 0.44216 0
    outer loop
      vertex 60.6716 6.54805 6
      vertex 60.4981 6.9 2
      vertex 60.4981 6.9 6
    endloop
  endfacet
  facet normal 0.896936 0.44216 0
    outer loop
      vertex 60.4981 6.9 2
      vertex 60.6716 6.54805 6
      vertex 60.6716 6.54805 2
    endloop
  endfacet
  facet normal -0.554829 -0.831965 0
    outer loop
      vertex 56.0737 3.01994 2
      vertex 56.1036 3 6
      vertex 56.0737 3.01994 6
    endloop
  endfacet
  facet normal -0.554829 -0.831965 -0
    outer loop
      vertex 56.1036 3 6
      vertex 56.0737 3.01994 2
      vertex 56.1036 3 2
    endloop
  endfacet
  facet normal 0.554829 -0.831965 0
    outer loop
      vertex 59.6964 3 2
      vertex 59.7263 3.01994 6
      vertex 59.6964 3 6
    endloop
  endfacet
  facet normal 0.554829 -0.831965 0
    outer loop
      vertex 59.7263 3.01994 6
      vertex 59.6964 3 2
      vertex 59.7263 3.01994 2
    endloop
  endfacet
  facet normal 0.946882 0.321582 0
    outer loop
      vertex 60.7978 6.17646 6
      vertex 60.6716 6.54805 2
      vertex 60.6716 6.54805 6
    endloop
  endfacet
  facet normal 0.946882 0.321582 0
    outer loop
      vertex 60.6716 6.54805 2
      vertex 60.7978 6.17646 6
      vertex 60.7978 6.17646 2
    endloop
  endfacet
  facet normal -0.980813 0.19495 0
    outer loop
      vertex 54.9257 5.79158 2
      vertex 55.0022 6.17646 6
      vertex 55.0022 6.17646 2
    endloop
  endfacet
  facet normal -0.980813 0.19495 0
    outer loop
      vertex 55.0022 6.17646 6
      vertex 54.9257 5.79158 2
      vertex 54.9257 5.79158 6
    endloop
  endfacet
  facet normal -0.0654112 0.997858 0
    outer loop
      vertex 57.9 8.4 2
      vertex 57.5084 8.37433 6
      vertex 57.9 8.4 6
    endloop
  endfacet
  facet normal -0.0654112 0.997858 0
    outer loop
      vertex 57.5084 8.37433 6
      vertex 57.9 8.4 2
      vertex 57.5084 8.37433 2
    endloop
  endfacet
  facet normal -0.980813 -0.19495 0
    outer loop
      vertex 55.0022 4.62354 2
      vertex 54.9257 5.00842 6
      vertex 54.9257 5.00842 2
    endloop
  endfacet
  facet normal -0.980813 -0.19495 0
    outer loop
      vertex 54.9257 5.00842 6
      vertex 55.0022 4.62354 2
      vertex 55.0022 4.62354 6
    endloop
  endfacet
  facet normal 0.0654112 0.997858 -0
    outer loop
      vertex 58.2916 8.37433 2
      vertex 57.9 8.4 6
      vertex 58.2916 8.37433 6
    endloop
  endfacet
  facet normal 0.0654112 0.997858 0
    outer loop
      vertex 57.9 8.4 6
      vertex 58.2916 8.37433 2
      vertex 57.9 8.4 2
    endloop
  endfacet
  facet normal -0.831485 0.555547 0
    outer loop
      vertex 55.3019 6.9 2
      vertex 55.5199 7.22628 6
      vertex 55.5199 7.22628 2
    endloop
  endfacet
  facet normal -0.831485 0.555547 0
    outer loop
      vertex 55.5199 7.22628 6
      vertex 55.3019 6.9 2
      vertex 55.3019 6.9 6
    endloop
  endfacet
  facet normal -0.980812 -0.194955 0
    outer loop
      vertex 58.8914 5.53053 2.79
      vertex 58.8659 5.65882 6
      vertex 58.8659 5.65882 2.79
    endloop
  endfacet
  facet normal -0.980812 -0.194955 0
    outer loop
      vertex 58.8659 5.65882 6
      vertex 58.8914 5.53053 2.79
      vertex 58.8914 5.53053 6
    endloop
  endfacet
  facet normal -0.997837 -0.0657427 0
    outer loop
      vertex 58.9 5.4 2.79
      vertex 58.8914 5.53053 6
      vertex 58.8914 5.53053 2.79
    endloop
  endfacet
  facet normal -0.997837 -0.0657427 0
    outer loop
      vertex 58.8914 5.53053 6
      vertex 58.9 5.4 2.79
      vertex 58.9 5.4 6
    endloop
  endfacet
  facet normal 0.321382 0.94695 -0
    outer loop
      vertex 57.6412 4.43407 2.79
      vertex 57.5173 4.47612 6
      vertex 57.6412 4.43407 6
    endloop
  endfacet
  facet normal 0.321382 0.94695 0
    outer loop
      vertex 57.5173 4.47612 6
      vertex 57.6412 4.43407 2.79
      vertex 57.5173 4.47612 2.79
    endloop
  endfacet
  facet normal 0.980812 0.194955 0
    outer loop
      vertex 56.9341 5.14118 6
      vertex 56.9086 5.26947 2.79
      vertex 56.9086 5.26947 6
    endloop
  endfacet
  facet normal 0.980812 0.194955 0
    outer loop
      vertex 56.9086 5.26947 2.79
      vertex 56.9341 5.14118 6
      vertex 56.9341 5.14118 2.79
    endloop
  endfacet
  facet normal -0.321382 0.94695 0
    outer loop
      vertex 58.2827 4.47612 2.79
      vertex 58.1588 4.43407 6
      vertex 58.2827 4.47612 6
    endloop
  endfacet
  facet normal -0.321382 0.94695 0
    outer loop
      vertex 58.1588 4.43407 6
      vertex 58.2827 4.47612 2.79
      vertex 58.1588 4.43407 2.79
    endloop
  endfacet
  facet normal 0.896739 -0.44256 0
    outer loop
      vertex 56.9761 5.78268 6
      vertex 57.034 5.9 2.79
      vertex 57.034 5.9 6
    endloop
  endfacet
  facet normal 0.896739 -0.44256 0
    outer loop
      vertex 57.034 5.9 2.79
      vertex 56.9761 5.78268 6
      vertex 56.9761 5.78268 2.79
    endloop
  endfacet
  facet normal -0.751653 -0.659559 0
    outer loop
      vertex 58.6934 6.00876 2.79
      vertex 58.6071 6.10711 6
      vertex 58.6071 6.10711 2.79
    endloop
  endfacet
  facet normal -0.751653 -0.659559 0
    outer loop
      vertex 58.6071 6.10711 6
      vertex 58.6934 6.00876 2.79
      vertex 58.6934 6.00876 6
    endloop
  endfacet
  facet normal -0.751653 0.659559 0
    outer loop
      vertex 58.6071 4.69289 2.79
      vertex 58.6934 4.79124 6
      vertex 58.6934 4.79124 2.79
    endloop
  endfacet
  facet normal -0.751653 0.659559 0
    outer loop
      vertex 58.6934 4.79124 6
      vertex 58.6071 4.69289 2.79
      vertex 58.6071 4.69289 6
    endloop
  endfacet
  facet normal 0.751653 -0.659559 0
    outer loop
      vertex 57.1066 6.00876 6
      vertex 57.1929 6.10711 2.79
      vertex 57.1929 6.10711 6
    endloop
  endfacet
  facet normal 0.751653 -0.659559 0
    outer loop
      vertex 57.1929 6.10711 2.79
      vertex 57.1066 6.00876 6
      vertex 57.1066 6.00876 2.79
    endloop
  endfacet
  facet normal 0.321382 -0.94695 0
    outer loop
      vertex 57.5173 6.32388 2.79
      vertex 57.6412 6.36593 6
      vertex 57.5173 6.32388 6
    endloop
  endfacet
  facet normal 0.321382 -0.94695 0
    outer loop
      vertex 57.6412 6.36593 6
      vertex 57.5173 6.32388 2.79
      vertex 57.6412 6.36593 2.79
    endloop
  endfacet
  facet normal 0.659489 -0.751714 0
    outer loop
      vertex 57.1929 6.10711 2.79
      vertex 57.2912 6.19335 6
      vertex 57.1929 6.10711 6
    endloop
  endfacet
  facet normal 0.659489 -0.751714 0
    outer loop
      vertex 57.2912 6.19335 6
      vertex 57.1929 6.10711 2.79
      vertex 57.2912 6.19335 2.79
    endloop
  endfacet
  facet normal -0.0654532 0.997856 0
    outer loop
      vertex 58.0305 4.40856 2.79
      vertex 57.9 4.4 6
      vertex 58.0305 4.40856 6
    endloop
  endfacet
  facet normal -0.0654532 0.997856 0
    outer loop
      vertex 57.9 4.4 6
      vertex 58.0305 4.40856 2.79
      vertex 57.9 4.4 2.79
    endloop
  endfacet
  facet normal -0.442375 0.89683 0
    outer loop
      vertex 58.4 4.53398 2.79
      vertex 58.2827 4.47612 6
      vertex 58.4 4.53398 6
    endloop
  endfacet
  facet normal -0.442375 0.89683 0
    outer loop
      vertex 58.2827 4.47612 6
      vertex 58.4 4.53398 2.79
      vertex 58.2827 4.47612 2.79
    endloop
  endfacet
  facet normal 0.997837 0.0657427 0
    outer loop
      vertex 56.9086 5.26947 6
      vertex 56.9 5.4 2.79
      vertex 56.9 5.4 6
    endloop
  endfacet
  facet normal 0.997837 0.0657427 0
    outer loop
      vertex 56.9 5.4 2.79
      vertex 56.9086 5.26947 6
      vertex 56.9086 5.26947 2.79
    endloop
  endfacet
  facet normal -0.947034 -0.321132 0
    outer loop
      vertex 58.8659 5.65882 2.79
      vertex 58.8239 5.78268 6
      vertex 58.8239 5.78268 2.79
    endloop
  endfacet
  facet normal -0.947034 -0.321132 0
    outer loop
      vertex 58.8239 5.78268 6
      vertex 58.8659 5.65882 2.79
      vertex 58.8659 5.65882 6
    endloop
  endfacet
  facet normal 0.947034 0.321132 0
    outer loop
      vertex 56.9761 5.01732 6
      vertex 56.9341 5.14118 2.79
      vertex 56.9341 5.14118 6
    endloop
  endfacet
  facet normal 0.947034 0.321132 0
    outer loop
      vertex 56.9341 5.14118 2.79
      vertex 56.9761 5.01732 6
      vertex 56.9761 5.01732 2.79
    endloop
  endfacet
  facet normal 0.555423 0.831568 -0
    outer loop
      vertex 57.4 4.53398 2.79
      vertex 57.2912 4.60665 6
      vertex 57.4 4.53398 6
    endloop
  endfacet
  facet normal 0.555423 0.831568 0
    outer loop
      vertex 57.2912 4.60665 6
      vertex 57.4 4.53398 2.79
      vertex 57.2912 4.60665 2.79
    endloop
  endfacet
  facet normal -0.555476 -0.831533 0
    outer loop
      vertex 58.4 6.26603 2.79
      vertex 58.5088 6.19335 6
      vertex 58.4 6.26603 6
    endloop
  endfacet
  facet normal -0.555476 -0.831533 -0
    outer loop
      vertex 58.5088 6.19335 6
      vertex 58.4 6.26603 2.79
      vertex 58.5088 6.19335 2.79
    endloop
  endfacet
  facet normal -0.195013 0.980801 0
    outer loop
      vertex 58.1588 4.43407 2.79
      vertex 58.0305 4.40856 6
      vertex 58.1588 4.43407 6
    endloop
  endfacet
  facet normal -0.195013 0.980801 0
    outer loop
      vertex 58.0305 4.40856 6
      vertex 58.1588 4.43407 2.79
      vertex 58.0305 4.40856 2.79
    endloop
  endfacet
  facet normal -0.831721 -0.555194 0
    outer loop
      vertex 58.766 5.9 2.79
      vertex 58.6934 6.00876 6
      vertex 58.6934 6.00876 2.79
    endloop
  endfacet
  facet normal -0.831721 -0.555194 0
    outer loop
      vertex 58.6934 6.00876 6
      vertex 58.766 5.9 2.79
      vertex 58.766 5.9 6
    endloop
  endfacet
  facet normal -0.442314 -0.89686 0
    outer loop
      vertex 58.2827 6.32388 2.79
      vertex 58.4 6.26603 6
      vertex 58.2827 6.32388 6
    endloop
  endfacet
  facet normal -0.442314 -0.89686 -0
    outer loop
      vertex 58.4 6.26603 6
      vertex 58.2827 6.32388 2.79
      vertex 58.4 6.26603 2.79
    endloop
  endfacet
  facet normal -0.0654532 -0.997856 0
    outer loop
      vertex 57.9 6.4 2.79
      vertex 58.0305 6.39144 6
      vertex 57.9 6.4 6
    endloop
  endfacet
  facet normal -0.0654532 -0.997856 -0
    outer loop
      vertex 58.0305 6.39144 6
      vertex 57.9 6.4 2.79
      vertex 58.0305 6.39144 2.79
    endloop
  endfacet
  facet normal -0.947034 0.321132 0
    outer loop
      vertex 58.8239 5.01732 2.79
      vertex 58.8659 5.14118 6
      vertex 58.8659 5.14118 2.79
    endloop
  endfacet
  facet normal -0.947034 0.321132 0
    outer loop
      vertex 58.8659 5.14118 6
      vertex 58.8239 5.01732 2.79
      vertex 58.8239 5.01732 6
    endloop
  endfacet
  facet normal -0.831721 0.555194 0
    outer loop
      vertex 58.6934 4.79124 2.79
      vertex 58.766 4.9 6
      vertex 58.766 4.9 2.79
    endloop
  endfacet
  facet normal -0.831721 0.555194 0
    outer loop
      vertex 58.766 4.9 6
      vertex 58.6934 4.79124 2.79
      vertex 58.6934 4.79124 6
    endloop
  endfacet
  facet normal -0.997837 0.0657427 0
    outer loop
      vertex 58.8914 5.26947 2.79
      vertex 58.9 5.4 6
      vertex 58.9 5.4 2.79
    endloop
  endfacet
  facet normal -0.997837 0.0657427 0
    outer loop
      vertex 58.9 5.4 6
      vertex 58.8914 5.26947 2.79
      vertex 58.8914 5.26947 6
    endloop
  endfacet
  facet normal 0.442314 -0.89686 0
    outer loop
      vertex 57.4 6.26603 2.79
      vertex 57.5173 6.32388 6
      vertex 57.4 6.26603 6
    endloop
  endfacet
  facet normal 0.442314 -0.89686 0
    outer loop
      vertex 57.5173 6.32388 6
      vertex 57.4 6.26603 2.79
      vertex 57.5173 6.32388 2.79
    endloop
  endfacet
  facet normal 0.0654532 -0.997856 0
    outer loop
      vertex 57.7695 6.39144 2.79
      vertex 57.9 6.4 6
      vertex 57.7695 6.39144 6
    endloop
  endfacet
  facet normal 0.0654532 -0.997856 0
    outer loop
      vertex 57.9 6.4 6
      vertex 57.7695 6.39144 2.79
      vertex 57.9 6.4 2.79
    endloop
  endfacet
  facet normal 0.555476 -0.831533 0
    outer loop
      vertex 57.2912 6.19335 2.79
      vertex 57.4 6.26603 6
      vertex 57.2912 6.19335 6
    endloop
  endfacet
  facet normal 0.555476 -0.831533 0
    outer loop
      vertex 57.4 6.26603 6
      vertex 57.2912 6.19335 2.79
      vertex 57.4 6.26603 2.79
    endloop
  endfacet
  facet normal 0 0 1
    outer loop
      vertex 58.8914 5.53053 2.79
      vertex 58.8914 5.26947 2.79
      vertex 58.9 5.4 2.79
    endloop
  endfacet
  facet normal 0 0 1
    outer loop
      vertex 58.8659 5.65882 2.79
      vertex 58.8914 5.26947 2.79
      vertex 58.8914 5.53053 2.79
    endloop
  endfacet
  facet normal 0 0 1
    outer loop
      vertex 58.8659 5.65882 2.79
      vertex 58.8659 5.14118 2.79
      vertex 58.8914 5.26947 2.79
    endloop
  endfacet
  facet normal 0 0 1
    outer loop
      vertex 58.8239 5.78268 2.79
      vertex 58.8659 5.14118 2.79
      vertex 58.8659 5.65882 2.79
    endloop
  endfacet
  facet normal 0 0 1
    outer loop
      vertex 58.8239 5.78268 2.79
      vertex 58.8239 5.01732 2.79
      vertex 58.8659 5.14118 2.79
    endloop
  endfacet
  facet normal 0 0 1
    outer loop
      vertex 58.766 5.9 2.79
      vertex 58.8239 5.01732 2.79
      vertex 58.8239 5.78268 2.79
    endloop
  endfacet
  facet normal 0 0 1
    outer loop
      vertex 58.766 5.9 2.79
      vertex 58.766 4.9 2.79
      vertex 58.8239 5.01732 2.79
    endloop
  endfacet
  facet normal 0 0 1
    outer loop
      vertex 58.6934 6.00876 2.79
      vertex 58.766 4.9 2.79
      vertex 58.766 5.9 2.79
    endloop
  endfacet
  facet normal 0 0 1
    outer loop
      vertex 58.6934 6.00876 2.79
      vertex 58.6934 4.79124 2.79
      vertex 58.766 4.9 2.79
    endloop
  endfacet
  facet normal 0 0 1
    outer loop
      vertex 58.6071 6.10711 2.79
      vertex 58.6934 4.79124 2.79
      vertex 58.6934 6.00876 2.79
    endloop
  endfacet
  facet normal 0 0 1
    outer loop
      vertex 58.6071 6.10711 2.79
      vertex 58.6071 4.69289 2.79
      vertex 58.6934 4.79124 2.79
    endloop
  endfacet
  facet normal 0 0 1
    outer loop
      vertex 58.5088 6.19335 2.79
      vertex 58.6071 4.69289 2.79
      vertex 58.6071 6.10711 2.79
    endloop
  endfacet
  facet normal 0 0 1
    outer loop
      vertex 58.5088 6.19335 2.79
      vertex 58.5088 4.60665 2.79
      vertex 58.6071 4.69289 2.79
    endloop
  endfacet
  facet normal 0 0 1
    outer loop
      vertex 58.4 6.26603 2.79
      vertex 58.5088 4.60665 2.79
      vertex 58.5088 6.19335 2.79
    endloop
  endfacet
  facet normal 0 0 1
    outer loop
      vertex 58.4 6.26603 2.79
      vertex 58.4 4.53398 2.79
      vertex 58.5088 4.60665 2.79
    endloop
  endfacet
  facet normal 0 0 1
    outer loop
      vertex 58.2827 6.32388 2.79
      vertex 58.4 4.53398 2.79
      vertex 58.4 6.26603 2.79
    endloop
  endfacet
  facet normal 0 0 1
    outer loop
      vertex 58.2827 6.32388 2.79
      vertex 58.2827 4.47612 2.79
      vertex 58.4 4.53398 2.79
    endloop
  endfacet
  facet normal 0 0 1
    outer loop
      vertex 58.1588 6.36593 2.79
      vertex 58.2827 4.47612 2.79
      vertex 58.2827 6.32388 2.79
    endloop
  endfacet
  facet normal 0 0 1
    outer loop
      vertex 58.1588 6.36593 2.79
      vertex 58.1588 4.43407 2.79
      vertex 58.2827 4.47612 2.79
    endloop
  endfacet
  facet normal 0 0 1
    outer loop
      vertex 58.0305 6.39144 2.79
      vertex 58.1588 4.43407 2.79
      vertex 58.1588 6.36593 2.79
    endloop
  endfacet
  facet normal 0 0 1
    outer loop
      vertex 58.0305 6.39144 2.79
      vertex 58.0305 4.40856 2.79
      vertex 58.1588 4.43407 2.79
    endloop
  endfacet
  facet normal 0 0 1
    outer loop
      vertex 57.9 6.4 2.79
      vertex 58.0305 4.40856 2.79
      vertex 58.0305 6.39144 2.79
    endloop
  endfacet
  facet normal 0 0 1
    outer loop
      vertex 57.9 6.4 2.79
      vertex 57.9 4.4 2.79
      vertex 58.0305 4.40856 2.79
    endloop
  endfacet
  facet normal -0 0 1
    outer loop
      vertex 57.7695 6.39144 2.79
      vertex 57.9 4.4 2.79
      vertex 57.9 6.4 2.79
    endloop
  endfacet
  facet normal 0 0 1
    outer loop
      vertex 57.7695 6.39144 2.79
      vertex 57.7695 4.40856 2.79
      vertex 57.9 4.4 2.79
    endloop
  endfacet
  facet normal -0 0 1
    outer loop
      vertex 57.6412 6.36593 2.79
      vertex 57.7695 4.40856 2.79
      vertex 57.7695 6.39144 2.79
    endloop
  endfacet
  facet normal 0 0 1
    outer loop
      vertex 57.6412 6.36593 2.79
      vertex 57.6412 4.43407 2.79
      vertex 57.7695 4.40856 2.79
    endloop
  endfacet
  facet normal -0 0 1
    outer loop
      vertex 57.5173 6.32388 2.79
      vertex 57.6412 4.43407 2.79
      vertex 57.6412 6.36593 2.79
    endloop
  endfacet
  facet normal 0 0 1
    outer loop
      vertex 57.5173 6.32388 2.79
      vertex 57.5173 4.47612 2.79
      vertex 57.6412 4.43407 2.79
    endloop
  endfacet
  facet normal -0 0 1
    outer loop
      vertex 57.4 6.26603 2.79
      vertex 57.5173 4.47612 2.79
      vertex 57.5173 6.32388 2.79
    endloop
  endfacet
  facet normal 0 0 1
    outer loop
      vertex 57.4 6.26603 2.79
      vertex 57.4 4.53398 2.79
      vertex 57.5173 4.47612 2.79
    endloop
  endfacet
  facet normal -0 0 1
    outer loop
      vertex 57.2912 6.19335 2.79
      vertex 57.4 4.53398 2.79
      vertex 57.4 6.26603 2.79
    endloop
  endfacet
  facet normal 0 0 1
    outer loop
      vertex 57.2912 6.19335 2.79
      vertex 57.2912 4.60665 2.79
      vertex 57.4 4.53398 2.79
    endloop
  endfacet
  facet normal -0 0 1
    outer loop
      vertex 57.1929 6.10711 2.79
      vertex 57.2912 4.60665 2.79
      vertex 57.2912 6.19335 2.79
    endloop
  endfacet
  facet normal 0 0 1
    outer loop
      vertex 57.1929 6.10711 2.79
      vertex 57.1929 4.69289 2.79
      vertex 57.2912 4.60665 2.79
    endloop
  endfacet
  facet normal -0 0 1
    outer loop
      vertex 57.1066 6.00876 2.79
      vertex 57.1929 4.69289 2.79
      vertex 57.1929 6.10711 2.79
    endloop
  endfacet
  facet normal 0 0 1
    outer loop
      vertex 57.1066 6.00876 2.79
      vertex 57.1066 4.79124 2.79
      vertex 57.1929 4.69289 2.79
    endloop
  endfacet
  facet normal -0 0 1
    outer loop
      vertex 57.034 5.9 2.79
      vertex 57.1066 4.79124 2.79
      vertex 57.1066 6.00876 2.79
    endloop
  endfacet
  facet normal 0 0 1
    outer loop
      vertex 57.034 5.9 2.79
      vertex 57.034 4.9 2.79
      vertex 57.1066 4.79124 2.79
    endloop
  endfacet
  facet normal -0 0 1
    outer loop
      vertex 56.9761 5.78268 2.79
      vertex 57.034 4.9 2.79
      vertex 57.034 5.9 2.79
    endloop
  endfacet
  facet normal 0 0 1
    outer loop
      vertex 56.9761 5.78268 2.79
      vertex 56.9761 5.01732 2.79
      vertex 57.034 4.9 2.79
    endloop
  endfacet
  facet normal -0 0 1
    outer loop
      vertex 56.9341 5.65882 2.79
      vertex 56.9761 5.01732 2.79
      vertex 56.9761 5.78268 2.79
    endloop
  endfacet
  facet normal 0 0 1
    outer loop
      vertex 56.9341 5.65882 2.79
      vertex 56.9341 5.14118 2.79
      vertex 56.9761 5.01732 2.79
    endloop
  endfacet
  facet normal -0 0 1
    outer loop
      vertex 56.9086 5.53053 2.79
      vertex 56.9341 5.14118 2.79
      vertex 56.9341 5.65882 2.79
    endloop
  endfacet
  facet normal 0 0 1
    outer loop
      vertex 56.9086 5.53053 2.79
      vertex 56.9086 5.26947 2.79
      vertex 56.9341 5.14118 2.79
    endloop
  endfacet
  facet normal 0 -0 1
    outer loop
      vertex 56.9086 5.26947 2.79
      vertex 56.9086 5.53053 2.79
      vertex 56.9 5.4 2.79
    endloop
  endfacet
  facet normal -0.896739 0.44256 0
    outer loop
      vertex 58.766 4.9 2.79
      vertex 58.8239 5.01732 6
      vertex 58.8239 5.01732 2.79
    endloop
  endfacet
  facet normal -0.896739 0.44256 0
    outer loop
      vertex 58.8239 5.01732 6
      vertex 58.766 4.9 2.79
      vertex 58.766 4.9 6
    endloop
  endfacet
  facet normal 0.442375 0.89683 -0
    outer loop
      vertex 57.5173 4.47612 2.79
      vertex 57.4 4.53398 6
      vertex 57.5173 4.47612 6
    endloop
  endfacet
  facet normal 0.442375 0.89683 0
    outer loop
      vertex 57.4 4.53398 6
      vertex 57.5173 4.47612 2.79
      vertex 57.4 4.53398 2.79
    endloop
  endfacet
  facet normal 0.195013 0.980801 -0
    outer loop
      vertex 57.7695 4.40856 2.79
      vertex 57.6412 4.43407 6
      vertex 57.7695 4.40856 6
    endloop
  endfacet
  facet normal 0.195013 0.980801 0
    outer loop
      vertex 57.6412 4.43407 6
      vertex 57.7695 4.40856 2.79
      vertex 57.6412 4.43407 2.79
    endloop
  endfacet
  facet normal 0.980812 -0.194955 0
    outer loop
      vertex 56.9086 5.53053 6
      vertex 56.9341 5.65882 2.79
      vertex 56.9341 5.65882 6
    endloop
  endfacet
  facet normal 0.980812 -0.194955 0
    outer loop
      vertex 56.9341 5.65882 2.79
      vertex 56.9086 5.53053 6
      vertex 56.9086 5.53053 2.79
    endloop
  endfacet
  facet normal 0.659489 0.751714 -0
    outer loop
      vertex 57.2912 4.60665 2.79
      vertex 57.1929 4.69289 6
      vertex 57.2912 4.60665 6
    endloop
  endfacet
  facet normal 0.659489 0.751714 0
    outer loop
      vertex 57.1929 4.69289 6
      vertex 57.2912 4.60665 2.79
      vertex 57.1929 4.69289 2.79
    endloop
  endfacet
  facet normal 0.896739 0.44256 0
    outer loop
      vertex 57.034 4.9 6
      vertex 56.9761 5.01732 2.79
      vertex 56.9761 5.01732 6
    endloop
  endfacet
  facet normal 0.896739 0.44256 0
    outer loop
      vertex 56.9761 5.01732 2.79
      vertex 57.034 4.9 6
      vertex 57.034 4.9 2.79
    endloop
  endfacet
  facet normal 0.831721 0.555194 0
    outer loop
      vertex 57.1066 4.79124 6
      vertex 57.034 4.9 2.79
      vertex 57.034 4.9 6
    endloop
  endfacet
  facet normal 0.831721 0.555194 0
    outer loop
      vertex 57.034 4.9 2.79
      vertex 57.1066 4.79124 6
      vertex 57.1066 4.79124 2.79
    endloop
  endfacet
  facet normal -0.195013 -0.980801 0
    outer loop
      vertex 58.0305 6.39144 2.79
      vertex 58.1588 6.36593 6
      vertex 58.0305 6.39144 6
    endloop
  endfacet
  facet normal -0.195013 -0.980801 -0
    outer loop
      vertex 58.1588 6.36593 6
      vertex 58.0305 6.39144 2.79
      vertex 58.1588 6.36593 2.79
    endloop
  endfacet
  facet normal -0.321382 -0.94695 0
    outer loop
      vertex 58.1588 6.36593 2.79
      vertex 58.2827 6.32388 6
      vertex 58.1588 6.36593 6
    endloop
  endfacet
  facet normal -0.321382 -0.94695 -0
    outer loop
      vertex 58.2827 6.32388 6
      vertex 58.1588 6.36593 2.79
      vertex 58.2827 6.32388 2.79
    endloop
  endfacet
  facet normal -0.896739 -0.44256 0
    outer loop
      vertex 58.8239 5.78268 2.79
      vertex 58.766 5.9 6
      vertex 58.766 5.9 2.79
    endloop
  endfacet
  facet normal -0.896739 -0.44256 0
    outer loop
      vertex 58.766 5.9 6
      vertex 58.8239 5.78268 2.79
      vertex 58.8239 5.78268 6
    endloop
  endfacet
  facet normal -0.659489 -0.751714 0
    outer loop
      vertex 58.5088 6.19335 2.79
      vertex 58.6071 6.10711 6
      vertex 58.5088 6.19335 6
    endloop
  endfacet
  facet normal -0.659489 -0.751714 -0
    outer loop
      vertex 58.6071 6.10711 6
      vertex 58.5088 6.19335 2.79
      vertex 58.6071 6.10711 2.79
    endloop
  endfacet
  facet normal 0.831721 -0.555194 0
    outer loop
      vertex 57.034 5.9 6
      vertex 57.1066 6.00876 2.79
      vertex 57.1066 6.00876 6
    endloop
  endfacet
  facet normal 0.831721 -0.555194 0
    outer loop
      vertex 57.1066 6.00876 2.79
      vertex 57.034 5.9 6
      vertex 57.034 5.9 2.79
    endloop
  endfacet
  facet normal 0.947034 -0.321132 0
    outer loop
      vertex 56.9341 5.65882 6
      vertex 56.9761 5.78268 2.79
      vertex 56.9761 5.78268 6
    endloop
  endfacet
  facet normal 0.947034 -0.321132 0
    outer loop
      vertex 56.9761 5.78268 2.79
      vertex 56.9341 5.65882 6
      vertex 56.9341 5.65882 2.79
    endloop
  endfacet
  facet normal 0.751653 0.659559 0
    outer loop
      vertex 57.1929 4.69289 6
      vertex 57.1066 4.79124 2.79
      vertex 57.1066 4.79124 6
    endloop
  endfacet
  facet normal 0.751653 0.659559 0
    outer loop
      vertex 57.1066 4.79124 2.79
      vertex 57.1929 4.69289 6
      vertex 57.1929 4.69289 2.79
    endloop
  endfacet
  facet normal 0.195013 -0.980801 0
    outer loop
      vertex 57.6412 6.36593 2.79
      vertex 57.7695 6.39144 6
      vertex 57.6412 6.36593 6
    endloop
  endfacet
  facet normal 0.195013 -0.980801 0
    outer loop
      vertex 57.7695 6.39144 6
      vertex 57.6412 6.36593 2.79
      vertex 57.7695 6.39144 2.79
    endloop
  endfacet
  facet normal -0.980812 0.194955 0
    outer loop
      vertex 58.8659 5.14118 2.79
      vertex 58.8914 5.26947 6
      vertex 58.8914 5.26947 2.79
    endloop
  endfacet
  facet normal -0.980812 0.194955 0
    outer loop
      vertex 58.8914 5.26947 6
      vertex 58.8659 5.14118 2.79
      vertex 58.8659 5.14118 6
    endloop
  endfacet
  facet normal -0.659489 0.751714 0
    outer loop
      vertex 58.6071 4.69289 2.79
      vertex 58.5088 4.60665 6
      vertex 58.6071 4.69289 6
    endloop
  endfacet
  facet normal -0.659489 0.751714 0
    outer loop
      vertex 58.5088 4.60665 6
      vertex 58.6071 4.69289 2.79
      vertex 58.5088 4.60665 2.79
    endloop
  endfacet
  facet normal -0.555423 0.831568 0
    outer loop
      vertex 58.5088 4.60665 2.79
      vertex 58.4 4.53398 6
      vertex 58.5088 4.60665 6
    endloop
  endfacet
  facet normal -0.555423 0.831568 0
    outer loop
      vertex 58.4 4.53398 6
      vertex 58.5088 4.60665 2.79
      vertex 58.4 4.53398 2.79
    endloop
  endfacet
  facet normal 0.997837 -0.0657427 0
    outer loop
      vertex 56.9 5.4 6
      vertex 56.9086 5.53053 2.79
      vertex 56.9086 5.53053 6
    endloop
  endfacet
  facet normal 0.997837 -0.0657427 0
    outer loop
      vertex 56.9086 5.53053 2.79
      vertex 56.9 5.4 6
      vertex 56.9 5.4 2.79
    endloop
  endfacet
  facet normal 0.0654532 0.997856 -0
    outer loop
      vertex 57.9 4.4 2.79
      vertex 57.7695 4.40856 6
      vertex 57.9 4.4 6
    endloop
  endfacet
  facet normal 0.0654532 0.997856 0
    outer loop
      vertex 57.7695 4.40856 6
      vertex 57.9 4.4 2.79
      vertex 57.7695 4.40856 2.79
    endloop
  endfacet
  facet normal 0.980815 0.19494 0
    outer loop
      vertex 21.1243 39.7916 6
      vertex 21.0478 40.1765 2
      vertex 21.0478 40.1765 6
    endloop
  endfacet
  facet normal 0.980815 0.19494 0
    outer loop
      vertex 21.0478 40.1765 2
      vertex 21.1243 39.7916 6
      vertex 21.1243 39.7916 2
    endloop
  endfacet
  facet normal 0.997853 0.0654873 0
    outer loop
      vertex 21.15 39.4 6
      vertex 21.1243 39.7916 2
      vertex 21.1243 39.7916 6
    endloop
  endfacet
  facet normal 0.997853 0.0654873 0
    outer loop
      vertex 21.1243 39.7916 2
      vertex 21.15 39.4 6
      vertex 21.15 39.4 2
    endloop
  endfacet
  facet normal 0.980815 -0.19494 0
    outer loop
      vertex 21.0478 38.6235 6
      vertex 21.1243 39.0084 2
      vertex 21.1243 39.0084 6
    endloop
  endfacet
  facet normal 0.980815 -0.19494 0
    outer loop
      vertex 21.1243 39.0084 2
      vertex 21.0478 38.6235 6
      vertex 21.0478 38.6235 2
    endloop
  endfacet
  facet normal -0.751724 -0.659478 0
    outer loop
      vertex 16.0287 37.2787 2
      vertex 15.7699 37.5737 6
      vertex 15.7699 37.5737 2
    endloop
  endfacet
  facet normal -0.751724 -0.659478 0
    outer loop
      vertex 15.7699 37.5737 6
      vertex 16.0287 37.2787 2
      vertex 16.0287 37.2787 6
    endloop
  endfacet
  facet normal 0 0 1
    outer loop
      vertex 19.15 39.4 6
      vertex 21.15 39.4 6
      vertex 21.1243 39.7916 6
    endloop
  endfacet
  facet normal 0 0 1
    outer loop
      vertex 19.1414 39.5305 6
      vertex 21.1243 39.7916 6
      vertex 21.0478 40.1765 6
    endloop
  endfacet
  facet normal 0 0 1
    outer loop
      vertex 21.15 39.4 6
      vertex 19.15 39.4 6
      vertex 21.1243 39.0084 6
    endloop
  endfacet
  facet normal 0 0 1
    outer loop
      vertex 19.1159 39.6588 6
      vertex 21.0478 40.1765 6
      vertex 20.9216 40.548 6
    endloop
  endfacet
  facet normal -0 0 1
    outer loop
      vertex 19.1414 39.2695 6
      vertex 21.1243 39.0084 6
      vertex 19.15 39.4 6
    endloop
  endfacet
  facet normal 0 0 1
    outer loop
      vertex 19.0739 39.7827 6
      vertex 20.9216 40.548 6
      vertex 20.7481 40.9 6
    endloop
  endfacet
  facet normal 0 0 1
    outer loop
      vertex 21.1243 39.0084 6
      vertex 19.1414 39.2695 6
      vertex 21.0478 38.6235 6
    endloop
  endfacet
  facet normal 0 0 1
    outer loop
      vertex 19.016 39.9 6
      vertex 20.7481 40.9 6
      vertex 20.5301 41.2263 6
    endloop
  endfacet
  facet normal -0 0 1
    outer loop
      vertex 19.1159 39.1412 6
      vertex 21.0478 38.6235 6
      vertex 19.1414 39.2695 6
    endloop
  endfacet
  facet normal 0 0 1
    outer loop
      vertex 18.9434 40.0088 6
      vertex 20.5301 41.2263 6
      vertex 20.2713 41.5213 6
    endloop
  endfacet
  facet normal 0 0 1
    outer loop
      vertex 21.0478 38.6235 6
      vertex 19.1159 39.1412 6
      vertex 20.9216 38.2519 6
    endloop
  endfacet
  facet normal 0 0 1
    outer loop
      vertex 18.8571 40.1071 6
      vertex 20.2713 41.5213 6
      vertex 19.9763 41.7801 6
    endloop
  endfacet
  facet normal -0 0 1
    outer loop
      vertex 19.0739 39.0173 6
      vertex 20.9216 38.2519 6
      vertex 19.1159 39.1412 6
    endloop
  endfacet
  facet normal 0 0 1
    outer loop
      vertex 18.7588 40.1934 6
      vertex 19.9763 41.7801 6
      vertex 19.65 41.9981 6
    endloop
  endfacet
  facet normal 0 0 1
    outer loop
      vertex 20.9216 38.2519 6
      vertex 19.0739 39.0173 6
      vertex 20.7481 37.9 6
    endloop
  endfacet
  facet normal 0 0 1
    outer loop
      vertex 18.65 40.266 6
      vertex 19.65 41.9981 6
      vertex 19.298 42.1716 6
    endloop
  endfacet
  facet normal -0 0 1
    outer loop
      vertex 19.016 38.9 6
      vertex 20.7481 37.9 6
      vertex 19.0739 39.0173 6
    endloop
  endfacet
  facet normal 0 0 1
    outer loop
      vertex 20.7481 37.9 6
      vertex 19.016 38.9 6
      vertex 20.5301 37.5737 6
    endloop
  endfacet
  facet normal 0 0 1
    outer loop
      vertex 21.1243 39.7916 6
      vertex 19.1414 39.5305 6
      vertex 19.15 39.4 6
    endloop
  endfacet
  facet normal 0 0 1
    outer loop
      vertex 21.0478 40.1765 6
      vertex 19.1159 39.6588 6
      vertex 19.1414 39.5305 6
    endloop
  endfacet
  facet normal 0 0 1
    outer loop
      vertex 20.9216 40.548 6
      vertex 19.0739 39.7827 6
      vertex 19.1159 39.6588 6
    endloop
  endfacet
  facet normal 0 0 1
    outer loop
      vertex 20.7481 40.9 6
      vertex 19.016 39.9 6
      vertex 19.0739 39.7827 6
    endloop
  endfacet
  facet normal 0 0 1
    outer loop
      vertex 20.5301 41.2263 6
      vertex 18.9434 40.0088 6
      vertex 19.016 39.9 6
    endloop
  endfacet
  facet normal 0 0 1
    outer loop
      vertex 18.5327 40.3239 6
      vertex 19.298 42.1716 6
      vertex 18.9265 42.2978 6
    endloop
  endfacet
  facet normal 0 0 1
    outer loop
      vertex 20.2713 41.5213 6
      vertex 18.8571 40.1071 6
      vertex 18.9434 40.0088 6
    endloop
  endfacet
  facet normal 0 0 1
    outer loop
      vertex 19.9763 41.7801 6
      vertex 18.7588 40.1934 6
      vertex 18.8571 40.1071 6
    endloop
  endfacet
  facet normal 0 0 1
    outer loop
      vertex 19.65 41.9981 6
      vertex 18.65 40.266 6
      vertex 18.7588 40.1934 6
    endloop
  endfacet
  facet normal 0 0 1
    outer loop
      vertex 18.4088 40.3659 6
      vertex 18.9265 42.2978 6
      vertex 18.5416 42.3743 6
    endloop
  endfacet
  facet normal 0 0 1
    outer loop
      vertex 19.298 42.1716 6
      vertex 18.5327 40.3239 6
      vertex 18.65 40.266 6
    endloop
  endfacet
  facet normal 0 0 1
    outer loop
      vertex 18.9265 42.2978 6
      vertex 18.4088 40.3659 6
      vertex 18.5327 40.3239 6
    endloop
  endfacet
  facet normal 0 0 1
    outer loop
      vertex 18.5416 42.3743 6
      vertex 18.2805 40.3914 6
      vertex 18.4088 40.3659 6
    endloop
  endfacet
  facet normal 0 0 1
    outer loop
      vertex 18.15 42.4 6
      vertex 18.2805 40.3914 6
      vertex 18.5416 42.3743 6
    endloop
  endfacet
  facet normal 0 0 1
    outer loop
      vertex 18.15 42.4 6
      vertex 18.15 40.4 6
      vertex 18.2805 40.3914 6
    endloop
  endfacet
  facet normal 0 0 1
    outer loop
      vertex 18.15 42.4 6
      vertex 18.0195 40.3914 6
      vertex 18.15 40.4 6
    endloop
  endfacet
  facet normal -0 0 1
    outer loop
      vertex 17.7584 42.3743 6
      vertex 18.0195 40.3914 6
      vertex 18.15 42.4 6
    endloop
  endfacet
  facet normal 0 0 1
    outer loop
      vertex 18.0195 40.3914 6
      vertex 17.7584 42.3743 6
      vertex 17.8912 40.3659 6
    endloop
  endfacet
  facet normal -0 0 1
    outer loop
      vertex 17.3735 42.2978 6
      vertex 17.8912 40.3659 6
      vertex 17.7584 42.3743 6
    endloop
  endfacet
  facet normal 0 0 1
    outer loop
      vertex 17.8912 40.3659 6
      vertex 17.3735 42.2978 6
      vertex 17.7673 40.3239 6
    endloop
  endfacet
  facet normal -0 0 1
    outer loop
      vertex 17.002 42.1716 6
      vertex 17.7673 40.3239 6
      vertex 17.3735 42.2978 6
    endloop
  endfacet
  facet normal 0 0 1
    outer loop
      vertex 17.7673 40.3239 6
      vertex 17.002 42.1716 6
      vertex 17.65 40.266 6
    endloop
  endfacet
  facet normal -0 0 1
    outer loop
      vertex 16.65 41.9981 6
      vertex 17.65 40.266 6
      vertex 17.002 42.1716 6
    endloop
  endfacet
  facet normal 0 0 1
    outer loop
      vertex 17.65 40.266 6
      vertex 16.65 41.9981 6
      vertex 17.5412 40.1934 6
    endloop
  endfacet
  facet normal -0 0 1
    outer loop
      vertex 16.3237 41.7801 6
      vertex 17.5412 40.1934 6
      vertex 16.65 41.9981 6
    endloop
  endfacet
  facet normal 0 0 1
    outer loop
      vertex 17.5412 40.1934 6
      vertex 16.3237 41.7801 6
      vertex 17.4429 40.1071 6
    endloop
  endfacet
  facet normal -0 0 1
    outer loop
      vertex 16.0287 41.5213 6
      vertex 17.4429 40.1071 6
      vertex 16.3237 41.7801 6
    endloop
  endfacet
  facet normal 0 0 1
    outer loop
      vertex 17.4429 40.1071 6
      vertex 16.0287 41.5213 6
      vertex 17.3566 40.0088 6
    endloop
  endfacet
  facet normal 0 0 1
    outer loop
      vertex 17.3566 40.0088 6
      vertex 15.7699 41.2263 6
      vertex 17.284 39.9 6
    endloop
  endfacet
  facet normal -0 0 1
    outer loop
      vertex 15.7699 41.2263 6
      vertex 17.3566 40.0088 6
      vertex 16.0287 41.5213 6
    endloop
  endfacet
  facet normal -0 0 1
    outer loop
      vertex 18.9434 38.7912 6
      vertex 20.5301 37.5737 6
      vertex 19.016 38.9 6
    endloop
  endfacet
  facet normal 0 0 1
    outer loop
      vertex 20.5301 37.5737 6
      vertex 18.9434 38.7912 6
      vertex 20.2713 37.2787 6
    endloop
  endfacet
  facet normal -0 0 1
    outer loop
      vertex 18.8571 38.6929 6
      vertex 20.2713 37.2787 6
      vertex 18.9434 38.7912 6
    endloop
  endfacet
  facet normal 0 0 1
    outer loop
      vertex 20.2713 37.2787 6
      vertex 18.8571 38.6929 6
      vertex 19.9763 37.0199 6
    endloop
  endfacet
  facet normal -0 0 1
    outer loop
      vertex 18.7588 38.6066 6
      vertex 19.9763 37.0199 6
      vertex 18.8571 38.6929 6
    endloop
  endfacet
  facet normal 0 0 1
    outer loop
      vertex 19.9763 37.0199 6
      vertex 18.7588 38.6066 6
      vertex 19.65 36.8019 6
    endloop
  endfacet
  facet normal -0 0 1
    outer loop
      vertex 18.65 38.534 6
      vertex 19.65 36.8019 6
      vertex 18.7588 38.6066 6
    endloop
  endfacet
  facet normal 0 0 1
    outer loop
      vertex 19.65 36.8019 6
      vertex 18.65 38.534 6
      vertex 19.298 36.6284 6
    endloop
  endfacet
  facet normal -0 0 1
    outer loop
      vertex 18.5327 38.4761 6
      vertex 19.298 36.6284 6
      vertex 18.65 38.534 6
    endloop
  endfacet
  facet normal 0 0 1
    outer loop
      vertex 19.298 36.6284 6
      vertex 18.5327 38.4761 6
      vertex 18.9265 36.5022 6
    endloop
  endfacet
  facet normal -0 0 1
    outer loop
      vertex 18.4088 38.4341 6
      vertex 18.9265 36.5022 6
      vertex 18.5327 38.4761 6
    endloop
  endfacet
  facet normal 0 0 1
    outer loop
      vertex 18.9265 36.5022 6
      vertex 18.4088 38.4341 6
      vertex 18.5416 36.4257 6
    endloop
  endfacet
  facet normal -0 0 1
    outer loop
      vertex 18.2805 38.4086 6
      vertex 18.5416 36.4257 6
      vertex 18.4088 38.4341 6
    endloop
  endfacet
  facet normal -0 0 1
    outer loop
      vertex 18.15 38.4 6
      vertex 18.5416 36.4257 6
      vertex 18.2805 38.4086 6
    endloop
  endfacet
  facet normal 0 0 1
    outer loop
      vertex 18.15 38.4 6
      vertex 18.15 36.4 6
      vertex 18.5416 36.4257 6
    endloop
  endfacet
  facet normal 0 0 1
    outer loop
      vertex 18.0195 38.4086 6
      vertex 18.15 36.4 6
      vertex 18.15 38.4 6
    endloop
  endfacet
  facet normal 0 0 1
    outer loop
      vertex 17.7584 36.4257 6
      vertex 18.0195 38.4086 6
      vertex 17.8912 38.4341 6
    endloop
  endfacet
  facet normal 0 0 1
    outer loop
      vertex 17.3735 36.5022 6
      vertex 17.8912 38.4341 6
      vertex 17.7673 38.4761 6
    endloop
  endfacet
  facet normal 0 0 1
    outer loop
      vertex 18.0195 38.4086 6
      vertex 17.7584 36.4257 6
      vertex 18.15 36.4 6
    endloop
  endfacet
  facet normal 0 0 1
    outer loop
      vertex 17.002 36.6284 6
      vertex 17.7673 38.4761 6
      vertex 17.65 38.534 6
    endloop
  endfacet
  facet normal 0 0 1
    outer loop
      vertex 16.65 36.8019 6
      vertex 17.65 38.534 6
      vertex 17.5412 38.6066 6
    endloop
  endfacet
  facet normal 0 0 1
    outer loop
      vertex 16.3237 37.0199 6
      vertex 17.5412 38.6066 6
      vertex 17.4429 38.6929 6
    endloop
  endfacet
  facet normal 0 0 1
    outer loop
      vertex 17.8912 38.4341 6
      vertex 17.3735 36.5022 6
      vertex 17.7584 36.4257 6
    endloop
  endfacet
  facet normal 0 0 1
    outer loop
      vertex 16.0287 37.2787 6
      vertex 17.4429 38.6929 6
      vertex 17.3566 38.7912 6
    endloop
  endfacet
  facet normal 0 0 1
    outer loop
      vertex 15.7699 37.5737 6
      vertex 17.3566 38.7912 6
      vertex 17.284 38.9 6
    endloop
  endfacet
  facet normal 0 0 1
    outer loop
      vertex 15.5519 37.9 6
      vertex 17.284 38.9 6
      vertex 17.2261 39.0173 6
    endloop
  endfacet
  facet normal 0 0 1
    outer loop
      vertex 15.3784 38.2519 6
      vertex 17.2261 39.0173 6
      vertex 17.1841 39.1412 6
    endloop
  endfacet
  facet normal 0 0 1
    outer loop
      vertex 15.2522 38.6235 6
      vertex 17.1841 39.1412 6
      vertex 17.1586 39.2695 6
    endloop
  endfacet
  facet normal 0 0 1
    outer loop
      vertex 17.7673 38.4761 6
      vertex 17.002 36.6284 6
      vertex 17.3735 36.5022 6
    endloop
  endfacet
  facet normal 0 0 1
    outer loop
      vertex 15.1757 39.0084 6
      vertex 17.1586 39.2695 6
      vertex 17.15 39.4 6
    endloop
  endfacet
  facet normal -0 0 1
    outer loop
      vertex 15.5519 40.9 6
      vertex 17.284 39.9 6
      vertex 15.7699 41.2263 6
    endloop
  endfacet
  facet normal 0 0 1
    outer loop
      vertex 17.284 39.9 6
      vertex 15.5519 40.9 6
      vertex 17.2261 39.7827 6
    endloop
  endfacet
  facet normal 0 0 1
    outer loop
      vertex 17.65 38.534 6
      vertex 16.65 36.8019 6
      vertex 17.002 36.6284 6
    endloop
  endfacet
  facet normal -0 0 1
    outer loop
      vertex 15.3784 40.548 6
      vertex 17.2261 39.7827 6
      vertex 15.5519 40.9 6
    endloop
  endfacet
  facet normal 0 0 1
    outer loop
      vertex 17.5412 38.6066 6
      vertex 16.3237 37.0199 6
      vertex 16.65 36.8019 6
    endloop
  endfacet
  facet normal 0 0 1
    outer loop
      vertex 17.2261 39.7827 6
      vertex 15.3784 40.548 6
      vertex 17.1841 39.6588 6
    endloop
  endfacet
  facet normal 0 0 1
    outer loop
      vertex 17.4429 38.6929 6
      vertex 16.0287 37.2787 6
      vertex 16.3237 37.0199 6
    endloop
  endfacet
  facet normal -0 0 1
    outer loop
      vertex 15.2522 40.1765 6
      vertex 17.1841 39.6588 6
      vertex 15.3784 40.548 6
    endloop
  endfacet
  facet normal 0 0 1
    outer loop
      vertex 17.3566 38.7912 6
      vertex 15.7699 37.5737 6
      vertex 16.0287 37.2787 6
    endloop
  endfacet
  facet normal 0 0 1
    outer loop
      vertex 17.1841 39.6588 6
      vertex 15.2522 40.1765 6
      vertex 17.1586 39.5305 6
    endloop
  endfacet
  facet normal 0 0 1
    outer loop
      vertex 17.284 38.9 6
      vertex 15.5519 37.9 6
      vertex 15.7699 37.5737 6
    endloop
  endfacet
  facet normal -0 0 1
    outer loop
      vertex 15.1757 39.7916 6
      vertex 17.1586 39.5305 6
      vertex 15.2522 40.1765 6
    endloop
  endfacet
  facet normal 0 0 1
    outer loop
      vertex 17.2261 39.0173 6
      vertex 15.3784 38.2519 6
      vertex 15.5519 37.9 6
    endloop
  endfacet
  facet normal 0 0 1
    outer loop
      vertex 17.1586 39.5305 6
      vertex 15.1757 39.7916 6
      vertex 17.15 39.4 6
    endloop
  endfacet
  facet normal 0 0 1
    outer loop
      vertex 17.1841 39.1412 6
      vertex 15.2522 38.6235 6
      vertex 15.3784 38.2519 6
    endloop
  endfacet
  facet normal 0 0 1
    outer loop
      vertex 15.15 39.4 6
      vertex 17.15 39.4 6
      vertex 15.1757 39.7916 6
    endloop
  endfacet
  facet normal 0 0 1
    outer loop
      vertex 17.1586 39.2695 6
      vertex 15.1757 39.0084 6
      vertex 15.2522 38.6235 6
    endloop
  endfacet
  facet normal 0 0 1
    outer loop
      vertex 17.15 39.4 6
      vertex 15.15 39.4 6
      vertex 15.1757 39.0084 6
    endloop
  endfacet
  facet normal 0.831501 0.555523 0
    outer loop
      vertex 20.7481 40.9 6
      vertex 20.5301 41.2263 2
      vertex 20.5301 41.2263 6
    endloop
  endfacet
  facet normal 0.831501 0.555523 0
    outer loop
      vertex 20.5301 41.2263 2
      vertex 20.7481 40.9 6
      vertex 20.7481 40.9 2
    endloop
  endfacet
  facet normal 0.555523 0.831501 -0
    outer loop
      vertex 19.9763 41.7801 2
      vertex 19.65 41.9981 6
      vertex 19.9763 41.7801 6
    endloop
  endfacet
  facet normal 0.555523 0.831501 0
    outer loop
      vertex 19.65 41.9981 6
      vertex 19.9763 41.7801 2
      vertex 19.65 41.9981 2
    endloop
  endfacet
  facet normal 0.896911 -0.442211 0
    outer loop
      vertex 20.7481 37.9 6
      vertex 20.9216 38.2519 2
      vertex 20.9216 38.2519 6
    endloop
  endfacet
  facet normal 0.896911 -0.442211 0
    outer loop
      vertex 20.9216 38.2519 2
      vertex 20.7481 37.9 6
      vertex 20.7481 37.9 2
    endloop
  endfacet
  facet normal 0.997853 -0.0654873 0
    outer loop
      vertex 21.1243 39.0084 6
      vertex 21.15 39.4 2
      vertex 21.15 39.4 6
    endloop
  endfacet
  facet normal 0.997853 -0.0654873 0
    outer loop
      vertex 21.15 39.4 2
      vertex 21.1243 39.0084 6
      vertex 21.1243 39.0084 2
    endloop
  endfacet
  facet normal 0.321651 0.946858 -0
    outer loop
      vertex 19.298 42.1716 2
      vertex 18.9265 42.2978 6
      vertex 19.298 42.1716 6
    endloop
  endfacet
  facet normal 0.321651 0.946858 0
    outer loop
      vertex 18.9265 42.2978 6
      vertex 19.298 42.1716 2
      vertex 18.9265 42.2978 2
    endloop
  endfacet
  facet normal -0.896961 0.44211 0
    outer loop
      vertex 15.3784 40.548 2
      vertex 15.5519 40.9 6
      vertex 15.5519 40.9 2
    endloop
  endfacet
  facet normal -0.896961 0.44211 0
    outer loop
      vertex 15.5519 40.9 6
      vertex 15.3784 40.548 2
      vertex 15.3784 40.548 6
    endloop
  endfacet
  facet normal -0.659478 0.751724 0
    outer loop
      vertex 16.3237 41.7801 2
      vertex 16.0287 41.5213 6
      vertex 16.3237 41.7801 6
    endloop
  endfacet
  facet normal -0.659478 0.751724 0
    outer loop
      vertex 16.0287 41.5213 6
      vertex 16.3237 41.7801 2
      vertex 16.0287 41.5213 2
    endloop
  endfacet
  facet normal 0.321651 -0.946858 0
    outer loop
      vertex 18.9265 36.5022 2
      vertex 19.298 36.6284 6
      vertex 18.9265 36.5022 6
    endloop
  endfacet
  facet normal 0.321651 -0.946858 0
    outer loop
      vertex 19.298 36.6284 6
      vertex 18.9265 36.5022 2
      vertex 19.298 36.6284 2
    endloop
  endfacet
  facet normal -0.997853 -0.0654873 0
    outer loop
      vertex 15.1757 39.0084 2
      vertex 15.15 39.4 6
      vertex 15.15 39.4 2
    endloop
  endfacet
  facet normal -0.997853 -0.0654873 0
    outer loop
      vertex 15.15 39.4 6
      vertex 15.1757 39.0084 2
      vertex 15.1757 39.0084 6
    endloop
  endfacet
  facet normal -0.659478 -0.751724 0
    outer loop
      vertex 16.0287 37.2787 2
      vertex 16.3237 37.0199 6
      vertex 16.0287 37.2787 6
    endloop
  endfacet
  facet normal -0.659478 -0.751724 -0
    outer loop
      vertex 16.3237 37.0199 6
      vertex 16.0287 37.2787 2
      vertex 16.3237 37.0199 2
    endloop
  endfacet
  facet normal -0.321651 0.946858 0
    outer loop
      vertex 17.3735 42.2978 2
      vertex 17.002 42.1716 6
      vertex 17.3735 42.2978 6
    endloop
  endfacet
  facet normal -0.321651 0.946858 0
    outer loop
      vertex 17.002 42.1716 6
      vertex 17.3735 42.2978 2
      vertex 17.002 42.1716 2
    endloop
  endfacet
  facet normal -0.831501 -0.555523 0
    outer loop
      vertex 15.7699 37.5737 2
      vertex 15.5519 37.9 6
      vertex 15.5519 37.9 2
    endloop
  endfacet
  facet normal -0.831501 -0.555523 0
    outer loop
      vertex 15.5519 37.9 6
      vertex 15.7699 37.5737 2
      vertex 15.7699 37.5737 6
    endloop
  endfacet
  facet normal -0.555523 0.831501 0
    outer loop
      vertex 16.65 41.9981 2
      vertex 16.3237 41.7801 6
      vertex 16.65 41.9981 6
    endloop
  endfacet
  facet normal -0.555523 0.831501 0
    outer loop
      vertex 16.3237 41.7801 6
      vertex 16.65 41.9981 2
      vertex 16.3237 41.7801 2
    endloop
  endfacet
  facet normal -0.997853 0.0654873 0
    outer loop
      vertex 15.15 39.4 2
      vertex 15.1757 39.7916 6
      vertex 15.1757 39.7916 2
    endloop
  endfacet
  facet normal -0.997853 0.0654873 0
    outer loop
      vertex 15.1757 39.7916 6
      vertex 15.15 39.4 2
      vertex 15.15 39.4 6
    endloop
  endfacet
  facet normal 0.19494 0.980815 -0
    outer loop
      vertex 18.9265 42.2978 2
      vertex 18.5416 42.3743 6
      vertex 18.9265 42.2978 6
    endloop
  endfacet
  facet normal 0.19494 0.980815 0
    outer loop
      vertex 18.5416 42.3743 6
      vertex 18.9265 42.2978 2
      vertex 18.5416 42.3743 2
    endloop
  endfacet
  facet normal -0.44211 0.896961 0
    outer loop
      vertex 17.002 42.1716 2
      vertex 16.65 41.9981 6
      vertex 17.002 42.1716 6
    endloop
  endfacet
  facet normal -0.44211 0.896961 0
    outer loop
      vertex 16.65 41.9981 6
      vertex 17.002 42.1716 2
      vertex 16.65 41.9981 2
    endloop
  endfacet
  facet normal 0.0654873 -0.997853 0
    outer loop
      vertex 18.15 36.4 2
      vertex 18.5416 36.4257 6
      vertex 18.15 36.4 6
    endloop
  endfacet
  facet normal 0.0654873 -0.997853 0
    outer loop
      vertex 18.5416 36.4257 6
      vertex 18.15 36.4 2
      vertex 18.5416 36.4257 2
    endloop
  endfacet
  facet normal 0.659478 -0.751724 0
    outer loop
      vertex 19.9763 37.0199 2
      vertex 20.2713 37.2787 6
      vertex 19.9763 37.0199 6
    endloop
  endfacet
  facet normal 0.659478 -0.751724 0
    outer loop
      vertex 20.2713 37.2787 6
      vertex 19.9763 37.0199 2
      vertex 20.2713 37.2787 2
    endloop
  endfacet
  facet normal -0.946885 -0.321574 0
    outer loop
      vertex 15.3784 38.2519 2
      vertex 15.2522 38.6235 6
      vertex 15.2522 38.6235 2
    endloop
  endfacet
  facet normal -0.946885 -0.321574 0
    outer loop
      vertex 15.2522 38.6235 6
      vertex 15.3784 38.2519 2
      vertex 15.3784 38.2519 6
    endloop
  endfacet
  facet normal 0.946885 -0.321574 0
    outer loop
      vertex 20.9216 38.2519 6
      vertex 21.0478 38.6235 2
      vertex 21.0478 38.6235 6
    endloop
  endfacet
  facet normal 0.946885 -0.321574 0
    outer loop
      vertex 21.0478 38.6235 2
      vertex 20.9216 38.2519 6
      vertex 20.9216 38.2519 2
    endloop
  endfacet
  facet normal 0.44211 0.896961 -0
    outer loop
      vertex 19.65 41.9981 2
      vertex 19.298 42.1716 6
      vertex 19.65 41.9981 6
    endloop
  endfacet
  facet normal 0.44211 0.896961 0
    outer loop
      vertex 19.298 42.1716 6
      vertex 19.65 41.9981 2
      vertex 19.298 42.1716 2
    endloop
  endfacet
  facet normal -0.19494 0.980815 0
    outer loop
      vertex 17.7584 42.3743 2
      vertex 17.3735 42.2978 6
      vertex 17.7584 42.3743 6
    endloop
  endfacet
  facet normal -0.19494 0.980815 0
    outer loop
      vertex 17.3735 42.2978 6
      vertex 17.7584 42.3743 2
      vertex 17.3735 42.2978 2
    endloop
  endfacet
  facet normal 0.751724 0.659478 0
    outer loop
      vertex 20.5301 41.2263 6
      vertex 20.2713 41.5213 2
      vertex 20.2713 41.5213 6
    endloop
  endfacet
  facet normal 0.751724 0.659478 0
    outer loop
      vertex 20.2713 41.5213 2
      vertex 20.5301 41.2263 6
      vertex 20.5301 41.2263 2
    endloop
  endfacet
  facet normal 0.751724 -0.659478 0
    outer loop
      vertex 20.2713 37.2787 6
      vertex 20.5301 37.5737 2
      vertex 20.5301 37.5737 6
    endloop
  endfacet
  facet normal 0.751724 -0.659478 0
    outer loop
      vertex 20.5301 37.5737 2
      vertex 20.2713 37.2787 6
      vertex 20.2713 37.2787 2
    endloop
  endfacet
  facet normal -0.44211 -0.896961 0
    outer loop
      vertex 16.65 36.8019 2
      vertex 17.002 36.6284 6
      vertex 16.65 36.8019 6
    endloop
  endfacet
  facet normal -0.44211 -0.896961 -0
    outer loop
      vertex 17.002 36.6284 6
      vertex 16.65 36.8019 2
      vertex 17.002 36.6284 2
    endloop
  endfacet
  facet normal -0.946858 0.321651 0
    outer loop
      vertex 15.2522 40.1765 2
      vertex 15.3784 40.548 6
      vertex 15.3784 40.548 2
    endloop
  endfacet
  facet normal -0.946858 0.321651 0
    outer loop
      vertex 15.3784 40.548 6
      vertex 15.2522 40.1765 2
      vertex 15.2522 40.1765 6
    endloop
  endfacet
  facet normal 0.19494 -0.980815 0
    outer loop
      vertex 18.5416 36.4257 2
      vertex 18.9265 36.5022 6
      vertex 18.5416 36.4257 6
    endloop
  endfacet
  facet normal 0.19494 -0.980815 0
    outer loop
      vertex 18.9265 36.5022 6
      vertex 18.5416 36.4257 2
      vertex 18.9265 36.5022 2
    endloop
  endfacet
  facet normal 0.44211 -0.896961 0
    outer loop
      vertex 19.298 36.6284 2
      vertex 19.65 36.8019 6
      vertex 19.298 36.6284 6
    endloop
  endfacet
  facet normal 0.44211 -0.896961 0
    outer loop
      vertex 19.65 36.8019 6
      vertex 19.298 36.6284 2
      vertex 19.65 36.8019 2
    endloop
  endfacet
  facet normal -0.751724 0.659478 0
    outer loop
      vertex 15.7699 41.2263 2
      vertex 16.0287 41.5213 6
      vertex 16.0287 41.5213 2
    endloop
  endfacet
  facet normal -0.751724 0.659478 0
    outer loop
      vertex 16.0287 41.5213 6
      vertex 15.7699 41.2263 2
      vertex 15.7699 41.2263 6
    endloop
  endfacet
  facet normal 0.659478 0.751724 -0
    outer loop
      vertex 20.2713 41.5213 2
      vertex 19.9763 41.7801 6
      vertex 20.2713 41.5213 6
    endloop
  endfacet
  facet normal 0.659478 0.751724 0
    outer loop
      vertex 19.9763 41.7801 6
      vertex 20.2713 41.5213 2
      vertex 19.9763 41.7801 2
    endloop
  endfacet
  facet normal -0.896911 -0.442211 0
    outer loop
      vertex 15.5519 37.9 2
      vertex 15.3784 38.2519 6
      vertex 15.3784 38.2519 2
    endloop
  endfacet
  facet normal -0.896911 -0.442211 0
    outer loop
      vertex 15.3784 38.2519 6
      vertex 15.5519 37.9 2
      vertex 15.5519 37.9 6
    endloop
  endfacet
  facet normal 0.831501 -0.555523 0
    outer loop
      vertex 20.5301 37.5737 6
      vertex 20.7481 37.9 2
      vertex 20.7481 37.9 6
    endloop
  endfacet
  facet normal 0.831501 -0.555523 0
    outer loop
      vertex 20.7481 37.9 2
      vertex 20.5301 37.5737 6
      vertex 20.5301 37.5737 2
    endloop
  endfacet
  facet normal 0.896961 0.44211 0
    outer loop
      vertex 20.9216 40.548 6
      vertex 20.7481 40.9 2
      vertex 20.7481 40.9 6
    endloop
  endfacet
  facet normal 0.896961 0.44211 0
    outer loop
      vertex 20.7481 40.9 2
      vertex 20.9216 40.548 6
      vertex 20.9216 40.548 2
    endloop
  endfacet
  facet normal -0.0654873 -0.997853 0
    outer loop
      vertex 17.7584 36.4257 2
      vertex 18.15 36.4 6
      vertex 17.7584 36.4257 6
    endloop
  endfacet
  facet normal -0.0654873 -0.997853 -0
    outer loop
      vertex 18.15 36.4 6
      vertex 17.7584 36.4257 2
      vertex 18.15 36.4 2
    endloop
  endfacet
  facet normal -0.555523 -0.831501 0
    outer loop
      vertex 16.3237 37.0199 2
      vertex 16.65 36.8019 6
      vertex 16.3237 37.0199 6
    endloop
  endfacet
  facet normal -0.555523 -0.831501 -0
    outer loop
      vertex 16.65 36.8019 6
      vertex 16.3237 37.0199 2
      vertex 16.65 36.8019 2
    endloop
  endfacet
  facet normal 0.555523 -0.831501 0
    outer loop
      vertex 19.65 36.8019 2
      vertex 19.9763 37.0199 6
      vertex 19.65 36.8019 6
    endloop
  endfacet
  facet normal 0.555523 -0.831501 0
    outer loop
      vertex 19.9763 37.0199 6
      vertex 19.65 36.8019 2
      vertex 19.9763 37.0199 2
    endloop
  endfacet
  facet normal 0.946858 0.321651 0
    outer loop
      vertex 21.0478 40.1765 6
      vertex 20.9216 40.548 2
      vertex 20.9216 40.548 6
    endloop
  endfacet
  facet normal 0.946858 0.321651 0
    outer loop
      vertex 20.9216 40.548 2
      vertex 21.0478 40.1765 6
      vertex 21.0478 40.1765 2
    endloop
  endfacet
  facet normal -0.980815 0.19494 0
    outer loop
      vertex 15.1757 39.7916 2
      vertex 15.2522 40.1765 6
      vertex 15.2522 40.1765 2
    endloop
  endfacet
  facet normal -0.980815 0.19494 0
    outer loop
      vertex 15.2522 40.1765 6
      vertex 15.1757 39.7916 2
      vertex 15.1757 39.7916 6
    endloop
  endfacet
  facet normal -0.0654873 0.997853 0
    outer loop
      vertex 18.15 42.4 2
      vertex 17.7584 42.3743 6
      vertex 18.15 42.4 6
    endloop
  endfacet
  facet normal -0.0654873 0.997853 0
    outer loop
      vertex 17.7584 42.3743 6
      vertex 18.15 42.4 2
      vertex 17.7584 42.3743 2
    endloop
  endfacet
  facet normal -0.321651 -0.946858 0
    outer loop
      vertex 17.002 36.6284 2
      vertex 17.3735 36.5022 6
      vertex 17.002 36.6284 6
    endloop
  endfacet
  facet normal -0.321651 -0.946858 -0
    outer loop
      vertex 17.3735 36.5022 6
      vertex 17.002 36.6284 2
      vertex 17.3735 36.5022 2
    endloop
  endfacet
  facet normal -0.980815 -0.19494 0
    outer loop
      vertex 15.2522 38.6235 2
      vertex 15.1757 39.0084 6
      vertex 15.1757 39.0084 2
    endloop
  endfacet
  facet normal -0.980815 -0.19494 0
    outer loop
      vertex 15.1757 39.0084 6
      vertex 15.2522 38.6235 2
      vertex 15.2522 38.6235 6
    endloop
  endfacet
  facet normal 0.0654873 0.997853 -0
    outer loop
      vertex 18.5416 42.3743 2
      vertex 18.15 42.4 6
      vertex 18.5416 42.3743 6
    endloop
  endfacet
  facet normal 0.0654873 0.997853 0
    outer loop
      vertex 18.15 42.4 6
      vertex 18.5416 42.3743 2
      vertex 18.15 42.4 2
    endloop
  endfacet
  facet normal -0.19494 -0.980815 0
    outer loop
      vertex 17.3735 36.5022 2
      vertex 17.7584 36.4257 6
      vertex 17.3735 36.5022 6
    endloop
  endfacet
  facet normal -0.19494 -0.980815 -0
    outer loop
      vertex 17.7584 36.4257 6
      vertex 17.3735 36.5022 2
      vertex 17.7584 36.4257 2
    endloop
  endfacet
  facet normal -0.831501 0.555523 0
    outer loop
      vertex 15.5519 40.9 2
      vertex 15.7699 41.2263 6
      vertex 15.7699 41.2263 2
    endloop
  endfacet
  facet normal -0.831501 0.555523 0
    outer loop
      vertex 15.7699 41.2263 6
      vertex 15.5519 40.9 2
      vertex 15.5519 40.9 6
    endloop
  endfacet
  facet normal -0.980815 -0.19494 0
    outer loop
      vertex 19.1414 39.5305 2.79
      vertex 19.1159 39.6588 6
      vertex 19.1159 39.6588 2.79
    endloop
  endfacet
  facet normal -0.980815 -0.19494 0
    outer loop
      vertex 19.1159 39.6588 6
      vertex 19.1414 39.5305 2.79
      vertex 19.1414 39.5305 6
    endloop
  endfacet
  facet normal -0.997836 -0.0657577 0
    outer loop
      vertex 19.15 39.4 2.79
      vertex 19.1414 39.5305 6
      vertex 19.1414 39.5305 2.79
    endloop
  endfacet
  facet normal -0.997836 -0.0657577 0
    outer loop
      vertex 19.1414 39.5305 6
      vertex 19.15 39.4 2.79
      vertex 19.15 39.4 6
    endloop
  endfacet
  facet normal 0.321039 0.947066 -0
    outer loop
      vertex 17.8912 38.4341 2.79
      vertex 17.7673 38.4761 6
      vertex 17.8912 38.4341 6
    endloop
  endfacet
  facet normal 0.321039 0.947066 0
    outer loop
      vertex 17.7673 38.4761 6
      vertex 17.8912 38.4341 2.79
      vertex 17.7673 38.4761 2.79
    endloop
  endfacet
  facet normal 0.980815 0.19494 0
    outer loop
      vertex 17.1841 39.1412 6
      vertex 17.1586 39.2695 2.79
      vertex 17.1586 39.2695 6
    endloop
  endfacet
  facet normal 0.980815 0.19494 0
    outer loop
      vertex 17.1586 39.2695 2.79
      vertex 17.1841 39.1412 6
      vertex 17.1841 39.1412 2.79
    endloop
  endfacet
  facet normal -0.321039 0.947066 0
    outer loop
      vertex 18.5327 38.4761 2.79
      vertex 18.4088 38.4341 6
      vertex 18.5327 38.4761 6
    endloop
  endfacet
  facet normal -0.321039 0.947066 0
    outer loop
      vertex 18.4088 38.4341 6
      vertex 18.5327 38.4761 2.79
      vertex 18.4088 38.4341 2.79
    endloop
  endfacet
  facet normal 0.896709 -0.442621 0
    outer loop
      vertex 17.2261 39.7827 6
      vertex 17.284 39.9 2.79
      vertex 17.284 39.9 6
    endloop
  endfacet
  facet normal 0.896709 -0.442621 0
    outer loop
      vertex 17.284 39.9 2.79
      vertex 17.2261 39.7827 6
      vertex 17.2261 39.7827 2.79
    endloop
  endfacet
  facet normal -0.751486 -0.659749 0
    outer loop
      vertex 18.9434 40.0088 2.79
      vertex 18.8571 40.1071 6
      vertex 18.8571 40.1071 2.79
    endloop
  endfacet
  facet normal -0.751486 -0.659749 0
    outer loop
      vertex 18.8571 40.1071 6
      vertex 18.9434 40.0088 2.79
      vertex 18.9434 40.0088 6
    endloop
  endfacet
  facet normal -0.751486 0.659749 0
    outer loop
      vertex 18.8571 38.6929 2.79
      vertex 18.9434 38.7912 6
      vertex 18.9434 38.7912 2.79
    endloop
  endfacet
  facet normal -0.751486 0.659749 0
    outer loop
      vertex 18.9434 38.7912 6
      vertex 18.8571 38.6929 2.79
      vertex 18.8571 38.6929 6
    endloop
  endfacet
  facet normal 0.751486 -0.659749 0
    outer loop
      vertex 17.3566 40.0088 6
      vertex 17.4429 40.1071 2.79
      vertex 17.4429 40.1071 6
    endloop
  endfacet
  facet normal 0.751486 -0.659749 0
    outer loop
      vertex 17.4429 40.1071 2.79
      vertex 17.3566 40.0088 6
      vertex 17.3566 40.0088 2.79
    endloop
  endfacet
  facet normal 0.321039 -0.947066 0
    outer loop
      vertex 17.7673 40.3239 2.79
      vertex 17.8912 40.3659 6
      vertex 17.7673 40.3239 6
    endloop
  endfacet
  facet normal 0.321039 -0.947066 0
    outer loop
      vertex 17.8912 40.3659 6
      vertex 17.7673 40.3239 2.79
      vertex 17.8912 40.3659 2.79
    endloop
  endfacet
  facet normal 0.659749 -0.751486 0
    outer loop
      vertex 17.4429 40.1071 2.79
      vertex 17.5412 40.1934 6
      vertex 17.4429 40.1071 6
    endloop
  endfacet
  facet normal 0.659749 -0.751486 0
    outer loop
      vertex 17.5412 40.1934 6
      vertex 17.4429 40.1071 2.79
      vertex 17.5412 40.1934 2.79
    endloop
  endfacet
  facet normal -0.0657577 0.997836 0
    outer loop
      vertex 18.2805 38.4086 2.79
      vertex 18.15 38.4 6
      vertex 18.2805 38.4086 6
    endloop
  endfacet
  facet normal -0.0657577 0.997836 0
    outer loop
      vertex 18.15 38.4 6
      vertex 18.2805 38.4086 2.79
      vertex 18.15 38.4 2.79
    endloop
  endfacet
  facet normal -0.442621 0.896709 0
    outer loop
      vertex 18.65 38.534 2.79
      vertex 18.5327 38.4761 6
      vertex 18.65 38.534 6
    endloop
  endfacet
  facet normal -0.442621 0.896709 0
    outer loop
      vertex 18.5327 38.4761 6
      vertex 18.65 38.534 2.79
      vertex 18.5327 38.4761 2.79
    endloop
  endfacet
  facet normal 0.997836 0.0657577 0
    outer loop
      vertex 17.1586 39.2695 6
      vertex 17.15 39.4 2.79
      vertex 17.15 39.4 6
    endloop
  endfacet
  facet normal 0.997836 0.0657577 0
    outer loop
      vertex 17.15 39.4 2.79
      vertex 17.1586 39.2695 6
      vertex 17.1586 39.2695 2.79
    endloop
  endfacet
  facet normal -0.947066 -0.321039 0
    outer loop
      vertex 19.1159 39.6588 2.79
      vertex 19.0739 39.7827 6
      vertex 19.0739 39.7827 2.79
    endloop
  endfacet
  facet normal -0.947066 -0.321039 0
    outer loop
      vertex 19.0739 39.7827 6
      vertex 19.1159 39.6588 2.79
      vertex 19.1159 39.6588 6
    endloop
  endfacet
  facet normal 0.947066 0.321039 0
    outer loop
      vertex 17.2261 39.0173 6
      vertex 17.1841 39.1412 2.79
      vertex 17.1841 39.1412 6
    endloop
  endfacet
  facet normal 0.947066 0.321039 0
    outer loop
      vertex 17.1841 39.1412 2.79
      vertex 17.2261 39.0173 6
      vertex 17.2261 39.0173 2.79
    endloop
  endfacet
  facet normal 0.555053 0.831815 -0
    outer loop
      vertex 17.65 38.534 2.79
      vertex 17.5412 38.6066 6
      vertex 17.65 38.534 6
    endloop
  endfacet
  facet normal 0.555053 0.831815 0
    outer loop
      vertex 17.5412 38.6066 6
      vertex 17.65 38.534 2.79
      vertex 17.5412 38.6066 2.79
    endloop
  endfacet
  facet normal -0.555053 -0.831815 0
    outer loop
      vertex 18.65 40.266 2.79
      vertex 18.7588 40.1934 6
      vertex 18.65 40.266 6
    endloop
  endfacet
  facet normal -0.555053 -0.831815 -0
    outer loop
      vertex 18.7588 40.1934 6
      vertex 18.65 40.266 2.79
      vertex 18.7588 40.1934 2.79
    endloop
  endfacet
  facet normal -0.19494 0.980815 0
    outer loop
      vertex 18.4088 38.4341 2.79
      vertex 18.2805 38.4086 6
      vertex 18.4088 38.4341 6
    endloop
  endfacet
  facet normal -0.19494 0.980815 0
    outer loop
      vertex 18.2805 38.4086 6
      vertex 18.4088 38.4341 2.79
      vertex 18.2805 38.4086 2.79
    endloop
  endfacet
  facet normal -0.831815 -0.555053 0
    outer loop
      vertex 19.016 39.9 2.79
      vertex 18.9434 40.0088 6
      vertex 18.9434 40.0088 2.79
    endloop
  endfacet
  facet normal -0.831815 -0.555053 0
    outer loop
      vertex 18.9434 40.0088 6
      vertex 19.016 39.9 2.79
      vertex 19.016 39.9 6
    endloop
  endfacet
  facet normal -0.442621 -0.896709 0
    outer loop
      vertex 18.5327 40.3239 2.79
      vertex 18.65 40.266 6
      vertex 18.5327 40.3239 6
    endloop
  endfacet
  facet normal -0.442621 -0.896709 -0
    outer loop
      vertex 18.65 40.266 6
      vertex 18.5327 40.3239 2.79
      vertex 18.65 40.266 2.79
    endloop
  endfacet
  facet normal -0.0657577 -0.997836 0
    outer loop
      vertex 18.15 40.4 2.79
      vertex 18.2805 40.3914 6
      vertex 18.15 40.4 6
    endloop
  endfacet
  facet normal -0.0657577 -0.997836 -0
    outer loop
      vertex 18.2805 40.3914 6
      vertex 18.15 40.4 2.79
      vertex 18.2805 40.3914 2.79
    endloop
  endfacet
  facet normal -0.947066 0.321039 0
    outer loop
      vertex 19.0739 39.0173 2.79
      vertex 19.1159 39.1412 6
      vertex 19.1159 39.1412 2.79
    endloop
  endfacet
  facet normal -0.947066 0.321039 0
    outer loop
      vertex 19.1159 39.1412 6
      vertex 19.0739 39.0173 2.79
      vertex 19.0739 39.0173 6
    endloop
  endfacet
  facet normal -0.831815 0.555053 0
    outer loop
      vertex 18.9434 38.7912 2.79
      vertex 19.016 38.9 6
      vertex 19.016 38.9 2.79
    endloop
  endfacet
  facet normal -0.831815 0.555053 0
    outer loop
      vertex 19.016 38.9 6
      vertex 18.9434 38.7912 2.79
      vertex 18.9434 38.7912 6
    endloop
  endfacet
  facet normal -0.997836 0.0657577 0
    outer loop
      vertex 19.1414 39.2695 2.79
      vertex 19.15 39.4 6
      vertex 19.15 39.4 2.79
    endloop
  endfacet
  facet normal -0.997836 0.0657577 0
    outer loop
      vertex 19.15 39.4 6
      vertex 19.1414 39.2695 2.79
      vertex 19.1414 39.2695 6
    endloop
  endfacet
  facet normal 0.442621 -0.896709 0
    outer loop
      vertex 17.65 40.266 2.79
      vertex 17.7673 40.3239 6
      vertex 17.65 40.266 6
    endloop
  endfacet
  facet normal 0.442621 -0.896709 0
    outer loop
      vertex 17.7673 40.3239 6
      vertex 17.65 40.266 2.79
      vertex 17.7673 40.3239 2.79
    endloop
  endfacet
  facet normal 0.0657577 -0.997836 0
    outer loop
      vertex 18.0195 40.3914 2.79
      vertex 18.15 40.4 6
      vertex 18.0195 40.3914 6
    endloop
  endfacet
  facet normal 0.0657577 -0.997836 0
    outer loop
      vertex 18.15 40.4 6
      vertex 18.0195 40.3914 2.79
      vertex 18.15 40.4 2.79
    endloop
  endfacet
  facet normal 0.555053 -0.831815 0
    outer loop
      vertex 17.5412 40.1934 2.79
      vertex 17.65 40.266 6
      vertex 17.5412 40.1934 6
    endloop
  endfacet
  facet normal 0.555053 -0.831815 0
    outer loop
      vertex 17.65 40.266 6
      vertex 17.5412 40.1934 2.79
      vertex 17.65 40.266 2.79
    endloop
  endfacet
  facet normal 0 0 1
    outer loop
      vertex 19.1414 39.5305 2.79
      vertex 19.1414 39.2695 2.79
      vertex 19.15 39.4 2.79
    endloop
  endfacet
  facet normal 0 0 1
    outer loop
      vertex 19.1159 39.6588 2.79
      vertex 19.1414 39.2695 2.79
      vertex 19.1414 39.5305 2.79
    endloop
  endfacet
  facet normal 0 0 1
    outer loop
      vertex 19.1159 39.6588 2.79
      vertex 19.1159 39.1412 2.79
      vertex 19.1414 39.2695 2.79
    endloop
  endfacet
  facet normal 0 0 1
    outer loop
      vertex 19.0739 39.7827 2.79
      vertex 19.1159 39.1412 2.79
      vertex 19.1159 39.6588 2.79
    endloop
  endfacet
  facet normal 0 0 1
    outer loop
      vertex 19.0739 39.7827 2.79
      vertex 19.0739 39.0173 2.79
      vertex 19.1159 39.1412 2.79
    endloop
  endfacet
  facet normal 0 0 1
    outer loop
      vertex 19.016 39.9 2.79
      vertex 19.0739 39.0173 2.79
      vertex 19.0739 39.7827 2.79
    endloop
  endfacet
  facet normal 0 0 1
    outer loop
      vertex 19.016 39.9 2.79
      vertex 19.016 38.9 2.79
      vertex 19.0739 39.0173 2.79
    endloop
  endfacet
  facet normal 0 0 1
    outer loop
      vertex 18.9434 40.0088 2.79
      vertex 19.016 38.9 2.79
      vertex 19.016 39.9 2.79
    endloop
  endfacet
  facet normal 0 0 1
    outer loop
      vertex 18.9434 40.0088 2.79
      vertex 18.9434 38.7912 2.79
      vertex 19.016 38.9 2.79
    endloop
  endfacet
  facet normal 0 0 1
    outer loop
      vertex 18.8571 40.1071 2.79
      vertex 18.9434 38.7912 2.79
      vertex 18.9434 40.0088 2.79
    endloop
  endfacet
  facet normal 0 0 1
    outer loop
      vertex 18.8571 40.1071 2.79
      vertex 18.8571 38.6929 2.79
      vertex 18.9434 38.7912 2.79
    endloop
  endfacet
  facet normal 0 0 1
    outer loop
      vertex 18.7588 40.1934 2.79
      vertex 18.8571 38.6929 2.79
      vertex 18.8571 40.1071 2.79
    endloop
  endfacet
  facet normal 0 0 1
    outer loop
      vertex 18.7588 40.1934 2.79
      vertex 18.7588 38.6066 2.79
      vertex 18.8571 38.6929 2.79
    endloop
  endfacet
  facet normal 0 0 1
    outer loop
      vertex 18.65 40.266 2.79
      vertex 18.7588 38.6066 2.79
      vertex 18.7588 40.1934 2.79
    endloop
  endfacet
  facet normal 0 0 1
    outer loop
      vertex 18.65 40.266 2.79
      vertex 18.65 38.534 2.79
      vertex 18.7588 38.6066 2.79
    endloop
  endfacet
  facet normal 0 0 1
    outer loop
      vertex 18.5327 40.3239 2.79
      vertex 18.65 38.534 2.79
      vertex 18.65 40.266 2.79
    endloop
  endfacet
  facet normal 0 0 1
    outer loop
      vertex 18.5327 40.3239 2.79
      vertex 18.5327 38.4761 2.79
      vertex 18.65 38.534 2.79
    endloop
  endfacet
  facet normal 0 0 1
    outer loop
      vertex 18.4088 40.3659 2.79
      vertex 18.5327 38.4761 2.79
      vertex 18.5327 40.3239 2.79
    endloop
  endfacet
  facet normal 0 0 1
    outer loop
      vertex 18.4088 40.3659 2.79
      vertex 18.4088 38.4341 2.79
      vertex 18.5327 38.4761 2.79
    endloop
  endfacet
  facet normal 0 0 1
    outer loop
      vertex 18.2805 40.3914 2.79
      vertex 18.4088 38.4341 2.79
      vertex 18.4088 40.3659 2.79
    endloop
  endfacet
  facet normal 0 0 1
    outer loop
      vertex 18.2805 40.3914 2.79
      vertex 18.2805 38.4086 2.79
      vertex 18.4088 38.4341 2.79
    endloop
  endfacet
  facet normal 0 0 1
    outer loop
      vertex 18.15 40.4 2.79
      vertex 18.2805 38.4086 2.79
      vertex 18.2805 40.3914 2.79
    endloop
  endfacet
  facet normal 0 0 1
    outer loop
      vertex 18.15 40.4 2.79
      vertex 18.15 38.4 2.79
      vertex 18.2805 38.4086 2.79
    endloop
  endfacet
  facet normal -0 0 1
    outer loop
      vertex 18.0195 40.3914 2.79
      vertex 18.15 38.4 2.79
      vertex 18.15 40.4 2.79
    endloop
  endfacet
  facet normal 0 0 1
    outer loop
      vertex 18.0195 40.3914 2.79
      vertex 18.0195 38.4086 2.79
      vertex 18.15 38.4 2.79
    endloop
  endfacet
  facet normal -0 0 1
    outer loop
      vertex 17.8912 40.3659 2.79
      vertex 18.0195 38.4086 2.79
      vertex 18.0195 40.3914 2.79
    endloop
  endfacet
  facet normal 0 0 1
    outer loop
      vertex 17.8912 40.3659 2.79
      vertex 17.8912 38.4341 2.79
      vertex 18.0195 38.4086 2.79
    endloop
  endfacet
  facet normal -0 0 1
    outer loop
      vertex 17.7673 40.3239 2.79
      vertex 17.8912 38.4341 2.79
      vertex 17.8912 40.3659 2.79
    endloop
  endfacet
  facet normal 0 0 1
    outer loop
      vertex 17.7673 40.3239 2.79
      vertex 17.7673 38.4761 2.79
      vertex 17.8912 38.4341 2.79
    endloop
  endfacet
  facet normal -0 0 1
    outer loop
      vertex 17.65 40.266 2.79
      vertex 17.7673 38.4761 2.79
      vertex 17.7673 40.3239 2.79
    endloop
  endfacet
  facet normal 0 0 1
    outer loop
      vertex 17.65 40.266 2.79
      vertex 17.65 38.534 2.79
      vertex 17.7673 38.4761 2.79
    endloop
  endfacet
  facet normal -0 0 1
    outer loop
      vertex 17.5412 40.1934 2.79
      vertex 17.65 38.534 2.79
      vertex 17.65 40.266 2.79
    endloop
  endfacet
  facet normal 0 0 1
    outer loop
      vertex 17.5412 40.1934 2.79
      vertex 17.5412 38.6066 2.79
      vertex 17.65 38.534 2.79
    endloop
  endfacet
  facet normal -0 0 1
    outer loop
      vertex 17.4429 40.1071 2.79
      vertex 17.5412 38.6066 2.79
      vertex 17.5412 40.1934 2.79
    endloop
  endfacet
  facet normal 0 0 1
    outer loop
      vertex 17.4429 40.1071 2.79
      vertex 17.4429 38.6929 2.79
      vertex 17.5412 38.6066 2.79
    endloop
  endfacet
  facet normal -0 0 1
    outer loop
      vertex 17.3566 40.0088 2.79
      vertex 17.4429 38.6929 2.79
      vertex 17.4429 40.1071 2.79
    endloop
  endfacet
  facet normal 0 0 1
    outer loop
      vertex 17.3566 40.0088 2.79
      vertex 17.3566 38.7912 2.79
      vertex 17.4429 38.6929 2.79
    endloop
  endfacet
  facet normal -0 0 1
    outer loop
      vertex 17.284 39.9 2.79
      vertex 17.3566 38.7912 2.79
      vertex 17.3566 40.0088 2.79
    endloop
  endfacet
  facet normal 0 0 1
    outer loop
      vertex 17.284 39.9 2.79
      vertex 17.284 38.9 2.79
      vertex 17.3566 38.7912 2.79
    endloop
  endfacet
  facet normal -0 0 1
    outer loop
      vertex 17.2261 39.7827 2.79
      vertex 17.284 38.9 2.79
      vertex 17.284 39.9 2.79
    endloop
  endfacet
  facet normal 0 0 1
    outer loop
      vertex 17.2261 39.7827 2.79
      vertex 17.2261 39.0173 2.79
      vertex 17.284 38.9 2.79
    endloop
  endfacet
  facet normal -0 0 1
    outer loop
      vertex 17.1841 39.6588 2.79
      vertex 17.2261 39.0173 2.79
      vertex 17.2261 39.7827 2.79
    endloop
  endfacet
  facet normal 0 0 1
    outer loop
      vertex 17.1841 39.6588 2.79
      vertex 17.1841 39.1412 2.79
      vertex 17.2261 39.0173 2.79
    endloop
  endfacet
  facet normal -0 0 1
    outer loop
      vertex 17.1586 39.5305 2.79
      vertex 17.1841 39.1412 2.79
      vertex 17.1841 39.6588 2.79
    endloop
  endfacet
  facet normal 0 0 1
    outer loop
      vertex 17.1586 39.5305 2.79
      vertex 17.1586 39.2695 2.79
      vertex 17.1841 39.1412 2.79
    endloop
  endfacet
  facet normal 0 -0 1
    outer loop
      vertex 17.1586 39.2695 2.79
      vertex 17.1586 39.5305 2.79
      vertex 17.15 39.4 2.79
    endloop
  endfacet
  facet normal -0.896709 0.442621 0
    outer loop
      vertex 19.016 38.9 2.79
      vertex 19.0739 39.0173 6
      vertex 19.0739 39.0173 2.79
    endloop
  endfacet
  facet normal -0.896709 0.442621 0
    outer loop
      vertex 19.0739 39.0173 6
      vertex 19.016 38.9 2.79
      vertex 19.016 38.9 6
    endloop
  endfacet
  facet normal 0.442621 0.896709 -0
    outer loop
      vertex 17.7673 38.4761 2.79
      vertex 17.65 38.534 6
      vertex 17.7673 38.4761 6
    endloop
  endfacet
  facet normal 0.442621 0.896709 0
    outer loop
      vertex 17.65 38.534 6
      vertex 17.7673 38.4761 2.79
      vertex 17.65 38.534 2.79
    endloop
  endfacet
  facet normal 0.19494 0.980815 -0
    outer loop
      vertex 18.0195 38.4086 2.79
      vertex 17.8912 38.4341 6
      vertex 18.0195 38.4086 6
    endloop
  endfacet
  facet normal 0.19494 0.980815 0
    outer loop
      vertex 17.8912 38.4341 6
      vertex 18.0195 38.4086 2.79
      vertex 17.8912 38.4341 2.79
    endloop
  endfacet
  facet normal 0.980815 -0.19494 0
    outer loop
      vertex 17.1586 39.5305 6
      vertex 17.1841 39.6588 2.79
      vertex 17.1841 39.6588 6
    endloop
  endfacet
  facet normal 0.980815 -0.19494 0
    outer loop
      vertex 17.1841 39.6588 2.79
      vertex 17.1586 39.5305 6
      vertex 17.1586 39.5305 2.79
    endloop
  endfacet
  facet normal 0.659749 0.751486 -0
    outer loop
      vertex 17.5412 38.6066 2.79
      vertex 17.4429 38.6929 6
      vertex 17.5412 38.6066 6
    endloop
  endfacet
  facet normal 0.659749 0.751486 0
    outer loop
      vertex 17.4429 38.6929 6
      vertex 17.5412 38.6066 2.79
      vertex 17.4429 38.6929 2.79
    endloop
  endfacet
  facet normal 0.896709 0.442621 0
    outer loop
      vertex 17.284 38.9 6
      vertex 17.2261 39.0173 2.79
      vertex 17.2261 39.0173 6
    endloop
  endfacet
  facet normal 0.896709 0.442621 0
    outer loop
      vertex 17.2261 39.0173 2.79
      vertex 17.284 38.9 6
      vertex 17.284 38.9 2.79
    endloop
  endfacet
  facet normal 0.831815 0.555053 0
    outer loop
      vertex 17.3566 38.7912 6
      vertex 17.284 38.9 2.79
      vertex 17.284 38.9 6
    endloop
  endfacet
  facet normal 0.831815 0.555053 0
    outer loop
      vertex 17.284 38.9 2.79
      vertex 17.3566 38.7912 6
      vertex 17.3566 38.7912 2.79
    endloop
  endfacet
  facet normal -0.19494 -0.980815 0
    outer loop
      vertex 18.2805 40.3914 2.79
      vertex 18.4088 40.3659 6
      vertex 18.2805 40.3914 6
    endloop
  endfacet
  facet normal -0.19494 -0.980815 -0
    outer loop
      vertex 18.4088 40.3659 6
      vertex 18.2805 40.3914 2.79
      vertex 18.4088 40.3659 2.79
    endloop
  endfacet
  facet normal -0.321039 -0.947066 0
    outer loop
      vertex 18.4088 40.3659 2.79
      vertex 18.5327 40.3239 6
      vertex 18.4088 40.3659 6
    endloop
  endfacet
  facet normal -0.321039 -0.947066 -0
    outer loop
      vertex 18.5327 40.3239 6
      vertex 18.4088 40.3659 2.79
      vertex 18.5327 40.3239 2.79
    endloop
  endfacet
  facet normal -0.896709 -0.442621 0
    outer loop
      vertex 19.0739 39.7827 2.79
      vertex 19.016 39.9 6
      vertex 19.016 39.9 2.79
    endloop
  endfacet
  facet normal -0.896709 -0.442621 0
    outer loop
      vertex 19.016 39.9 6
      vertex 19.0739 39.7827 2.79
      vertex 19.0739 39.7827 6
    endloop
  endfacet
  facet normal -0.659749 -0.751486 0
    outer loop
      vertex 18.7588 40.1934 2.79
      vertex 18.8571 40.1071 6
      vertex 18.7588 40.1934 6
    endloop
  endfacet
  facet normal -0.659749 -0.751486 -0
    outer loop
      vertex 18.8571 40.1071 6
      vertex 18.7588 40.1934 2.79
      vertex 18.8571 40.1071 2.79
    endloop
  endfacet
  facet normal 0.831815 -0.555053 0
    outer loop
      vertex 17.284 39.9 6
      vertex 17.3566 40.0088 2.79
      vertex 17.3566 40.0088 6
    endloop
  endfacet
  facet normal 0.831815 -0.555053 0
    outer loop
      vertex 17.3566 40.0088 2.79
      vertex 17.284 39.9 6
      vertex 17.284 39.9 2.79
    endloop
  endfacet
  facet normal 0.947066 -0.321039 0
    outer loop
      vertex 17.1841 39.6588 6
      vertex 17.2261 39.7827 2.79
      vertex 17.2261 39.7827 6
    endloop
  endfacet
  facet normal 0.947066 -0.321039 0
    outer loop
      vertex 17.2261 39.7827 2.79
      vertex 17.1841 39.6588 6
      vertex 17.1841 39.6588 2.79
    endloop
  endfacet
  facet normal 0.751486 0.659749 0
    outer loop
      vertex 17.4429 38.6929 6
      vertex 17.3566 38.7912 2.79
      vertex 17.3566 38.7912 6
    endloop
  endfacet
  facet normal 0.751486 0.659749 0
    outer loop
      vertex 17.3566 38.7912 2.79
      vertex 17.4429 38.6929 6
      vertex 17.4429 38.6929 2.79
    endloop
  endfacet
  facet normal 0.19494 -0.980815 0
    outer loop
      vertex 17.8912 40.3659 2.79
      vertex 18.0195 40.3914 6
      vertex 17.8912 40.3659 6
    endloop
  endfacet
  facet normal 0.19494 -0.980815 0
    outer loop
      vertex 18.0195 40.3914 6
      vertex 17.8912 40.3659 2.79
      vertex 18.0195 40.3914 2.79
    endloop
  endfacet
  facet normal -0.980815 0.19494 0
    outer loop
      vertex 19.1159 39.1412 2.79
      vertex 19.1414 39.2695 6
      vertex 19.1414 39.2695 2.79
    endloop
  endfacet
  facet normal -0.980815 0.19494 0
    outer loop
      vertex 19.1414 39.2695 6
      vertex 19.1159 39.1412 2.79
      vertex 19.1159 39.1412 6
    endloop
  endfacet
  facet normal -0.659749 0.751486 0
    outer loop
      vertex 18.8571 38.6929 2.79
      vertex 18.7588 38.6066 6
      vertex 18.8571 38.6929 6
    endloop
  endfacet
  facet normal -0.659749 0.751486 0
    outer loop
      vertex 18.7588 38.6066 6
      vertex 18.8571 38.6929 2.79
      vertex 18.7588 38.6066 2.79
    endloop
  endfacet
  facet normal -0.555053 0.831815 0
    outer loop
      vertex 18.7588 38.6066 2.79
      vertex 18.65 38.534 6
      vertex 18.7588 38.6066 6
    endloop
  endfacet
  facet normal -0.555053 0.831815 0
    outer loop
      vertex 18.65 38.534 6
      vertex 18.7588 38.6066 2.79
      vertex 18.65 38.534 2.79
    endloop
  endfacet
  facet normal 0.997836 -0.0657577 0
    outer loop
      vertex 17.15 39.4 6
      vertex 17.1586 39.5305 2.79
      vertex 17.1586 39.5305 6
    endloop
  endfacet
  facet normal 0.997836 -0.0657577 0
    outer loop
      vertex 17.1586 39.5305 2.79
      vertex 17.15 39.4 6
      vertex 17.15 39.4 2.79
    endloop
  endfacet
  facet normal 0.0657577 0.997836 -0
    outer loop
      vertex 18.15 38.4 2.79
      vertex 18.0195 38.4086 6
      vertex 18.15 38.4 6
    endloop
  endfacet
  facet normal 0.0657577 0.997836 0
    outer loop
      vertex 18.0195 38.4086 6
      vertex 18.15 38.4 2.79
      vertex 18.0195 38.4086 2.79
    endloop
  endfacet
  facet normal 0.981249 0.192745 0
    outer loop
      vertex 60.8 40.1653 6
      vertex 60.7978 40.1765 2
      vertex 60.7978 40.1765 6
    endloop
  endfacet
  facet normal 0.981249 0.192745 0
    outer loop
      vertex 60.7978 40.1765 2
      vertex 60.8 40.1653 6
      vertex 60.8 40.1653 2
    endloop
  endfacet
  facet normal 0.981249 -0.192745 0
    outer loop
      vertex 60.7978 38.6235 6
      vertex 60.8 38.6347 2
      vertex 60.8 38.6347 6
    endloop
  endfacet
  facet normal 0.981249 -0.192745 0
    outer loop
      vertex 60.8 38.6347 2
      vertex 60.7978 38.6235 6
      vertex 60.7978 38.6235 2
    endloop
  endfacet
  facet normal -0.751724 -0.659478 0
    outer loop
      vertex 55.7787 37.2787 2
      vertex 55.5199 37.5737 6
      vertex 55.5199 37.5737 2
    endloop
  endfacet
  facet normal -0.751724 -0.659478 0
    outer loop
      vertex 55.5199 37.5737 6
      vertex 55.7787 37.2787 2
      vertex 55.7787 37.2787 6
    endloop
  endfacet
  facet normal 0 0 1
    outer loop
      vertex 58.8659 39.6588 6
      vertex 60.8 40.1653 6
      vertex 60.7978 40.1765 6
    endloop
  endfacet
  facet normal 0 0 1
    outer loop
      vertex 60.8 40.1653 6
      vertex 58.9 39.4 6
      vertex 60.8 38.6347 6
    endloop
  endfacet
  facet normal 0 0 1
    outer loop
      vertex 58.8659 39.6588 6
      vertex 60.7978 40.1765 6
      vertex 60.6716 40.548 6
    endloop
  endfacet
  facet normal -0 0 1
    outer loop
      vertex 58.8914 39.2695 6
      vertex 60.8 38.6347 6
      vertex 58.9 39.4 6
    endloop
  endfacet
  facet normal 0 0 1
    outer loop
      vertex 58.8239 39.7827 6
      vertex 60.6716 40.548 6
      vertex 60.4981 40.9 6
    endloop
  endfacet
  facet normal -0 0 1
    outer loop
      vertex 58.8659 39.1412 6
      vertex 60.8 38.6347 6
      vertex 58.8914 39.2695 6
    endloop
  endfacet
  facet normal 0 0 1
    outer loop
      vertex 58.766 39.9 6
      vertex 60.4981 40.9 6
      vertex 60.2801 41.2263 6
    endloop
  endfacet
  facet normal 0 0 1
    outer loop
      vertex 60.8 38.6347 6
      vertex 58.8659 39.1412 6
      vertex 60.7978 38.6235 6
    endloop
  endfacet
  facet normal 0 0 1
    outer loop
      vertex 58.6934 40.0088 6
      vertex 60.2801 41.2263 6
      vertex 60.0213 41.5213 6
    endloop
  endfacet
  facet normal 0 0 1
    outer loop
      vertex 60.7978 38.6235 6
      vertex 58.8659 39.1412 6
      vertex 60.6716 38.2519 6
    endloop
  endfacet
  facet normal 0 0 1
    outer loop
      vertex 58.6071 40.1071 6
      vertex 60.0213 41.5213 6
      vertex 59.7263 41.7801 6
    endloop
  endfacet
  facet normal -0 0 1
    outer loop
      vertex 58.8239 39.0173 6
      vertex 60.6716 38.2519 6
      vertex 58.8659 39.1412 6
    endloop
  endfacet
  facet normal 0 0 1
    outer loop
      vertex 58.5088 40.1934 6
      vertex 59.7263 41.7801 6
      vertex 59.4 41.9981 6
    endloop
  endfacet
  facet normal 0 0 1
    outer loop
      vertex 60.6716 38.2519 6
      vertex 58.8239 39.0173 6
      vertex 60.4981 37.9 6
    endloop
  endfacet
  facet normal 0 0 1
    outer loop
      vertex 58.4 40.266 6
      vertex 59.4 41.9981 6
      vertex 59.048 42.1716 6
    endloop
  endfacet
  facet normal -0 0 1
    outer loop
      vertex 58.766 38.9 6
      vertex 60.4981 37.9 6
      vertex 58.8239 39.0173 6
    endloop
  endfacet
  facet normal 0 0 1
    outer loop
      vertex 60.4981 37.9 6
      vertex 58.766 38.9 6
      vertex 60.2801 37.5737 6
    endloop
  endfacet
  facet normal 0 0 1
    outer loop
      vertex 60.8 40.1653 6
      vertex 58.8914 39.5305 6
      vertex 58.9 39.4 6
    endloop
  endfacet
  facet normal 0 0 1
    outer loop
      vertex 60.8 40.1653 6
      vertex 58.8659 39.6588 6
      vertex 58.8914 39.5305 6
    endloop
  endfacet
  facet normal 0 0 1
    outer loop
      vertex 60.6716 40.548 6
      vertex 58.8239 39.7827 6
      vertex 58.8659 39.6588 6
    endloop
  endfacet
  facet normal 0 0 1
    outer loop
      vertex 60.4981 40.9 6
      vertex 58.766 39.9 6
      vertex 58.8239 39.7827 6
    endloop
  endfacet
  facet normal 0 0 1
    outer loop
      vertex 60.2801 41.2263 6
      vertex 58.6934 40.0088 6
      vertex 58.766 39.9 6
    endloop
  endfacet
  facet normal 0 0 1
    outer loop
      vertex 58.2827 40.3239 6
      vertex 59.048 42.1716 6
      vertex 58.6765 42.2978 6
    endloop
  endfacet
  facet normal 0 0 1
    outer loop
      vertex 60.0213 41.5213 6
      vertex 58.6071 40.1071 6
      vertex 58.6934 40.0088 6
    endloop
  endfacet
  facet normal 0 0 1
    outer loop
      vertex 59.7263 41.7801 6
      vertex 58.5088 40.1934 6
      vertex 58.6071 40.1071 6
    endloop
  endfacet
  facet normal 0 0 1
    outer loop
      vertex 59.4 41.9981 6
      vertex 58.4 40.266 6
      vertex 58.5088 40.1934 6
    endloop
  endfacet
  facet normal 0 0 1
    outer loop
      vertex 58.1588 40.3659 6
      vertex 58.6765 42.2978 6
      vertex 58.2916 42.3743 6
    endloop
  endfacet
  facet normal 0 0 1
    outer loop
      vertex 59.048 42.1716 6
      vertex 58.2827 40.3239 6
      vertex 58.4 40.266 6
    endloop
  endfacet
  facet normal 0 0 1
    outer loop
      vertex 58.6765 42.2978 6
      vertex 58.1588 40.3659 6
      vertex 58.2827 40.3239 6
    endloop
  endfacet
  facet normal 0 0 1
    outer loop
      vertex 58.2916 42.3743 6
      vertex 58.0305 40.3914 6
      vertex 58.1588 40.3659 6
    endloop
  endfacet
  facet normal 0 0 1
    outer loop
      vertex 57.9 42.4 6
      vertex 58.0305 40.3914 6
      vertex 58.2916 42.3743 6
    endloop
  endfacet
  facet normal 0 0 1
    outer loop
      vertex 57.9 42.4 6
      vertex 57.9 40.4 6
      vertex 58.0305 40.3914 6
    endloop
  endfacet
  facet normal 0 0 1
    outer loop
      vertex 57.9 42.4 6
      vertex 57.7695 40.3914 6
      vertex 57.9 40.4 6
    endloop
  endfacet
  facet normal -0 0 1
    outer loop
      vertex 57.5084 42.3743 6
      vertex 57.7695 40.3914 6
      vertex 57.9 42.4 6
    endloop
  endfacet
  facet normal 0 0 1
    outer loop
      vertex 57.7695 40.3914 6
      vertex 57.5084 42.3743 6
      vertex 57.6412 40.3659 6
    endloop
  endfacet
  facet normal -0 0 1
    outer loop
      vertex 57.1235 42.2978 6
      vertex 57.6412 40.3659 6
      vertex 57.5084 42.3743 6
    endloop
  endfacet
  facet normal 0 0 1
    outer loop
      vertex 57.6412 40.3659 6
      vertex 57.1235 42.2978 6
      vertex 57.5173 40.3239 6
    endloop
  endfacet
  facet normal -0 0 1
    outer loop
      vertex 56.7519 42.1716 6
      vertex 57.5173 40.3239 6
      vertex 57.1235 42.2978 6
    endloop
  endfacet
  facet normal 0 0 1
    outer loop
      vertex 57.5173 40.3239 6
      vertex 56.7519 42.1716 6
      vertex 57.4 40.266 6
    endloop
  endfacet
  facet normal -0 0 1
    outer loop
      vertex 56.4 41.9981 6
      vertex 57.4 40.266 6
      vertex 56.7519 42.1716 6
    endloop
  endfacet
  facet normal 0 0 1
    outer loop
      vertex 57.4 40.266 6
      vertex 56.4 41.9981 6
      vertex 57.2912 40.1934 6
    endloop
  endfacet
  facet normal -0 0 1
    outer loop
      vertex 56.0737 41.7801 6
      vertex 57.2912 40.1934 6
      vertex 56.4 41.9981 6
    endloop
  endfacet
  facet normal 0 0 1
    outer loop
      vertex 57.2912 40.1934 6
      vertex 56.0737 41.7801 6
      vertex 57.1929 40.1071 6
    endloop
  endfacet
  facet normal -0 0 1
    outer loop
      vertex 55.7787 41.5213 6
      vertex 57.1929 40.1071 6
      vertex 56.0737 41.7801 6
    endloop
  endfacet
  facet normal 0 0 1
    outer loop
      vertex 57.1929 40.1071 6
      vertex 55.7787 41.5213 6
      vertex 57.1066 40.0088 6
    endloop
  endfacet
  facet normal 0 0 1
    outer loop
      vertex 57.1066 40.0088 6
      vertex 55.5199 41.2263 6
      vertex 57.034 39.9 6
    endloop
  endfacet
  facet normal -0 0 1
    outer loop
      vertex 55.5199 41.2263 6
      vertex 57.1066 40.0088 6
      vertex 55.7787 41.5213 6
    endloop
  endfacet
  facet normal -0 0 1
    outer loop
      vertex 58.6934 38.7912 6
      vertex 60.2801 37.5737 6
      vertex 58.766 38.9 6
    endloop
  endfacet
  facet normal 0 0 1
    outer loop
      vertex 60.2801 37.5737 6
      vertex 58.6934 38.7912 6
      vertex 60.0213 37.2787 6
    endloop
  endfacet
  facet normal -0 0 1
    outer loop
      vertex 58.6071 38.6929 6
      vertex 60.0213 37.2787 6
      vertex 58.6934 38.7912 6
    endloop
  endfacet
  facet normal 0 0 1
    outer loop
      vertex 60.0213 37.2787 6
      vertex 58.6071 38.6929 6
      vertex 59.7263 37.0199 6
    endloop
  endfacet
  facet normal -0 0 1
    outer loop
      vertex 58.5088 38.6066 6
      vertex 59.7263 37.0199 6
      vertex 58.6071 38.6929 6
    endloop
  endfacet
  facet normal 0 0 1
    outer loop
      vertex 59.7263 37.0199 6
      vertex 58.5088 38.6066 6
      vertex 59.4 36.8019 6
    endloop
  endfacet
  facet normal -0 0 1
    outer loop
      vertex 58.4 38.534 6
      vertex 59.4 36.8019 6
      vertex 58.5088 38.6066 6
    endloop
  endfacet
  facet normal 0 0 1
    outer loop
      vertex 59.4 36.8019 6
      vertex 58.4 38.534 6
      vertex 59.048 36.6284 6
    endloop
  endfacet
  facet normal -0 0 1
    outer loop
      vertex 58.2827 38.4761 6
      vertex 59.048 36.6284 6
      vertex 58.4 38.534 6
    endloop
  endfacet
  facet normal 0 0 1
    outer loop
      vertex 59.048 36.6284 6
      vertex 58.2827 38.4761 6
      vertex 58.6765 36.5022 6
    endloop
  endfacet
  facet normal -0 0 1
    outer loop
      vertex 58.1588 38.4341 6
      vertex 58.6765 36.5022 6
      vertex 58.2827 38.4761 6
    endloop
  endfacet
  facet normal 0 0 1
    outer loop
      vertex 58.6765 36.5022 6
      vertex 58.1588 38.4341 6
      vertex 58.2916 36.4257 6
    endloop
  endfacet
  facet normal -0 0 1
    outer loop
      vertex 58.0305 38.4086 6
      vertex 58.2916 36.4257 6
      vertex 58.1588 38.4341 6
    endloop
  endfacet
  facet normal -0 0 1
    outer loop
      vertex 57.9 38.4 6
      vertex 58.2916 36.4257 6
      vertex 58.0305 38.4086 6
    endloop
  endfacet
  facet normal 0 0 1
    outer loop
      vertex 57.9 38.4 6
      vertex 57.9 36.4 6
      vertex 58.2916 36.4257 6
    endloop
  endfacet
  facet normal 0 0 1
    outer loop
      vertex 57.7695 38.4086 6
      vertex 57.9 36.4 6
      vertex 57.9 38.4 6
    endloop
  endfacet
  facet normal 0 0 1
    outer loop
      vertex 57.5084 36.4257 6
      vertex 57.7695 38.4086 6
      vertex 57.6412 38.4341 6
    endloop
  endfacet
  facet normal 0 0 1
    outer loop
      vertex 57.1235 36.5022 6
      vertex 57.6412 38.4341 6
      vertex 57.5173 38.4761 6
    endloop
  endfacet
  facet normal 0 0 1
    outer loop
      vertex 57.7695 38.4086 6
      vertex 57.5084 36.4257 6
      vertex 57.9 36.4 6
    endloop
  endfacet
  facet normal 0 0 1
    outer loop
      vertex 56.7519 36.6284 6
      vertex 57.5173 38.4761 6
      vertex 57.4 38.534 6
    endloop
  endfacet
  facet normal 0 0 1
    outer loop
      vertex 56.4 36.8019 6
      vertex 57.4 38.534 6
      vertex 57.2912 38.6066 6
    endloop
  endfacet
  facet normal 0 0 1
    outer loop
      vertex 56.0737 37.0199 6
      vertex 57.2912 38.6066 6
      vertex 57.1929 38.6929 6
    endloop
  endfacet
  facet normal 0 0 1
    outer loop
      vertex 57.6412 38.4341 6
      vertex 57.1235 36.5022 6
      vertex 57.5084 36.4257 6
    endloop
  endfacet
  facet normal 0 0 1
    outer loop
      vertex 55.7787 37.2787 6
      vertex 57.1929 38.6929 6
      vertex 57.1066 38.7912 6
    endloop
  endfacet
  facet normal 0 0 1
    outer loop
      vertex 55.5199 37.5737 6
      vertex 57.1066 38.7912 6
      vertex 57.034 38.9 6
    endloop
  endfacet
  facet normal 0 0 1
    outer loop
      vertex 55.3019 37.9 6
      vertex 57.034 38.9 6
      vertex 56.9761 39.0173 6
    endloop
  endfacet
  facet normal 0 0 1
    outer loop
      vertex 55.1284 38.2519 6
      vertex 56.9761 39.0173 6
      vertex 56.9341 39.1412 6
    endloop
  endfacet
  facet normal 0 0 1
    outer loop
      vertex 55.0022 38.6235 6
      vertex 56.9341 39.1412 6
      vertex 56.9086 39.2695 6
    endloop
  endfacet
  facet normal 0 0 1
    outer loop
      vertex 57.5173 38.4761 6
      vertex 56.7519 36.6284 6
      vertex 57.1235 36.5022 6
    endloop
  endfacet
  facet normal 0 0 1
    outer loop
      vertex 54.9257 39.0084 6
      vertex 56.9086 39.2695 6
      vertex 56.9 39.4 6
    endloop
  endfacet
  facet normal -0 0 1
    outer loop
      vertex 55.3019 40.9 6
      vertex 57.034 39.9 6
      vertex 55.5199 41.2263 6
    endloop
  endfacet
  facet normal 0 0 1
    outer loop
      vertex 57.034 39.9 6
      vertex 55.3019 40.9 6
      vertex 56.9761 39.7827 6
    endloop
  endfacet
  facet normal 0 0 1
    outer loop
      vertex 57.4 38.534 6
      vertex 56.4 36.8019 6
      vertex 56.7519 36.6284 6
    endloop
  endfacet
  facet normal -0 0 1
    outer loop
      vertex 55.1284 40.548 6
      vertex 56.9761 39.7827 6
      vertex 55.3019 40.9 6
    endloop
  endfacet
  facet normal 0 0 1
    outer loop
      vertex 57.2912 38.6066 6
      vertex 56.0737 37.0199 6
      vertex 56.4 36.8019 6
    endloop
  endfacet
  facet normal 0 0 1
    outer loop
      vertex 56.9761 39.7827 6
      vertex 55.1284 40.548 6
      vertex 56.9341 39.6588 6
    endloop
  endfacet
  facet normal 0 0 1
    outer loop
      vertex 57.1929 38.6929 6
      vertex 55.7787 37.2787 6
      vertex 56.0737 37.0199 6
    endloop
  endfacet
  facet normal -0 0 1
    outer loop
      vertex 55.0022 40.1765 6
      vertex 56.9341 39.6588 6
      vertex 55.1284 40.548 6
    endloop
  endfacet
  facet normal 0 0 1
    outer loop
      vertex 57.1066 38.7912 6
      vertex 55.5199 37.5737 6
      vertex 55.7787 37.2787 6
    endloop
  endfacet
  facet normal 0 0 1
    outer loop
      vertex 56.9341 39.6588 6
      vertex 55.0022 40.1765 6
      vertex 56.9086 39.5305 6
    endloop
  endfacet
  facet normal 0 0 1
    outer loop
      vertex 57.034 38.9 6
      vertex 55.3019 37.9 6
      vertex 55.5199 37.5737 6
    endloop
  endfacet
  facet normal -0 0 1
    outer loop
      vertex 54.9257 39.7916 6
      vertex 56.9086 39.5305 6
      vertex 55.0022 40.1765 6
    endloop
  endfacet
  facet normal 0 0 1
    outer loop
      vertex 56.9761 39.0173 6
      vertex 55.1284 38.2519 6
      vertex 55.3019 37.9 6
    endloop
  endfacet
  facet normal 0 0 1
    outer loop
      vertex 56.9086 39.5305 6
      vertex 54.9257 39.7916 6
      vertex 56.9 39.4 6
    endloop
  endfacet
  facet normal 0 0 1
    outer loop
      vertex 56.9341 39.1412 6
      vertex 55.0022 38.6235 6
      vertex 55.1284 38.2519 6
    endloop
  endfacet
  facet normal 0 0 1
    outer loop
      vertex 54.9 39.4 6
      vertex 56.9 39.4 6
      vertex 54.9257 39.7916 6
    endloop
  endfacet
  facet normal 0 0 1
    outer loop
      vertex 56.9086 39.2695 6
      vertex 54.9257 39.0084 6
      vertex 55.0022 38.6235 6
    endloop
  endfacet
  facet normal 0 0 1
    outer loop
      vertex 56.9 39.4 6
      vertex 54.9 39.4 6
      vertex 54.9257 39.0084 6
    endloop
  endfacet
  facet normal 0.831501 0.555523 0
    outer loop
      vertex 60.4981 40.9 6
      vertex 60.2801 41.2263 2
      vertex 60.2801 41.2263 6
    endloop
  endfacet
  facet normal 0.831501 0.555523 0
    outer loop
      vertex 60.2801 41.2263 2
      vertex 60.4981 40.9 6
      vertex 60.4981 40.9 2
    endloop
  endfacet
  facet normal 0.555523 0.831501 -0
    outer loop
      vertex 59.7263 41.7801 2
      vertex 59.4 41.9981 6
      vertex 59.7263 41.7801 6
    endloop
  endfacet
  facet normal 0.555523 0.831501 0
    outer loop
      vertex 59.4 41.9981 6
      vertex 59.7263 41.7801 2
      vertex 59.4 41.9981 2
    endloop
  endfacet
  facet normal 0.896911 -0.442211 0
    outer loop
      vertex 60.4981 37.9 6
      vertex 60.6716 38.2519 2
      vertex 60.6716 38.2519 6
    endloop
  endfacet
  facet normal 0.896911 -0.442211 0
    outer loop
      vertex 60.6716 38.2519 2
      vertex 60.4981 37.9 6
      vertex 60.4981 37.9 2
    endloop
  endfacet
  facet normal 0.321651 0.946858 -0
    outer loop
      vertex 59.048 42.1716 2
      vertex 58.6765 42.2978 6
      vertex 59.048 42.1716 6
    endloop
  endfacet
  facet normal 0.321651 0.946858 0
    outer loop
      vertex 58.6765 42.2978 6
      vertex 59.048 42.1716 2
      vertex 58.6765 42.2978 2
    endloop
  endfacet
  facet normal -0.896961 0.44211 0
    outer loop
      vertex 55.1284 40.548 2
      vertex 55.3019 40.9 6
      vertex 55.3019 40.9 2
    endloop
  endfacet
  facet normal -0.896961 0.44211 0
    outer loop
      vertex 55.3019 40.9 6
      vertex 55.1284 40.548 2
      vertex 55.1284 40.548 6
    endloop
  endfacet
  facet normal -0.659478 0.751724 0
    outer loop
      vertex 56.0737 41.7801 2
      vertex 55.7787 41.5213 6
      vertex 56.0737 41.7801 6
    endloop
  endfacet
  facet normal -0.659478 0.751724 0
    outer loop
      vertex 55.7787 41.5213 6
      vertex 56.0737 41.7801 2
      vertex 55.7787 41.5213 2
    endloop
  endfacet
  facet normal 0.321651 -0.946858 0
    outer loop
      vertex 58.6765 36.5022 2
      vertex 59.048 36.6284 6
      vertex 58.6765 36.5022 6
    endloop
  endfacet
  facet normal 0.321651 -0.946858 0
    outer loop
      vertex 59.048 36.6284 6
      vertex 58.6765 36.5022 2
      vertex 59.048 36.6284 2
    endloop
  endfacet
  facet normal -0.997853 -0.0654873 0
    outer loop
      vertex 54.9257 39.0084 2
      vertex 54.9 39.4 6
      vertex 54.9 39.4 2
    endloop
  endfacet
  facet normal -0.997853 -0.0654873 0
    outer loop
      vertex 54.9 39.4 6
      vertex 54.9257 39.0084 2
      vertex 54.9257 39.0084 6
    endloop
  endfacet
  facet normal -0.659478 -0.751724 0
    outer loop
      vertex 55.7787 37.2787 2
      vertex 56.0737 37.0199 6
      vertex 55.7787 37.2787 6
    endloop
  endfacet
  facet normal -0.659478 -0.751724 -0
    outer loop
      vertex 56.0737 37.0199 6
      vertex 55.7787 37.2787 2
      vertex 56.0737 37.0199 2
    endloop
  endfacet
  facet normal -0.321574 0.946885 0
    outer loop
      vertex 57.1235 42.2978 2
      vertex 56.7519 42.1716 6
      vertex 57.1235 42.2978 6
    endloop
  endfacet
  facet normal -0.321574 0.946885 0
    outer loop
      vertex 56.7519 42.1716 6
      vertex 57.1235 42.2978 2
      vertex 56.7519 42.1716 2
    endloop
  endfacet
  facet normal -0.831501 -0.555523 0
    outer loop
      vertex 55.5199 37.5737 2
      vertex 55.3019 37.9 6
      vertex 55.3019 37.9 2
    endloop
  endfacet
  facet normal -0.831501 -0.555523 0
    outer loop
      vertex 55.3019 37.9 6
      vertex 55.5199 37.5737 2
      vertex 55.5199 37.5737 6
    endloop
  endfacet
  facet normal -0.555523 0.831501 0
    outer loop
      vertex 56.4 41.9981 2
      vertex 56.0737 41.7801 6
      vertex 56.4 41.9981 6
    endloop
  endfacet
  facet normal -0.555523 0.831501 0
    outer loop
      vertex 56.0737 41.7801 6
      vertex 56.4 41.9981 2
      vertex 56.0737 41.7801 2
    endloop
  endfacet
  facet normal -0.997853 0.0654873 0
    outer loop
      vertex 54.9 39.4 2
      vertex 54.9257 39.7916 6
      vertex 54.9257 39.7916 2
    endloop
  endfacet
  facet normal -0.997853 0.0654873 0
    outer loop
      vertex 54.9257 39.7916 6
      vertex 54.9 39.4 2
      vertex 54.9 39.4 6
    endloop
  endfacet
  facet normal 0.19494 0.980815 -0
    outer loop
      vertex 58.6765 42.2978 2
      vertex 58.2916 42.3743 6
      vertex 58.6765 42.2978 6
    endloop
  endfacet
  facet normal 0.19494 0.980815 0
    outer loop
      vertex 58.2916 42.3743 6
      vertex 58.6765 42.2978 2
      vertex 58.2916 42.3743 2
    endloop
  endfacet
  facet normal -0.442211 0.896911 0
    outer loop
      vertex 56.7519 42.1716 2
      vertex 56.4 41.9981 6
      vertex 56.7519 42.1716 6
    endloop
  endfacet
  facet normal -0.442211 0.896911 0
    outer loop
      vertex 56.4 41.9981 6
      vertex 56.7519 42.1716 2
      vertex 56.4 41.9981 2
    endloop
  endfacet
  facet normal 0.0654873 -0.997853 0
    outer loop
      vertex 57.9 36.4 2
      vertex 58.2916 36.4257 6
      vertex 57.9 36.4 6
    endloop
  endfacet
  facet normal 0.0654873 -0.997853 0
    outer loop
      vertex 58.2916 36.4257 6
      vertex 57.9 36.4 2
      vertex 58.2916 36.4257 2
    endloop
  endfacet
  facet normal 0.659478 -0.751724 0
    outer loop
      vertex 59.7263 37.0199 2
      vertex 60.0213 37.2787 6
      vertex 59.7263 37.0199 6
    endloop
  endfacet
  facet normal 0.659478 -0.751724 0
    outer loop
      vertex 60.0213 37.2787 6
      vertex 59.7263 37.0199 2
      vertex 60.0213 37.2787 2
    endloop
  endfacet
  facet normal -0.946885 -0.321574 0
    outer loop
      vertex 55.1284 38.2519 2
      vertex 55.0022 38.6235 6
      vertex 55.0022 38.6235 2
    endloop
  endfacet
  facet normal -0.946885 -0.321574 0
    outer loop
      vertex 55.0022 38.6235 6
      vertex 55.1284 38.2519 2
      vertex 55.1284 38.2519 6
    endloop
  endfacet
  facet normal 0.946885 -0.321574 0
    outer loop
      vertex 60.6716 38.2519 6
      vertex 60.7978 38.6235 2
      vertex 60.7978 38.6235 6
    endloop
  endfacet
  facet normal 0.946885 -0.321574 0
    outer loop
      vertex 60.7978 38.6235 2
      vertex 60.6716 38.2519 6
      vertex 60.6716 38.2519 2
    endloop
  endfacet
  facet normal 0.44211 0.896961 -0
    outer loop
      vertex 59.4 41.9981 2
      vertex 59.048 42.1716 6
      vertex 59.4 41.9981 6
    endloop
  endfacet
  facet normal 0.44211 0.896961 0
    outer loop
      vertex 59.048 42.1716 6
      vertex 59.4 41.9981 2
      vertex 59.048 42.1716 2
    endloop
  endfacet
  facet normal -0.19494 0.980815 0
    outer loop
      vertex 57.5084 42.3743 2
      vertex 57.1235 42.2978 6
      vertex 57.5084 42.3743 6
    endloop
  endfacet
  facet normal -0.19494 0.980815 0
    outer loop
      vertex 57.1235 42.2978 6
      vertex 57.5084 42.3743 2
      vertex 57.1235 42.2978 2
    endloop
  endfacet
  facet normal 0.751724 0.659478 0
    outer loop
      vertex 60.2801 41.2263 6
      vertex 60.0213 41.5213 2
      vertex 60.0213 41.5213 6
    endloop
  endfacet
  facet normal 0.751724 0.659478 0
    outer loop
      vertex 60.0213 41.5213 2
      vertex 60.2801 41.2263 6
      vertex 60.2801 41.2263 2
    endloop
  endfacet
  facet normal 0.751724 -0.659478 0
    outer loop
      vertex 60.0213 37.2787 6
      vertex 60.2801 37.5737 2
      vertex 60.2801 37.5737 6
    endloop
  endfacet
  facet normal 0.751724 -0.659478 0
    outer loop
      vertex 60.2801 37.5737 2
      vertex 60.0213 37.2787 6
      vertex 60.0213 37.2787 2
    endloop
  endfacet
  facet normal -0.442211 -0.896911 0
    outer loop
      vertex 56.4 36.8019 2
      vertex 56.7519 36.6284 6
      vertex 56.4 36.8019 6
    endloop
  endfacet
  facet normal -0.442211 -0.896911 -0
    outer loop
      vertex 56.7519 36.6284 6
      vertex 56.4 36.8019 2
      vertex 56.7519 36.6284 2
    endloop
  endfacet
  facet normal -0.946858 0.321651 0
    outer loop
      vertex 55.0022 40.1765 2
      vertex 55.1284 40.548 6
      vertex 55.1284 40.548 2
    endloop
  endfacet
  facet normal -0.946858 0.321651 0
    outer loop
      vertex 55.1284 40.548 6
      vertex 55.0022 40.1765 2
      vertex 55.0022 40.1765 6
    endloop
  endfacet
  facet normal 0.19494 -0.980815 0
    outer loop
      vertex 58.2916 36.4257 2
      vertex 58.6765 36.5022 6
      vertex 58.2916 36.4257 6
    endloop
  endfacet
  facet normal 0.19494 -0.980815 0
    outer loop
      vertex 58.6765 36.5022 6
      vertex 58.2916 36.4257 2
      vertex 58.6765 36.5022 2
    endloop
  endfacet
  facet normal 0.44211 -0.896961 0
    outer loop
      vertex 59.048 36.6284 2
      vertex 59.4 36.8019 6
      vertex 59.048 36.6284 6
    endloop
  endfacet
  facet normal 0.44211 -0.896961 0
    outer loop
      vertex 59.4 36.8019 6
      vertex 59.048 36.6284 2
      vertex 59.4 36.8019 2
    endloop
  endfacet
  facet normal -0.751724 0.659478 0
    outer loop
      vertex 55.5199 41.2263 2
      vertex 55.7787 41.5213 6
      vertex 55.7787 41.5213 2
    endloop
  endfacet
  facet normal -0.751724 0.659478 0
    outer loop
      vertex 55.7787 41.5213 6
      vertex 55.5199 41.2263 2
      vertex 55.5199 41.2263 6
    endloop
  endfacet
  facet normal 0.659478 0.751724 -0
    outer loop
      vertex 60.0213 41.5213 2
      vertex 59.7263 41.7801 6
      vertex 60.0213 41.5213 6
    endloop
  endfacet
  facet normal 0.659478 0.751724 0
    outer loop
      vertex 59.7263 41.7801 6
      vertex 60.0213 41.5213 2
      vertex 59.7263 41.7801 2
    endloop
  endfacet
  facet normal -0.896911 -0.442211 0
    outer loop
      vertex 55.3019 37.9 2
      vertex 55.1284 38.2519 6
      vertex 55.1284 38.2519 2
    endloop
  endfacet
  facet normal -0.896911 -0.442211 0
    outer loop
      vertex 55.1284 38.2519 6
      vertex 55.3019 37.9 2
      vertex 55.3019 37.9 6
    endloop
  endfacet
  facet normal 0.831501 -0.555523 0
    outer loop
      vertex 60.2801 37.5737 6
      vertex 60.4981 37.9 2
      vertex 60.4981 37.9 6
    endloop
  endfacet
  facet normal 0.831501 -0.555523 0
    outer loop
      vertex 60.4981 37.9 2
      vertex 60.2801 37.5737 6
      vertex 60.2801 37.5737 2
    endloop
  endfacet
  facet normal 0.896961 0.44211 0
    outer loop
      vertex 60.6716 40.548 6
      vertex 60.4981 40.9 2
      vertex 60.4981 40.9 6
    endloop
  endfacet
  facet normal 0.896961 0.44211 0
    outer loop
      vertex 60.4981 40.9 2
      vertex 60.6716 40.548 6
      vertex 60.6716 40.548 2
    endloop
  endfacet
  facet normal -0.0654873 -0.997853 0
    outer loop
      vertex 57.5084 36.4257 2
      vertex 57.9 36.4 6
      vertex 57.5084 36.4257 6
    endloop
  endfacet
  facet normal -0.0654873 -0.997853 -0
    outer loop
      vertex 57.9 36.4 6
      vertex 57.5084 36.4257 2
      vertex 57.9 36.4 2
    endloop
  endfacet
  facet normal -0.555523 -0.831501 0
    outer loop
      vertex 56.0737 37.0199 2
      vertex 56.4 36.8019 6
      vertex 56.0737 37.0199 6
    endloop
  endfacet
  facet normal -0.555523 -0.831501 -0
    outer loop
      vertex 56.4 36.8019 6
      vertex 56.0737 37.0199 2
      vertex 56.4 36.8019 2
    endloop
  endfacet
  facet normal 0.555523 -0.831501 0
    outer loop
      vertex 59.4 36.8019 2
      vertex 59.7263 37.0199 6
      vertex 59.4 36.8019 6
    endloop
  endfacet
  facet normal 0.555523 -0.831501 0
    outer loop
      vertex 59.7263 37.0199 6
      vertex 59.4 36.8019 2
      vertex 59.7263 37.0199 2
    endloop
  endfacet
  facet normal 0.946858 0.321651 0
    outer loop
      vertex 60.7978 40.1765 6
      vertex 60.6716 40.548 2
      vertex 60.6716 40.548 6
    endloop
  endfacet
  facet normal 0.946858 0.321651 0
    outer loop
      vertex 60.6716 40.548 2
      vertex 60.7978 40.1765 6
      vertex 60.7978 40.1765 2
    endloop
  endfacet
  facet normal -0.980815 0.19494 0
    outer loop
      vertex 54.9257 39.7916 2
      vertex 55.0022 40.1765 6
      vertex 55.0022 40.1765 2
    endloop
  endfacet
  facet normal -0.980815 0.19494 0
    outer loop
      vertex 55.0022 40.1765 6
      vertex 54.9257 39.7916 2
      vertex 54.9257 39.7916 6
    endloop
  endfacet
  facet normal -0.0654873 0.997853 0
    outer loop
      vertex 57.9 42.4 2
      vertex 57.5084 42.3743 6
      vertex 57.9 42.4 6
    endloop
  endfacet
  facet normal -0.0654873 0.997853 0
    outer loop
      vertex 57.5084 42.3743 6
      vertex 57.9 42.4 2
      vertex 57.5084 42.3743 2
    endloop
  endfacet
  facet normal -0.321574 -0.946885 0
    outer loop
      vertex 56.7519 36.6284 2
      vertex 57.1235 36.5022 6
      vertex 56.7519 36.6284 6
    endloop
  endfacet
  facet normal -0.321574 -0.946885 -0
    outer loop
      vertex 57.1235 36.5022 6
      vertex 56.7519 36.6284 2
      vertex 57.1235 36.5022 2
    endloop
  endfacet
  facet normal -0.980815 -0.19494 0
    outer loop
      vertex 55.0022 38.6235 2
      vertex 54.9257 39.0084 6
      vertex 54.9257 39.0084 2
    endloop
  endfacet
  facet normal -0.980815 -0.19494 0
    outer loop
      vertex 54.9257 39.0084 6
      vertex 55.0022 38.6235 2
      vertex 55.0022 38.6235 6
    endloop
  endfacet
  facet normal 0.0654873 0.997853 -0
    outer loop
      vertex 58.2916 42.3743 2
      vertex 57.9 42.4 6
      vertex 58.2916 42.3743 6
    endloop
  endfacet
  facet normal 0.0654873 0.997853 0
    outer loop
      vertex 57.9 42.4 6
      vertex 58.2916 42.3743 2
      vertex 57.9 42.4 2
    endloop
  endfacet
  facet normal -0.19494 -0.980815 0
    outer loop
      vertex 57.1235 36.5022 2
      vertex 57.5084 36.4257 6
      vertex 57.1235 36.5022 6
    endloop
  endfacet
  facet normal -0.19494 -0.980815 -0
    outer loop
      vertex 57.5084 36.4257 6
      vertex 57.1235 36.5022 2
      vertex 57.5084 36.4257 2
    endloop
  endfacet
  facet normal -0.831501 0.555523 0
    outer loop
      vertex 55.3019 40.9 2
      vertex 55.5199 41.2263 6
      vertex 55.5199 41.2263 2
    endloop
  endfacet
  facet normal -0.831501 0.555523 0
    outer loop
      vertex 55.5199 41.2263 6
      vertex 55.3019 40.9 2
      vertex 55.3019 40.9 6
    endloop
  endfacet
  facet normal -0.980815 -0.19494 0
    outer loop
      vertex 58.8914 39.5305 2.79
      vertex 58.8659 39.6588 6
      vertex 58.8659 39.6588 2.79
    endloop
  endfacet
  facet normal -0.980815 -0.19494 0
    outer loop
      vertex 58.8659 39.6588 6
      vertex 58.8914 39.5305 2.79
      vertex 58.8914 39.5305 6
    endloop
  endfacet
  facet normal -0.997836 -0.0657577 0
    outer loop
      vertex 58.9 39.4 2.79
      vertex 58.8914 39.5305 6
      vertex 58.8914 39.5305 2.79
    endloop
  endfacet
  facet normal -0.997836 -0.0657577 0
    outer loop
      vertex 58.8914 39.5305 6
      vertex 58.9 39.4 2.79
      vertex 58.9 39.4 6
    endloop
  endfacet
  facet normal 0.321039 0.947066 -0
    outer loop
      vertex 57.6412 38.4341 2.79
      vertex 57.5173 38.4761 6
      vertex 57.6412 38.4341 6
    endloop
  endfacet
  facet normal 0.321039 0.947066 0
    outer loop
      vertex 57.5173 38.4761 6
      vertex 57.6412 38.4341 2.79
      vertex 57.5173 38.4761 2.79
    endloop
  endfacet
  facet normal 0.980815 0.19494 0
    outer loop
      vertex 56.9341 39.1412 6
      vertex 56.9086 39.2695 2.79
      vertex 56.9086 39.2695 6
    endloop
  endfacet
  facet normal 0.980815 0.19494 0
    outer loop
      vertex 56.9086 39.2695 2.79
      vertex 56.9341 39.1412 6
      vertex 56.9341 39.1412 2.79
    endloop
  endfacet
  facet normal -0.321039 0.947066 0
    outer loop
      vertex 58.2827 38.4761 2.79
      vertex 58.1588 38.4341 6
      vertex 58.2827 38.4761 6
    endloop
  endfacet
  facet normal -0.321039 0.947066 0
    outer loop
      vertex 58.1588 38.4341 6
      vertex 58.2827 38.4761 2.79
      vertex 58.1588 38.4341 2.79
    endloop
  endfacet
  facet normal 0.896709 -0.442621 0
    outer loop
      vertex 56.9761 39.7827 6
      vertex 57.034 39.9 2.79
      vertex 57.034 39.9 6
    endloop
  endfacet
  facet normal 0.896709 -0.442621 0
    outer loop
      vertex 57.034 39.9 2.79
      vertex 56.9761 39.7827 6
      vertex 56.9761 39.7827 2.79
    endloop
  endfacet
  facet normal -0.751486 -0.659749 0
    outer loop
      vertex 58.6934 40.0088 2.79
      vertex 58.6071 40.1071 6
      vertex 58.6071 40.1071 2.79
    endloop
  endfacet
  facet normal -0.751486 -0.659749 0
    outer loop
      vertex 58.6071 40.1071 6
      vertex 58.6934 40.0088 2.79
      vertex 58.6934 40.0088 6
    endloop
  endfacet
  facet normal -0.751486 0.659749 0
    outer loop
      vertex 58.6071 38.6929 2.79
      vertex 58.6934 38.7912 6
      vertex 58.6934 38.7912 2.79
    endloop
  endfacet
  facet normal -0.751486 0.659749 0
    outer loop
      vertex 58.6934 38.7912 6
      vertex 58.6071 38.6929 2.79
      vertex 58.6071 38.6929 6
    endloop
  endfacet
  facet normal 0.751486 -0.659749 0
    outer loop
      vertex 57.1066 40.0088 6
      vertex 57.1929 40.1071 2.79
      vertex 57.1929 40.1071 6
    endloop
  endfacet
  facet normal 0.751486 -0.659749 0
    outer loop
      vertex 57.1929 40.1071 2.79
      vertex 57.1066 40.0088 6
      vertex 57.1066 40.0088 2.79
    endloop
  endfacet
  facet normal 0.321039 -0.947066 0
    outer loop
      vertex 57.5173 40.3239 2.79
      vertex 57.6412 40.3659 6
      vertex 57.5173 40.3239 6
    endloop
  endfacet
  facet normal 0.321039 -0.947066 0
    outer loop
      vertex 57.6412 40.3659 6
      vertex 57.5173 40.3239 2.79
      vertex 57.6412 40.3659 2.79
    endloop
  endfacet
  facet normal 0.659749 -0.751486 0
    outer loop
      vertex 57.1929 40.1071 2.79
      vertex 57.2912 40.1934 6
      vertex 57.1929 40.1071 6
    endloop
  endfacet
  facet normal 0.659749 -0.751486 0
    outer loop
      vertex 57.2912 40.1934 6
      vertex 57.1929 40.1071 2.79
      vertex 57.2912 40.1934 2.79
    endloop
  endfacet
  facet normal -0.0657577 0.997836 0
    outer loop
      vertex 58.0305 38.4086 2.79
      vertex 57.9 38.4 6
      vertex 58.0305 38.4086 6
    endloop
  endfacet
  facet normal -0.0657577 0.997836 0
    outer loop
      vertex 57.9 38.4 6
      vertex 58.0305 38.4086 2.79
      vertex 57.9 38.4 2.79
    endloop
  endfacet
  facet normal -0.442621 0.896709 0
    outer loop
      vertex 58.4 38.534 2.79
      vertex 58.2827 38.4761 6
      vertex 58.4 38.534 6
    endloop
  endfacet
  facet normal -0.442621 0.896709 0
    outer loop
      vertex 58.2827 38.4761 6
      vertex 58.4 38.534 2.79
      vertex 58.2827 38.4761 2.79
    endloop
  endfacet
  facet normal 0.997836 0.0657577 0
    outer loop
      vertex 56.9086 39.2695 6
      vertex 56.9 39.4 2.79
      vertex 56.9 39.4 6
    endloop
  endfacet
  facet normal 0.997836 0.0657577 0
    outer loop
      vertex 56.9 39.4 2.79
      vertex 56.9086 39.2695 6
      vertex 56.9086 39.2695 2.79
    endloop
  endfacet
  facet normal -0.947066 -0.321039 0
    outer loop
      vertex 58.8659 39.6588 2.79
      vertex 58.8239 39.7827 6
      vertex 58.8239 39.7827 2.79
    endloop
  endfacet
  facet normal -0.947066 -0.321039 0
    outer loop
      vertex 58.8239 39.7827 6
      vertex 58.8659 39.6588 2.79
      vertex 58.8659 39.6588 6
    endloop
  endfacet
  facet normal 0.947066 0.321039 0
    outer loop
      vertex 56.9761 39.0173 6
      vertex 56.9341 39.1412 2.79
      vertex 56.9341 39.1412 6
    endloop
  endfacet
  facet normal 0.947066 0.321039 0
    outer loop
      vertex 56.9341 39.1412 2.79
      vertex 56.9761 39.0173 6
      vertex 56.9761 39.0173 2.79
    endloop
  endfacet
  facet normal 0.555053 0.831815 -0
    outer loop
      vertex 57.4 38.534 2.79
      vertex 57.2912 38.6066 6
      vertex 57.4 38.534 6
    endloop
  endfacet
  facet normal 0.555053 0.831815 0
    outer loop
      vertex 57.2912 38.6066 6
      vertex 57.4 38.534 2.79
      vertex 57.2912 38.6066 2.79
    endloop
  endfacet
  facet normal -0.555053 -0.831815 0
    outer loop
      vertex 58.4 40.266 2.79
      vertex 58.5088 40.1934 6
      vertex 58.4 40.266 6
    endloop
  endfacet
  facet normal -0.555053 -0.831815 -0
    outer loop
      vertex 58.5088 40.1934 6
      vertex 58.4 40.266 2.79
      vertex 58.5088 40.1934 2.79
    endloop
  endfacet
  facet normal -0.19494 0.980815 0
    outer loop
      vertex 58.1588 38.4341 2.79
      vertex 58.0305 38.4086 6
      vertex 58.1588 38.4341 6
    endloop
  endfacet
  facet normal -0.19494 0.980815 0
    outer loop
      vertex 58.0305 38.4086 6
      vertex 58.1588 38.4341 2.79
      vertex 58.0305 38.4086 2.79
    endloop
  endfacet
  facet normal -0.831815 -0.555053 0
    outer loop
      vertex 58.766 39.9 2.79
      vertex 58.6934 40.0088 6
      vertex 58.6934 40.0088 2.79
    endloop
  endfacet
  facet normal -0.831815 -0.555053 0
    outer loop
      vertex 58.6934 40.0088 6
      vertex 58.766 39.9 2.79
      vertex 58.766 39.9 6
    endloop
  endfacet
  facet normal -0.442621 -0.896709 0
    outer loop
      vertex 58.2827 40.3239 2.79
      vertex 58.4 40.266 6
      vertex 58.2827 40.3239 6
    endloop
  endfacet
  facet normal -0.442621 -0.896709 -0
    outer loop
      vertex 58.4 40.266 6
      vertex 58.2827 40.3239 2.79
      vertex 58.4 40.266 2.79
    endloop
  endfacet
  facet normal -0.0657577 -0.997836 0
    outer loop
      vertex 57.9 40.4 2.79
      vertex 58.0305 40.3914 6
      vertex 57.9 40.4 6
    endloop
  endfacet
  facet normal -0.0657577 -0.997836 -0
    outer loop
      vertex 58.0305 40.3914 6
      vertex 57.9 40.4 2.79
      vertex 58.0305 40.3914 2.79
    endloop
  endfacet
  facet normal -0.947066 0.321039 0
    outer loop
      vertex 58.8239 39.0173 2.79
      vertex 58.8659 39.1412 6
      vertex 58.8659 39.1412 2.79
    endloop
  endfacet
  facet normal -0.947066 0.321039 0
    outer loop
      vertex 58.8659 39.1412 6
      vertex 58.8239 39.0173 2.79
      vertex 58.8239 39.0173 6
    endloop
  endfacet
  facet normal -0.831815 0.555053 0
    outer loop
      vertex 58.6934 38.7912 2.79
      vertex 58.766 38.9 6
      vertex 58.766 38.9 2.79
    endloop
  endfacet
  facet normal -0.831815 0.555053 0
    outer loop
      vertex 58.766 38.9 6
      vertex 58.6934 38.7912 2.79
      vertex 58.6934 38.7912 6
    endloop
  endfacet
  facet normal -0.997836 0.0657577 0
    outer loop
      vertex 58.8914 39.2695 2.79
      vertex 58.9 39.4 6
      vertex 58.9 39.4 2.79
    endloop
  endfacet
  facet normal -0.997836 0.0657577 0
    outer loop
      vertex 58.9 39.4 6
      vertex 58.8914 39.2695 2.79
      vertex 58.8914 39.2695 6
    endloop
  endfacet
  facet normal 0.442621 -0.896709 0
    outer loop
      vertex 57.4 40.266 2.79
      vertex 57.5173 40.3239 6
      vertex 57.4 40.266 6
    endloop
  endfacet
  facet normal 0.442621 -0.896709 0
    outer loop
      vertex 57.5173 40.3239 6
      vertex 57.4 40.266 2.79
      vertex 57.5173 40.3239 2.79
    endloop
  endfacet
  facet normal 0.0657577 -0.997836 0
    outer loop
      vertex 57.7695 40.3914 2.79
      vertex 57.9 40.4 6
      vertex 57.7695 40.3914 6
    endloop
  endfacet
  facet normal 0.0657577 -0.997836 0
    outer loop
      vertex 57.9 40.4 6
      vertex 57.7695 40.3914 2.79
      vertex 57.9 40.4 2.79
    endloop
  endfacet
  facet normal 0.555053 -0.831815 0
    outer loop
      vertex 57.2912 40.1934 2.79
      vertex 57.4 40.266 6
      vertex 57.2912 40.1934 6
    endloop
  endfacet
  facet normal 0.555053 -0.831815 0
    outer loop
      vertex 57.4 40.266 6
      vertex 57.2912 40.1934 2.79
      vertex 57.4 40.266 2.79
    endloop
  endfacet
  facet normal 0 0 1
    outer loop
      vertex 58.8914 39.5305 2.79
      vertex 58.8914 39.2695 2.79
      vertex 58.9 39.4 2.79
    endloop
  endfacet
  facet normal 0 0 1
    outer loop
      vertex 58.8659 39.6588 2.79
      vertex 58.8914 39.2695 2.79
      vertex 58.8914 39.5305 2.79
    endloop
  endfacet
  facet normal 0 0 1
    outer loop
      vertex 58.8659 39.6588 2.79
      vertex 58.8659 39.1412 2.79
      vertex 58.8914 39.2695 2.79
    endloop
  endfacet
  facet normal 0 0 1
    outer loop
      vertex 58.8239 39.7827 2.79
      vertex 58.8659 39.1412 2.79
      vertex 58.8659 39.6588 2.79
    endloop
  endfacet
  facet normal 0 0 1
    outer loop
      vertex 58.8239 39.7827 2.79
      vertex 58.8239 39.0173 2.79
      vertex 58.8659 39.1412 2.79
    endloop
  endfacet
  facet normal 0 0 1
    outer loop
      vertex 58.766 39.9 2.79
      vertex 58.8239 39.0173 2.79
      vertex 58.8239 39.7827 2.79
    endloop
  endfacet
  facet normal 0 0 1
    outer loop
      vertex 58.766 39.9 2.79
      vertex 58.766 38.9 2.79
      vertex 58.8239 39.0173 2.79
    endloop
  endfacet
  facet normal 0 0 1
    outer loop
      vertex 58.6934 40.0088 2.79
      vertex 58.766 38.9 2.79
      vertex 58.766 39.9 2.79
    endloop
  endfacet
  facet normal 0 0 1
    outer loop
      vertex 58.6934 40.0088 2.79
      vertex 58.6934 38.7912 2.79
      vertex 58.766 38.9 2.79
    endloop
  endfacet
  facet normal 0 0 1
    outer loop
      vertex 58.6071 40.1071 2.79
      vertex 58.6934 38.7912 2.79
      vertex 58.6934 40.0088 2.79
    endloop
  endfacet
  facet normal 0 0 1
    outer loop
      vertex 58.6071 40.1071 2.79
      vertex 58.6071 38.6929 2.79
      vertex 58.6934 38.7912 2.79
    endloop
  endfacet
  facet normal 0 0 1
    outer loop
      vertex 58.5088 40.1934 2.79
      vertex 58.6071 38.6929 2.79
      vertex 58.6071 40.1071 2.79
    endloop
  endfacet
  facet normal 0 0 1
    outer loop
      vertex 58.5088 40.1934 2.79
      vertex 58.5088 38.6066 2.79
      vertex 58.6071 38.6929 2.79
    endloop
  endfacet
  facet normal 0 0 1
    outer loop
      vertex 58.4 40.266 2.79
      vertex 58.5088 38.6066 2.79
      vertex 58.5088 40.1934 2.79
    endloop
  endfacet
  facet normal 0 0 1
    outer loop
      vertex 58.4 40.266 2.79
      vertex 58.4 38.534 2.79
      vertex 58.5088 38.6066 2.79
    endloop
  endfacet
  facet normal 0 0 1
    outer loop
      vertex 58.2827 40.3239 2.79
      vertex 58.4 38.534 2.79
      vertex 58.4 40.266 2.79
    endloop
  endfacet
  facet normal 0 0 1
    outer loop
      vertex 58.2827 40.3239 2.79
      vertex 58.2827 38.4761 2.79
      vertex 58.4 38.534 2.79
    endloop
  endfacet
  facet normal 0 0 1
    outer loop
      vertex 58.1588 40.3659 2.79
      vertex 58.2827 38.4761 2.79
      vertex 58.2827 40.3239 2.79
    endloop
  endfacet
  facet normal 0 0 1
    outer loop
      vertex 58.1588 40.3659 2.79
      vertex 58.1588 38.4341 2.79
      vertex 58.2827 38.4761 2.79
    endloop
  endfacet
  facet normal 0 0 1
    outer loop
      vertex 58.0305 40.3914 2.79
      vertex 58.1588 38.4341 2.79
      vertex 58.1588 40.3659 2.79
    endloop
  endfacet
  facet normal 0 0 1
    outer loop
      vertex 58.0305 40.3914 2.79
      vertex 58.0305 38.4086 2.79
      vertex 58.1588 38.4341 2.79
    endloop
  endfacet
  facet normal 0 0 1
    outer loop
      vertex 57.9 40.4 2.79
      vertex 58.0305 38.4086 2.79
      vertex 58.0305 40.3914 2.79
    endloop
  endfacet
  facet normal 0 0 1
    outer loop
      vertex 57.9 40.4 2.79
      vertex 57.9 38.4 2.79
      vertex 58.0305 38.4086 2.79
    endloop
  endfacet
  facet normal -0 0 1
    outer loop
      vertex 57.7695 40.3914 2.79
      vertex 57.9 38.4 2.79
      vertex 57.9 40.4 2.79
    endloop
  endfacet
  facet normal 0 0 1
    outer loop
      vertex 57.7695 40.3914 2.79
      vertex 57.7695 38.4086 2.79
      vertex 57.9 38.4 2.79
    endloop
  endfacet
  facet normal -0 0 1
    outer loop
      vertex 57.6412 40.3659 2.79
      vertex 57.7695 38.4086 2.79
      vertex 57.7695 40.3914 2.79
    endloop
  endfacet
  facet normal 0 0 1
    outer loop
      vertex 57.6412 40.3659 2.79
      vertex 57.6412 38.4341 2.79
      vertex 57.7695 38.4086 2.79
    endloop
  endfacet
  facet normal -0 0 1
    outer loop
      vertex 57.5173 40.3239 2.79
      vertex 57.6412 38.4341 2.79
      vertex 57.6412 40.3659 2.79
    endloop
  endfacet
  facet normal 0 0 1
    outer loop
      vertex 57.5173 40.3239 2.79
      vertex 57.5173 38.4761 2.79
      vertex 57.6412 38.4341 2.79
    endloop
  endfacet
  facet normal -0 0 1
    outer loop
      vertex 57.4 40.266 2.79
      vertex 57.5173 38.4761 2.79
      vertex 57.5173 40.3239 2.79
    endloop
  endfacet
  facet normal 0 0 1
    outer loop
      vertex 57.4 40.266 2.79
      vertex 57.4 38.534 2.79
      vertex 57.5173 38.4761 2.79
    endloop
  endfacet
  facet normal -0 0 1
    outer loop
      vertex 57.2912 40.1934 2.79
      vertex 57.4 38.534 2.79
      vertex 57.4 40.266 2.79
    endloop
  endfacet
  facet normal 0 0 1
    outer loop
      vertex 57.2912 40.1934 2.79
      vertex 57.2912 38.6066 2.79
      vertex 57.4 38.534 2.79
    endloop
  endfacet
  facet normal -0 0 1
    outer loop
      vertex 57.1929 40.1071 2.79
      vertex 57.2912 38.6066 2.79
      vertex 57.2912 40.1934 2.79
    endloop
  endfacet
  facet normal 0 0 1
    outer loop
      vertex 57.1929 40.1071 2.79
      vertex 57.1929 38.6929 2.79
      vertex 57.2912 38.6066 2.79
    endloop
  endfacet
  facet normal -0 0 1
    outer loop
      vertex 57.1066 40.0088 2.79
      vertex 57.1929 38.6929 2.79
      vertex 57.1929 40.1071 2.79
    endloop
  endfacet
  facet normal 0 0 1
    outer loop
      vertex 57.1066 40.0088 2.79
      vertex 57.1066 38.7912 2.79
      vertex 57.1929 38.6929 2.79
    endloop
  endfacet
  facet normal -0 0 1
    outer loop
      vertex 57.034 39.9 2.79
      vertex 57.1066 38.7912 2.79
      vertex 57.1066 40.0088 2.79
    endloop
  endfacet
  facet normal 0 0 1
    outer loop
      vertex 57.034 39.9 2.79
      vertex 57.034 38.9 2.79
      vertex 57.1066 38.7912 2.79
    endloop
  endfacet
  facet normal -0 0 1
    outer loop
      vertex 56.9761 39.7827 2.79
      vertex 57.034 38.9 2.79
      vertex 57.034 39.9 2.79
    endloop
  endfacet
  facet normal 0 0 1
    outer loop
      vertex 56.9761 39.7827 2.79
      vertex 56.9761 39.0173 2.79
      vertex 57.034 38.9 2.79
    endloop
  endfacet
  facet normal -0 0 1
    outer loop
      vertex 56.9341 39.6588 2.79
      vertex 56.9761 39.0173 2.79
      vertex 56.9761 39.7827 2.79
    endloop
  endfacet
  facet normal 0 0 1
    outer loop
      vertex 56.9341 39.6588 2.79
      vertex 56.9341 39.1412 2.79
      vertex 56.9761 39.0173 2.79
    endloop
  endfacet
  facet normal -0 0 1
    outer loop
      vertex 56.9086 39.5305 2.79
      vertex 56.9341 39.1412 2.79
      vertex 56.9341 39.6588 2.79
    endloop
  endfacet
  facet normal 0 0 1
    outer loop
      vertex 56.9086 39.5305 2.79
      vertex 56.9086 39.2695 2.79
      vertex 56.9341 39.1412 2.79
    endloop
  endfacet
  facet normal 0 -0 1
    outer loop
      vertex 56.9086 39.2695 2.79
      vertex 56.9086 39.5305 2.79
      vertex 56.9 39.4 2.79
    endloop
  endfacet
  facet normal -0.896709 0.442621 0
    outer loop
      vertex 58.766 38.9 2.79
      vertex 58.8239 39.0173 6
      vertex 58.8239 39.0173 2.79
    endloop
  endfacet
  facet normal -0.896709 0.442621 0
    outer loop
      vertex 58.8239 39.0173 6
      vertex 58.766 38.9 2.79
      vertex 58.766 38.9 6
    endloop
  endfacet
  facet normal 0.442621 0.896709 -0
    outer loop
      vertex 57.5173 38.4761 2.79
      vertex 57.4 38.534 6
      vertex 57.5173 38.4761 6
    endloop
  endfacet
  facet normal 0.442621 0.896709 0
    outer loop
      vertex 57.4 38.534 6
      vertex 57.5173 38.4761 2.79
      vertex 57.4 38.534 2.79
    endloop
  endfacet
  facet normal 0.19494 0.980815 -0
    outer loop
      vertex 57.7695 38.4086 2.79
      vertex 57.6412 38.4341 6
      vertex 57.7695 38.4086 6
    endloop
  endfacet
  facet normal 0.19494 0.980815 0
    outer loop
      vertex 57.6412 38.4341 6
      vertex 57.7695 38.4086 2.79
      vertex 57.6412 38.4341 2.79
    endloop
  endfacet
  facet normal 0.980815 -0.19494 0
    outer loop
      vertex 56.9086 39.5305 6
      vertex 56.9341 39.6588 2.79
      vertex 56.9341 39.6588 6
    endloop
  endfacet
  facet normal 0.980815 -0.19494 0
    outer loop
      vertex 56.9341 39.6588 2.79
      vertex 56.9086 39.5305 6
      vertex 56.9086 39.5305 2.79
    endloop
  endfacet
  facet normal 0.659749 0.751486 -0
    outer loop
      vertex 57.2912 38.6066 2.79
      vertex 57.1929 38.6929 6
      vertex 57.2912 38.6066 6
    endloop
  endfacet
  facet normal 0.659749 0.751486 0
    outer loop
      vertex 57.1929 38.6929 6
      vertex 57.2912 38.6066 2.79
      vertex 57.1929 38.6929 2.79
    endloop
  endfacet
  facet normal 0.896709 0.442621 0
    outer loop
      vertex 57.034 38.9 6
      vertex 56.9761 39.0173 2.79
      vertex 56.9761 39.0173 6
    endloop
  endfacet
  facet normal 0.896709 0.442621 0
    outer loop
      vertex 56.9761 39.0173 2.79
      vertex 57.034 38.9 6
      vertex 57.034 38.9 2.79
    endloop
  endfacet
  facet normal 0.831815 0.555053 0
    outer loop
      vertex 57.1066 38.7912 6
      vertex 57.034 38.9 2.79
      vertex 57.034 38.9 6
    endloop
  endfacet
  facet normal 0.831815 0.555053 0
    outer loop
      vertex 57.034 38.9 2.79
      vertex 57.1066 38.7912 6
      vertex 57.1066 38.7912 2.79
    endloop
  endfacet
  facet normal -0.19494 -0.980815 0
    outer loop
      vertex 58.0305 40.3914 2.79
      vertex 58.1588 40.3659 6
      vertex 58.0305 40.3914 6
    endloop
  endfacet
  facet normal -0.19494 -0.980815 -0
    outer loop
      vertex 58.1588 40.3659 6
      vertex 58.0305 40.3914 2.79
      vertex 58.1588 40.3659 2.79
    endloop
  endfacet
  facet normal -0.321039 -0.947066 0
    outer loop
      vertex 58.1588 40.3659 2.79
      vertex 58.2827 40.3239 6
      vertex 58.1588 40.3659 6
    endloop
  endfacet
  facet normal -0.321039 -0.947066 -0
    outer loop
      vertex 58.2827 40.3239 6
      vertex 58.1588 40.3659 2.79
      vertex 58.2827 40.3239 2.79
    endloop
  endfacet
  facet normal -0.896709 -0.442621 0
    outer loop
      vertex 58.8239 39.7827 2.79
      vertex 58.766 39.9 6
      vertex 58.766 39.9 2.79
    endloop
  endfacet
  facet normal -0.896709 -0.442621 0
    outer loop
      vertex 58.766 39.9 6
      vertex 58.8239 39.7827 2.79
      vertex 58.8239 39.7827 6
    endloop
  endfacet
  facet normal -0.659749 -0.751486 0
    outer loop
      vertex 58.5088 40.1934 2.79
      vertex 58.6071 40.1071 6
      vertex 58.5088 40.1934 6
    endloop
  endfacet
  facet normal -0.659749 -0.751486 -0
    outer loop
      vertex 58.6071 40.1071 6
      vertex 58.5088 40.1934 2.79
      vertex 58.6071 40.1071 2.79
    endloop
  endfacet
  facet normal 0.831815 -0.555053 0
    outer loop
      vertex 57.034 39.9 6
      vertex 57.1066 40.0088 2.79
      vertex 57.1066 40.0088 6
    endloop
  endfacet
  facet normal 0.831815 -0.555053 0
    outer loop
      vertex 57.1066 40.0088 2.79
      vertex 57.034 39.9 6
      vertex 57.034 39.9 2.79
    endloop
  endfacet
  facet normal 0.947066 -0.321039 0
    outer loop
      vertex 56.9341 39.6588 6
      vertex 56.9761 39.7827 2.79
      vertex 56.9761 39.7827 6
    endloop
  endfacet
  facet normal 0.947066 -0.321039 0
    outer loop
      vertex 56.9761 39.7827 2.79
      vertex 56.9341 39.6588 6
      vertex 56.9341 39.6588 2.79
    endloop
  endfacet
  facet normal 0.751486 0.659749 0
    outer loop
      vertex 57.1929 38.6929 6
      vertex 57.1066 38.7912 2.79
      vertex 57.1066 38.7912 6
    endloop
  endfacet
  facet normal 0.751486 0.659749 0
    outer loop
      vertex 57.1066 38.7912 2.79
      vertex 57.1929 38.6929 6
      vertex 57.1929 38.6929 2.79
    endloop
  endfacet
  facet normal 0.19494 -0.980815 0
    outer loop
      vertex 57.6412 40.3659 2.79
      vertex 57.7695 40.3914 6
      vertex 57.6412 40.3659 6
    endloop
  endfacet
  facet normal 0.19494 -0.980815 0
    outer loop
      vertex 57.7695 40.3914 6
      vertex 57.6412 40.3659 2.79
      vertex 57.7695 40.3914 2.79
    endloop
  endfacet
  facet normal -0.980815 0.19494 0
    outer loop
      vertex 58.8659 39.1412 2.79
      vertex 58.8914 39.2695 6
      vertex 58.8914 39.2695 2.79
    endloop
  endfacet
  facet normal -0.980815 0.19494 0
    outer loop
      vertex 58.8914 39.2695 6
      vertex 58.8659 39.1412 2.79
      vertex 58.8659 39.1412 6
    endloop
  endfacet
  facet normal -0.659749 0.751486 0
    outer loop
      vertex 58.6071 38.6929 2.79
      vertex 58.5088 38.6066 6
      vertex 58.6071 38.6929 6
    endloop
  endfacet
  facet normal -0.659749 0.751486 0
    outer loop
      vertex 58.5088 38.6066 6
      vertex 58.6071 38.6929 2.79
      vertex 58.5088 38.6066 2.79
    endloop
  endfacet
  facet normal -0.555053 0.831815 0
    outer loop
      vertex 58.5088 38.6066 2.79
      vertex 58.4 38.534 6
      vertex 58.5088 38.6066 6
    endloop
  endfacet
  facet normal -0.555053 0.831815 0
    outer loop
      vertex 58.4 38.534 6
      vertex 58.5088 38.6066 2.79
      vertex 58.4 38.534 2.79
    endloop
  endfacet
  facet normal 0.997836 -0.0657577 0
    outer loop
      vertex 56.9 39.4 6
      vertex 56.9086 39.5305 2.79
      vertex 56.9086 39.5305 6
    endloop
  endfacet
  facet normal 0.997836 -0.0657577 0
    outer loop
      vertex 56.9086 39.5305 2.79
      vertex 56.9 39.4 6
      vertex 56.9 39.4 2.79
    endloop
  endfacet
  facet normal 0.0657577 0.997836 -0
    outer loop
      vertex 57.9 38.4 2.79
      vertex 57.7695 38.4086 6
      vertex 57.9 38.4 6
    endloop
  endfacet
  facet normal 0.0657577 0.997836 0
    outer loop
      vertex 57.7695 38.4086 6
      vertex 57.9 38.4 2.79
      vertex 57.7695 38.4086 2.79
    endloop
  endfacet
  facet normal 1 -0 0
    outer loop
      vertex 3.5 3 6
      vertex 3.5 42.8 2
      vertex 3.5 42.8 6
    endloop
  endfacet
  facet normal 1 0 0
    outer loop
      vertex 3.5 42.8 2
      vertex 3.5 3 6
      vertex 3.5 3 2
    endloop
  endfacet
  facet normal -0 0 1
    outer loop
      vertex 2 41.3 6
      vertex 3.5 3 6
      vertex 3.5 42.8 6
    endloop
  endfacet
  facet normal 0 0 1
    outer loop
      vertex 2 41.3 6
      vertex 3.5 42.8 6
      vertex 3.30421 42.7872 6
    endloop
  endfacet
  facet normal -0 0 1
    outer loop
      vertex 2 3.5 6
      vertex 3.5 3 6
      vertex 2 41.3 6
    endloop
  endfacet
  facet normal 0 0 1
    outer loop
      vertex 2 41.3 6
      vertex 3.30421 42.7872 6
      vertex 3.11177 42.7489 6
    endloop
  endfacet
  facet normal -0 -0 1
    outer loop
      vertex 2.01283 3.30421 6
      vertex 3.5 3 6
      vertex 2 3.5 6
    endloop
  endfacet
  facet normal 0 0 1
    outer loop
      vertex 2 41.3 6
      vertex 3.11177 42.7489 6
      vertex 2.92597 42.6858 6
    endloop
  endfacet
  facet normal 0 0 1
    outer loop
      vertex 3.5 3 6
      vertex 3.30421 2.01283 6
      vertex 3.5 2 6
    endloop
  endfacet
  facet normal 0 0 1
    outer loop
      vertex 2 41.3 6
      vertex 2.92597 42.6858 6
      vertex 2.75 42.599 6
    endloop
  endfacet
  facet normal 0 0 1
    outer loop
      vertex 3.5 3 6
      vertex 3.11177 2.05111 6
      vertex 3.30421 2.01283 6
    endloop
  endfacet
  facet normal 0 0 1
    outer loop
      vertex 2 41.3 6
      vertex 2.75 42.599 6
      vertex 2.58686 42.49 6
    endloop
  endfacet
  facet normal 0 0 1
    outer loop
      vertex 3.5 3 6
      vertex 2.92597 2.11418 6
      vertex 3.11177 2.05111 6
    endloop
  endfacet
  facet normal 0 0 1
    outer loop
      vertex 2 41.3 6
      vertex 2.58686 42.49 6
      vertex 2.43934 42.3607 6
    endloop
  endfacet
  facet normal 0 0 1
    outer loop
      vertex 3.5 3 6
      vertex 2.75 2.20096 6
      vertex 2.92597 2.11418 6
    endloop
  endfacet
  facet normal 0 0 1
    outer loop
      vertex 2 41.3 6
      vertex 2.43934 42.3607 6
      vertex 2.30997 42.2131 6
    endloop
  endfacet
  facet normal 0 0 1
    outer loop
      vertex 3.5 3 6
      vertex 2.58686 2.30997 6
      vertex 2.75 2.20096 6
    endloop
  endfacet
  facet normal 0 0 1
    outer loop
      vertex 2 41.3 6
      vertex 2.30997 42.2131 6
      vertex 2.20096 42.05 6
    endloop
  endfacet
  facet normal 0 0 1
    outer loop
      vertex 3.5 3 6
      vertex 2.43934 2.43934 6
      vertex 2.58686 2.30997 6
    endloop
  endfacet
  facet normal 0 0 1
    outer loop
      vertex 2 41.3 6
      vertex 2.20096 42.05 6
      vertex 2.11418 41.874 6
    endloop
  endfacet
  facet normal 0 0 1
    outer loop
      vertex 3.5 3 6
      vertex 2.30997 2.58686 6
      vertex 2.43934 2.43934 6
    endloop
  endfacet
  facet normal 0 0 1
    outer loop
      vertex 2 41.3 6
      vertex 2.11418 41.874 6
      vertex 2.05111 41.6882 6
    endloop
  endfacet
  facet normal 0 0 1
    outer loop
      vertex 3.5 3 6
      vertex 2.20096 2.75 6
      vertex 2.30997 2.58686 6
    endloop
  endfacet
  facet normal 0 0 1
    outer loop
      vertex 2 41.3 6
      vertex 2.05111 41.6882 6
      vertex 2.01283 41.4958 6
    endloop
  endfacet
  facet normal 0 0 1
    outer loop
      vertex 3.5 3 6
      vertex 2.11418 2.92597 6
      vertex 2.20096 2.75 6
    endloop
  endfacet
  facet normal 0 0 1
    outer loop
      vertex 3.5 3 6
      vertex 2.05111 3.11177 6
      vertex 2.11418 2.92597 6
    endloop
  endfacet
  facet normal 0 0 1
    outer loop
      vertex 3.5 3 6
      vertex 2.01283 3.30421 6
      vertex 2.05111 3.11177 6
    endloop
  endfacet
  facet normal 0 0 1
    outer loop
      vertex 60.7109 3 6
      vertex 60.599 2.75 6
      vertex 60.6858 2.92597 6
    endloop
  endfacet
  facet normal 0 0 1
    outer loop
      vertex 60.7109 3 6
      vertex 60.49 2.58686 6
      vertex 60.599 2.75 6
    endloop
  endfacet
  facet normal 0 0 1
    outer loop
      vertex 60.7109 3 6
      vertex 60.3607 2.43934 6
      vertex 60.49 2.58686 6
    endloop
  endfacet
  facet normal 0 0 1
    outer loop
      vertex 60.7109 3 6
      vertex 60.2131 2.30997 6
      vertex 60.3607 2.43934 6
    endloop
  endfacet
  facet normal 0 0 1
    outer loop
      vertex 60.7109 3 6
      vertex 60.05 2.20096 6
      vertex 60.2131 2.30997 6
    endloop
  endfacet
  facet normal 0 0 1
    outer loop
      vertex 60.7109 3 6
      vertex 59.874 2.11418 6
      vertex 60.05 2.20096 6
    endloop
  endfacet
  facet normal 0 0 1
    outer loop
      vertex 60.7109 3 6
      vertex 59.6882 2.05111 6
      vertex 59.874 2.11418 6
    endloop
  endfacet
  facet normal 0 0 1
    outer loop
      vertex 60.7109 3 6
      vertex 59.4958 2.01283 6
      vertex 59.6882 2.05111 6
    endloop
  endfacet
  facet normal 0 0 1
    outer loop
      vertex 60.7109 3 6
      vertex 59.3 2 6
      vertex 59.4958 2.01283 6
    endloop
  endfacet
  facet normal -0 0 1
    outer loop
      vertex 3.5 3 6
      vertex 59.3 2 6
      vertex 60.7109 3 6
    endloop
  endfacet
  facet normal 0 0 1
    outer loop
      vertex 59.3 2 6
      vertex 3.5 3 6
      vertex 3.5 2 6
    endloop
  endfacet
  facet normal 0 0 0
    outer loop
      vertex 60.7109 3 6
      vertex 59.6964 3 6
      vertex 3.5 3 6
    endloop
  endfacet
  facet normal 0 1 -0
    outer loop
      vertex 60.7109 3 2
      vertex 59.6964 3 6
      vertex 60.7109 3 6
    endloop
  endfacet
  facet normal 0 1 0
    outer loop
      vertex 59.6964 3 6
      vertex 60.7109 3 2
      vertex 59.6964 3 2
    endloop
  endfacet
  facet normal 0 0 -0
    outer loop
      vertex 56.1036 3 6
      vertex 3.5 3 6
      vertex 59.6964 3 6
    endloop
  endfacet
  facet normal 0 1 -0
    outer loop
      vertex 56.1036 3 2
      vertex 3.5 3 6
      vertex 56.1036 3 6
    endloop
  endfacet
  facet normal 0 1 0
    outer loop
      vertex 3.5 3 6
      vertex 56.1036 3 2
      vertex 3.5 3 2
    endloop
  endfacet
endsolid OpenSCAD_Model
