solid OpenSCAD_Model
  facet normal -0.946943 -0.321402 0
    outer loop
      vertex 2.29134 2.94078 2
      vertex 2.24089 3.08942 6
      vertex 2.24089 3.08942 2
    endloop
  endfacet
  facet normal -0.946943 -0.321402 0
    outer loop
      vertex 2.24089 3.08942 6
      vertex 2.29134 2.94078 2
      vertex 2.29134 2.94078 6
    endloop
  endfacet
  facet normal -0.065428 -0.997857 0
    outer loop
      vertex 3.24337 2.21027 2
      vertex 3.4 2.2 6
      vertex 3.24337 2.21027 6
    endloop
  endfacet
  facet normal -0.065428 -0.997857 -0
    outer loop
      vertex 3.4 2.2 6
      vertex 3.24337 2.21027 2
      vertex 3.4 2.2 2
    endloop
  endfacet
  facet normal 0 -1 0
    outer loop
      vertex 3.4 2.2 6
      vertex 21.4 2.2 5.4
      vertex 59.4 2.2 6
    endloop
  endfacet
  facet normal 0 -1 0
    outer loop
      vertex 3.4 2.2 6
      vertex 21.4 2.2 4.4
      vertex 21.4 2.2 5.4
    endloop
  endfacet
  facet normal 0 -1 -0
    outer loop
      vertex 21.4 2.2 4.4
      vertex 3.4 2.2 2
      vertex 41.4 2.2 4.4
    endloop
  endfacet
  facet normal 0 -1 0
    outer loop
      vertex 3.4 2.2 2
      vertex 21.4 2.2 4.4
      vertex 3.4 2.2 6
    endloop
  endfacet
  facet normal 0 -1 0
    outer loop
      vertex 41.4 2.2 5.4
      vertex 59.4 2.2 6
      vertex 21.4 2.2 5.4
    endloop
  endfacet
  facet normal 0 -1 0
    outer loop
      vertex 41.4 2.2 4.4
      vertex 59.4 2.2 6
      vertex 41.4 2.2 5.4
    endloop
  endfacet
  facet normal 0 -1 0
    outer loop
      vertex 41.4 2.2 4.4
      vertex 59.4 2.2 2
      vertex 59.4 2.2 6
    endloop
  endfacet
  facet normal 0 -1 0
    outer loop
      vertex 59.4 2.2 2
      vertex 41.4 2.2 4.4
      vertex 3.4 2.2 2
    endloop
  endfacet
  facet normal -0.751874 -0.659307 0
    outer loop
      vertex 2.55147 2.55147 2
      vertex 2.44798 2.66949 6
      vertex 2.44798 2.66949 2
    endloop
  endfacet
  facet normal -0.751874 -0.659307 0
    outer loop
      vertex 2.44798 2.66949 6
      vertex 2.55147 2.55147 2
      vertex 2.55147 2.55147 6
    endloop
  endfacet
  facet normal -1 0 0
    outer loop
      vertex 2.2 3.4 2
      vertex 2.2 41.4 6
      vertex 2.2 41.4 2
    endloop
  endfacet
  facet normal -1 -0 0
    outer loop
      vertex 2.2 41.4 6
      vertex 2.2 3.4 2
      vertex 2.2 3.4 6
    endloop
  endfacet
  facet normal -0.831432 0.555626 0
    outer loop
      vertex 2.36077 42 2
      vertex 2.44798 42.1305 6
      vertex 2.44798 42.1305 2
    endloop
  endfacet
  facet normal -0.831432 0.555626 0
    outer loop
      vertex 2.44798 42.1305 6
      vertex 2.36077 42 2
      vertex 2.36077 42 6
    endloop
  endfacet
  facet normal 0.947013 0.321194 0
    outer loop
      vertex 60.5591 41.7106 6
      vertex 60.5087 41.8592 2
      vertex 60.5087 41.8592 6
    endloop
  endfacet
  facet normal 0.947013 0.321194 0
    outer loop
      vertex 60.5087 41.8592 2
      vertex 60.5591 41.7106 6
      vertex 60.5591 41.7106 2
    endloop
  endfacet
  facet normal -0.194952 0.980813 0
    outer loop
      vertex 3.24337 42.5897 2
      vertex 3.08942 42.5591 6
      vertex 3.24337 42.5897 6
    endloop
  endfacet
  facet normal -0.194952 0.980813 0
    outer loop
      vertex 3.08942 42.5591 6
      vertex 3.24337 42.5897 2
      vertex 3.08942 42.5591 2
    endloop
  endfacet
  facet normal 0.321194 0.947013 -0
    outer loop
      vertex 59.8592 42.5087 2
      vertex 59.7106 42.5591 6
      vertex 59.8592 42.5087 6
    endloop
  endfacet
  facet normal 0.321194 0.947013 0
    outer loop
      vertex 59.7106 42.5591 6
      vertex 59.8592 42.5087 2
      vertex 59.7106 42.5591 2
    endloop
  endfacet
  facet normal 0.997845 -0.0656183 0
    outer loop
      vertex 60.5897 3.24337 6
      vertex 60.6 3.4 2
      vertex 60.6 3.4 6
    endloop
  endfacet
  facet normal 0.997845 -0.0656183 0
    outer loop
      vertex 60.6 3.4 2
      vertex 60.5897 3.24337 6
      vertex 60.5897 3.24337 2
    endloop
  endfacet
  facet normal 1 -0 0
    outer loop
      vertex 60.6 3.4 6
      vertex 60.6 41.4 2
      vertex 60.6 41.4 6
    endloop
  endfacet
  facet normal 1 0 0
    outer loop
      vertex 60.6 41.4 2
      vertex 60.6 3.4 6
      vertex 60.6 3.4 2
    endloop
  endfacet
  facet normal 0.831481 -0.555553 0
    outer loop
      vertex 60.352 2.66949 6
      vertex 60.4392 2.8 2
      vertex 60.4392 2.8 6
    endloop
  endfacet
  facet normal 0.831481 -0.555553 0
    outer loop
      vertex 60.4392 2.8 2
      vertex 60.352 2.66949 6
      vertex 60.352 2.66949 2
    endloop
  endfacet
  facet normal -0.980788 -0.195075 0
    outer loop
      vertex 2.24089 3.08942 2
      vertex 2.21027 3.24337 6
      vertex 2.21027 3.24337 2
    endloop
  endfacet
  facet normal -0.980788 -0.195075 0
    outer loop
      vertex 2.21027 3.24337 6
      vertex 2.24089 3.08942 2
      vertex 2.24089 3.08942 6
    endloop
  endfacet
  facet normal -0.442673 0.896683 0
    outer loop
      vertex 2.94078 42.5087 2
      vertex 2.8 42.4392 6
      vertex 2.94078 42.5087 6
    endloop
  endfacet
  facet normal -0.442673 0.896683 0
    outer loop
      vertex 2.8 42.4392 6
      vertex 2.94078 42.5087 2
      vertex 2.8 42.4392 2
    endloop
  endfacet
  facet normal 0.751787 0.659406 0
    outer loop
      vertex 60.352 42.1305 6
      vertex 60.2485 42.2485 2
      vertex 60.2485 42.2485 6
    endloop
  endfacet
  facet normal 0.751787 0.659406 0
    outer loop
      vertex 60.2485 42.2485 2
      vertex 60.352 42.1305 6
      vertex 60.352 42.1305 2
    endloop
  endfacet
  facet normal -0.321117 0.94704 0
    outer loop
      vertex 3.08942 42.5591 2
      vertex 2.94078 42.5087 6
      vertex 3.08942 42.5591 6
    endloop
  endfacet
  facet normal -0.321117 0.94704 0
    outer loop
      vertex 2.94078 42.5087 6
      vertex 3.08942 42.5591 2
      vertex 2.94078 42.5087 2
    endloop
  endfacet
  facet normal -0.896885 0.442264 0
    outer loop
      vertex 2.29134 41.8592 2
      vertex 2.36077 42 6
      vertex 2.36077 42 2
    endloop
  endfacet
  facet normal -0.896885 0.442264 0
    outer loop
      vertex 2.36077 42 6
      vertex 2.29134 41.8592 2
      vertex 2.29134 41.8592 6
    endloop
  endfacet
  facet normal -0.997856 0.0654405 0
    outer loop
      vertex 2.2 41.4 2
      vertex 2.21027 41.5566 6
      vertex 2.21027 41.5566 2
    endloop
  endfacet
  facet normal -0.997856 0.0654405 0
    outer loop
      vertex 2.21027 41.5566 6
      vertex 2.2 41.4 2
      vertex 2.2 41.4 6
    endloop
  endfacet
  facet normal 0.980825 0.194891 0
    outer loop
      vertex 60.5897 41.5566 6
      vertex 60.5591 41.7106 2
      vertex 60.5591 41.7106 6
    endloop
  endfacet
  facet normal 0.980825 0.194891 0
    outer loop
      vertex 60.5591 41.7106 2
      vertex 60.5897 41.5566 6
      vertex 60.5897 41.5566 2
    endloop
  endfacet
  facet normal -0.751818 0.65937 0
    outer loop
      vertex 2.44798 42.1305 2
      vertex 2.55147 42.2485 6
      vertex 2.55147 42.2485 2
    endloop
  endfacet
  facet normal -0.751818 0.65937 0
    outer loop
      vertex 2.55147 42.2485 6
      vertex 2.44798 42.1305 2
      vertex 2.44798 42.1305 6
    endloop
  endfacet
  facet normal -0.89686 -0.442314 0
    outer loop
      vertex 2.36077 2.8 2
      vertex 2.29134 2.94078 6
      vertex 2.29134 2.94078 2
    endloop
  endfacet
  facet normal -0.89686 -0.442314 0
    outer loop
      vertex 2.29134 2.94078 6
      vertex 2.36077 2.8 2
      vertex 2.36077 2.8 6
    endloop
  endfacet
  facet normal 0 1 -0
    outer loop
      vertex 59.4 42.6 2
      vertex 3.4 42.6 6
      vertex 59.4 42.6 6
    endloop
  endfacet
  facet normal 0 1 0
    outer loop
      vertex 3.4 42.6 6
      vertex 59.4 42.6 2
      vertex 3.4 42.6 2
    endloop
  endfacet
  facet normal 0.555582 0.831462 -0
    outer loop
      vertex 60.1305 42.352 2
      vertex 60 42.4392 6
      vertex 60.1305 42.352 6
    endloop
  endfacet
  facet normal 0.555582 0.831462 0
    outer loop
      vertex 60 42.4392 6
      vertex 60.1305 42.352 2
      vertex 60 42.4392 2
    endloop
  endfacet
  facet normal -0.555597 -0.831452 0
    outer loop
      vertex 2.66949 2.44798 2
      vertex 2.8 2.36077 6
      vertex 2.66949 2.44798 6
    endloop
  endfacet
  facet normal -0.555597 -0.831452 -0
    outer loop
      vertex 2.8 2.36077 6
      vertex 2.66949 2.44798 2
      vertex 2.8 2.36077 2
    endloop
  endfacet
  facet normal -0.659307 -0.751874 0
    outer loop
      vertex 2.55147 2.55147 2
      vertex 2.66949 2.44798 6
      vertex 2.55147 2.55147 6
    endloop
  endfacet
  facet normal -0.659307 -0.751874 -0
    outer loop
      vertex 2.66949 2.44798 6
      vertex 2.55147 2.55147 2
      vertex 2.66949 2.44798 2
    endloop
  endfacet
  facet normal 0.195014 -0.980801 0
    outer loop
      vertex 59.5566 2.21027 2
      vertex 59.7106 2.24089 6
      vertex 59.5566 2.21027 6
    endloop
  endfacet
  facet normal 0.195014 -0.980801 0
    outer loop
      vertex 59.7106 2.24089 6
      vertex 59.5566 2.21027 2
      vertex 59.7106 2.24089 2
    endloop
  endfacet
  facet normal 0.896708 0.442622 0
    outer loop
      vertex 60.5087 41.8592 6
      vertex 60.4392 42 2
      vertex 60.4392 42 6
    endloop
  endfacet
  facet normal 0.896708 0.442622 0
    outer loop
      vertex 60.4392 42 2
      vertex 60.5087 41.8592 6
      vertex 60.5087 41.8592 2
    endloop
  endfacet
  facet normal 0.980813 -0.194952 0
    outer loop
      vertex 60.5591 3.08942 6
      vertex 60.5897 3.24337 2
      vertex 60.5897 3.24337 6
    endloop
  endfacet
  facet normal 0.980813 -0.194952 0
    outer loop
      vertex 60.5897 3.24337 2
      vertex 60.5591 3.08942 6
      vertex 60.5591 3.08942 2
    endloop
  endfacet
  facet normal 0.997844 0.0656309 0
    outer loop
      vertex 60.6 41.4 6
      vertex 60.5897 41.5566 2
      vertex 60.5897 41.5566 6
    endloop
  endfacet
  facet normal 0.997844 0.0656309 0
    outer loop
      vertex 60.5897 41.5566 2
      vertex 60.6 41.4 6
      vertex 60.6 41.4 2
    endloop
  endfacet
  facet normal -0.997857 -0.065428 0
    outer loop
      vertex 2.21027 3.24337 2
      vertex 2.2 3.4 6
      vertex 2.2 3.4 2
    endloop
  endfacet
  facet normal -0.997857 -0.065428 0
    outer loop
      vertex 2.2 3.4 6
      vertex 2.21027 3.24337 2
      vertex 2.21027 3.24337 6
    endloop
  endfacet
  facet normal -0.195075 -0.980788 0
    outer loop
      vertex 3.08942 2.24089 2
      vertex 3.24337 2.21027 6
      vertex 3.08942 2.24089 6
    endloop
  endfacet
  facet normal -0.195075 -0.980788 -0
    outer loop
      vertex 3.24337 2.21027 6
      vertex 3.08942 2.24089 2
      vertex 3.24337 2.21027 2
    endloop
  endfacet
  facet normal 0.555626 -0.831432 0
    outer loop
      vertex 60 2.36077 2
      vertex 60.1305 2.44798 6
      vertex 60 2.36077 6
    endloop
  endfacet
  facet normal 0.555626 -0.831432 0
    outer loop
      vertex 60.1305 2.44798 6
      vertex 60 2.36077 2
      vertex 60.1305 2.44798 2
    endloop
  endfacet
  facet normal 0.442264 -0.896885 0
    outer loop
      vertex 59.8592 2.29134 2
      vertex 60 2.36077 6
      vertex 59.8592 2.29134 6
    endloop
  endfacet
  facet normal 0.442264 -0.896885 0
    outer loop
      vertex 60 2.36077 6
      vertex 59.8592 2.29134 2
      vertex 60 2.36077 2
    endloop
  endfacet
  facet normal 0.659406 0.751787 -0
    outer loop
      vertex 60.2485 42.2485 2
      vertex 60.1305 42.352 6
      vertex 60.2485 42.2485 6
    endloop
  endfacet
  facet normal 0.659406 0.751787 0
    outer loop
      vertex 60.1305 42.352 6
      vertex 60.2485 42.2485 2
      vertex 60.1305 42.352 2
    endloop
  endfacet
  facet normal -0.442314 -0.89686 0
    outer loop
      vertex 2.8 2.36077 2
      vertex 2.94078 2.29134 6
      vertex 2.8 2.36077 6
    endloop
  endfacet
  facet normal -0.442314 -0.89686 -0
    outer loop
      vertex 2.94078 2.29134 6
      vertex 2.8 2.36077 2
      vertex 2.94078 2.29134 2
    endloop
  endfacet
  facet normal -0.659343 0.751842 0
    outer loop
      vertex 2.66949 42.352 2
      vertex 2.55147 42.2485 6
      vertex 2.66949 42.352 6
    endloop
  endfacet
  facet normal -0.659343 0.751842 0
    outer loop
      vertex 2.55147 42.2485 6
      vertex 2.66949 42.352 2
      vertex 2.55147 42.2485 2
    endloop
  endfacet
  facet normal -0.980801 0.195014 0
    outer loop
      vertex 2.21027 41.5566 2
      vertex 2.24089 41.7106 6
      vertex 2.24089 41.7106 2
    endloop
  endfacet
  facet normal -0.980801 0.195014 0
    outer loop
      vertex 2.24089 41.7106 6
      vertex 2.21027 41.5566 2
      vertex 2.21027 41.5566 6
    endloop
  endfacet
  facet normal 0 0 1
    outer loop
      vertex 60.2485 42.2485 2
      vertex 62.8 43.3 2
      vertex 62.7872 43.4958 2
    endloop
  endfacet
  facet normal 0 0 1
    outer loop
      vertex 62.8 43.3 2
      vertex 60.6 41.4 2
      vertex 62.8 1.5 2
    endloop
  endfacet
  facet normal 0 0 1
    outer loop
      vertex 60.2485 42.2485 2
      vertex 62.7872 43.4958 2
      vertex 62.7489 43.6882 2
    endloop
  endfacet
  facet normal -0 0 1
    outer loop
      vertex 60.6 3.4 2
      vertex 62.8 1.5 2
      vertex 60.6 41.4 2
    endloop
  endfacet
  facet normal 0 0 1
    outer loop
      vertex 60.2485 42.2485 2
      vertex 62.7489 43.6882 2
      vertex 62.6858 43.874 2
    endloop
  endfacet
  facet normal -0 0 1
    outer loop
      vertex 60.5897 3.24337 2
      vertex 62.8 1.5 2
      vertex 60.6 3.4 2
    endloop
  endfacet
  facet normal 0 0 1
    outer loop
      vertex 60.2485 42.2485 2
      vertex 62.6858 43.874 2
      vertex 62.599 44.05 2
    endloop
  endfacet
  facet normal -0 0 1
    outer loop
      vertex 60.5591 3.08942 2
      vertex 62.8 1.5 2
      vertex 60.5897 3.24337 2
    endloop
  endfacet
  facet normal 0 0 1
    outer loop
      vertex 60.2485 42.2485 2
      vertex 62.599 44.05 2
      vertex 62.49 44.2131 2
    endloop
  endfacet
  facet normal -0 0 1
    outer loop
      vertex 60.5087 2.94078 2
      vertex 62.8 1.5 2
      vertex 60.5591 3.08942 2
    endloop
  endfacet
  facet normal 0 0 1
    outer loop
      vertex 60.2485 42.2485 2
      vertex 62.49 44.2131 2
      vertex 62.3607 44.3607 2
    endloop
  endfacet
  facet normal -0 0 1
    outer loop
      vertex 60.4392 2.8 2
      vertex 62.8 1.5 2
      vertex 60.5087 2.94078 2
    endloop
  endfacet
  facet normal 0 0 1
    outer loop
      vertex 60.2485 42.2485 2
      vertex 62.3607 44.3607 2
      vertex 62.2131 44.49 2
    endloop
  endfacet
  facet normal -0 0 1
    outer loop
      vertex 60.352 2.66949 2
      vertex 62.8 1.5 2
      vertex 60.4392 2.8 2
    endloop
  endfacet
  facet normal 0 0 1
    outer loop
      vertex 60.2485 42.2485 2
      vertex 62.2131 44.49 2
      vertex 62.05 44.599 2
    endloop
  endfacet
  facet normal -0 0 1
    outer loop
      vertex 60.2485 2.55147 2
      vertex 62.8 1.5 2
      vertex 60.352 2.66949 2
    endloop
  endfacet
  facet normal 0 0 1
    outer loop
      vertex 60.2485 42.2485 2
      vertex 62.05 44.599 2
      vertex 61.874 44.6858 2
    endloop
  endfacet
  facet normal 0 0 1
    outer loop
      vertex 62.8 1.5 2
      vertex 60.2485 2.55147 2
      vertex 62.7872 1.30421 2
    endloop
  endfacet
  facet normal 0 0 1
    outer loop
      vertex 60.2485 42.2485 2
      vertex 61.874 44.6858 2
      vertex 61.6882 44.7489 2
    endloop
  endfacet
  facet normal 0 0 1
    outer loop
      vertex 62.7872 1.30421 2
      vertex 60.2485 2.55147 2
      vertex 62.7489 1.11177 2
    endloop
  endfacet
  facet normal 0 0 1
    outer loop
      vertex 60.2485 42.2485 2
      vertex 61.6882 44.7489 2
      vertex 61.4958 44.7872 2
    endloop
  endfacet
  facet normal 0 0 1
    outer loop
      vertex 62.7489 1.11177 2
      vertex 60.2485 2.55147 2
      vertex 62.6858 0.925975 2
    endloop
  endfacet
  facet normal 0 0 1
    outer loop
      vertex 60.2485 42.2485 2
      vertex 61.4958 44.7872 2
      vertex 61.3 44.8 2
    endloop
  endfacet
  facet normal 0 0 1
    outer loop
      vertex 62.6858 0.925975 2
      vertex 60.2485 2.55147 2
      vertex 62.599 0.75 2
    endloop
  endfacet
  facet normal 0 0 1
    outer loop
      vertex 62.599 0.75 2
      vertex 60.2485 2.55147 2
      vertex 62.49 0.586858 2
    endloop
  endfacet
  facet normal 0 0 1
    outer loop
      vertex 62.8 43.3 2
      vertex 60.5897 41.5566 2
      vertex 60.6 41.4 2
    endloop
  endfacet
  facet normal 0 0 1
    outer loop
      vertex 62.8 43.3 2
      vertex 60.5591 41.7106 2
      vertex 60.5897 41.5566 2
    endloop
  endfacet
  facet normal 0 0 1
    outer loop
      vertex 62.8 43.3 2
      vertex 60.5087 41.8592 2
      vertex 60.5591 41.7106 2
    endloop
  endfacet
  facet normal 0 0 1
    outer loop
      vertex 62.8 43.3 2
      vertex 60.4392 42 2
      vertex 60.5087 41.8592 2
    endloop
  endfacet
  facet normal 0 0 1
    outer loop
      vertex 62.8 43.3 2
      vertex 60.352 42.1305 2
      vertex 60.4392 42 2
    endloop
  endfacet
  facet normal 0 0 1
    outer loop
      vertex 62.8 43.3 2
      vertex 60.2485 42.2485 2
      vertex 60.352 42.1305 2
    endloop
  endfacet
  facet normal 0 0 1
    outer loop
      vertex 61.3 44.8 2
      vertex 60.1305 42.352 2
      vertex 60.2485 42.2485 2
    endloop
  endfacet
  facet normal 0 0 1
    outer loop
      vertex 61.3 44.8 2
      vertex 60 42.4392 2
      vertex 60.1305 42.352 2
    endloop
  endfacet
  facet normal 0 0 1
    outer loop
      vertex 61.3 44.8 2
      vertex 59.8592 42.5087 2
      vertex 60 42.4392 2
    endloop
  endfacet
  facet normal 0 0 1
    outer loop
      vertex 61.3 44.8 2
      vertex 59.7106 42.5591 2
      vertex 59.8592 42.5087 2
    endloop
  endfacet
  facet normal 0 0 1
    outer loop
      vertex 61.3 44.8 2
      vertex 59.5566 42.5897 2
      vertex 59.7106 42.5591 2
    endloop
  endfacet
  facet normal 0 0 1
    outer loop
      vertex 61.3 44.8 2
      vertex 59.4 42.6 2
      vertex 59.5566 42.5897 2
    endloop
  endfacet
  facet normal 0 0 1
    outer loop
      vertex 61.3 44.8 2
      vertex 3.4 42.6 2
      vertex 59.4 42.6 2
    endloop
  endfacet
  facet normal 0 0 1
    outer loop
      vertex 2.21027 41.5566 2
      vertex 0 43.3 2
      vertex 2.2 41.4 2
    endloop
  endfacet
  facet normal 0 0 1
    outer loop
      vertex 2.24089 41.7106 2
      vertex 0 43.3 2
      vertex 2.21027 41.5566 2
    endloop
  endfacet
  facet normal 0 0 1
    outer loop
      vertex 2.29134 41.8592 2
      vertex 0 43.3 2
      vertex 2.24089 41.7106 2
    endloop
  endfacet
  facet normal 0 0 1
    outer loop
      vertex 2.36077 42 2
      vertex 0 43.3 2
      vertex 2.29134 41.8592 2
    endloop
  endfacet
  facet normal 0 0 1
    outer loop
      vertex 2.44798 42.1305 2
      vertex 0 43.3 2
      vertex 2.36077 42 2
    endloop
  endfacet
  facet normal 0 0 1
    outer loop
      vertex 2.55147 42.2485 2
      vertex 0 43.3 2
      vertex 2.44798 42.1305 2
    endloop
  endfacet
  facet normal -0 0 1
    outer loop
      vertex 0 43.3 2
      vertex 2.55147 42.2485 2
      vertex 1.5 44.8 2
    endloop
  endfacet
  facet normal 0 0 1
    outer loop
      vertex 2.66949 42.352 2
      vertex 1.5 44.8 2
      vertex 2.55147 42.2485 2
    endloop
  endfacet
  facet normal 0 0 1
    outer loop
      vertex 2.8 42.4392 2
      vertex 1.5 44.8 2
      vertex 2.66949 42.352 2
    endloop
  endfacet
  facet normal 0 0 1
    outer loop
      vertex 2.94078 42.5087 2
      vertex 1.5 44.8 2
      vertex 2.8 42.4392 2
    endloop
  endfacet
  facet normal 0 0 1
    outer loop
      vertex 3.08942 42.5591 2
      vertex 1.5 44.8 2
      vertex 2.94078 42.5087 2
    endloop
  endfacet
  facet normal 0 0 1
    outer loop
      vertex 3.24337 42.5897 2
      vertex 1.5 44.8 2
      vertex 3.08942 42.5591 2
    endloop
  endfacet
  facet normal 0 0 1
    outer loop
      vertex 3.4 42.6 2
      vertex 1.5 44.8 2
      vertex 3.24337 42.5897 2
    endloop
  endfacet
  facet normal -0 0 1
    outer loop
      vertex 1.5 44.8 2
      vertex 3.4 42.6 2
      vertex 61.3 44.8 2
    endloop
  endfacet
  facet normal 0 0 1
    outer loop
      vertex 62.49 0.586858 2
      vertex 60.2485 2.55147 2
      vertex 62.3607 0.43934 2
    endloop
  endfacet
  facet normal 0 0 1
    outer loop
      vertex 62.3607 0.43934 2
      vertex 60.2485 2.55147 2
      vertex 62.2131 0.30997 2
    endloop
  endfacet
  facet normal 0 0 1
    outer loop
      vertex 62.2131 0.30997 2
      vertex 60.2485 2.55147 2
      vertex 62.05 0.200961 2
    endloop
  endfacet
  facet normal 0 0 1
    outer loop
      vertex 62.05 0.200961 2
      vertex 60.2485 2.55147 2
      vertex 61.874 0.114181 2
    endloop
  endfacet
  facet normal 0 0 1
    outer loop
      vertex 61.874 0.114181 2
      vertex 60.2485 2.55147 2
      vertex 61.6882 0.0511112 2
    endloop
  endfacet
  facet normal 0 0 1
    outer loop
      vertex 61.6882 0.0511112 2
      vertex 60.2485 2.55147 2
      vertex 61.4958 0.0128326 2
    endloop
  endfacet
  facet normal 0 0 1
    outer loop
      vertex 61.4958 0.0128326 2
      vertex 60.2485 2.55147 2
      vertex 61.3 0 2
    endloop
  endfacet
  facet normal -0 0 1
    outer loop
      vertex 60.1305 2.44798 2
      vertex 61.3 0 2
      vertex 60.2485 2.55147 2
    endloop
  endfacet
  facet normal -0 0 1
    outer loop
      vertex 60 2.36077 2
      vertex 61.3 0 2
      vertex 60.1305 2.44798 2
    endloop
  endfacet
  facet normal -0 0 1
    outer loop
      vertex 59.8592 2.29134 2
      vertex 61.3 0 2
      vertex 60 2.36077 2
    endloop
  endfacet
  facet normal -0 0 1
    outer loop
      vertex 59.7106 2.24089 2
      vertex 61.3 0 2
      vertex 59.8592 2.29134 2
    endloop
  endfacet
  facet normal -0 0 1
    outer loop
      vertex 59.5566 2.21027 2
      vertex 61.3 0 2
      vertex 59.7106 2.24089 2
    endloop
  endfacet
  facet normal -0 0 1
    outer loop
      vertex 59.4 2.2 2
      vertex 61.3 0 2
      vertex 59.5566 2.21027 2
    endloop
  endfacet
  facet normal -0 0 1
    outer loop
      vertex 3.4 2.2 2
      vertex 61.3 0 2
      vertex 59.4 2.2 2
    endloop
  endfacet
  facet normal 0 0 1
    outer loop
      vertex 3.4 2.2 2
      vertex 1.5 0 2
      vertex 61.3 0 2
    endloop
  endfacet
  facet normal 0 0 1
    outer loop
      vertex 3.24337 2.21027 2
      vertex 1.5 0 2
      vertex 3.4 2.2 2
    endloop
  endfacet
  facet normal 0 0 1
    outer loop
      vertex 3.08942 2.24089 2
      vertex 1.5 0 2
      vertex 3.24337 2.21027 2
    endloop
  endfacet
  facet normal 0 0 1
    outer loop
      vertex 2.94078 2.29134 2
      vertex 1.5 0 2
      vertex 3.08942 2.24089 2
    endloop
  endfacet
  facet normal 0 0 1
    outer loop
      vertex 2.8 2.36077 2
      vertex 1.5 0 2
      vertex 2.94078 2.29134 2
    endloop
  endfacet
  facet normal 0 0 1
    outer loop
      vertex 2.66949 2.44798 2
      vertex 1.5 0 2
      vertex 2.8 2.36077 2
    endloop
  endfacet
  facet normal 0 0 1
    outer loop
      vertex 2.55147 2.55147 2
      vertex 1.5 0 2
      vertex 2.66949 2.44798 2
    endloop
  endfacet
  facet normal 0 0 1
    outer loop
      vertex 0 1.5 2
      vertex 2.55147 2.55147 2
      vertex 2.44798 2.66949 2
    endloop
  endfacet
  facet normal 0 0 1
    outer loop
      vertex 0 1.5 2
      vertex 2.44798 2.66949 2
      vertex 2.36077 2.8 2
    endloop
  endfacet
  facet normal 0 0 1
    outer loop
      vertex 0 1.5 2
      vertex 2.36077 2.8 2
      vertex 2.29134 2.94078 2
    endloop
  endfacet
  facet normal 0 0 1
    outer loop
      vertex 0 1.5 2
      vertex 2.29134 2.94078 2
      vertex 2.24089 3.08942 2
    endloop
  endfacet
  facet normal 0 0 1
    outer loop
      vertex 0 1.5 2
      vertex 2.24089 3.08942 2
      vertex 2.21027 3.24337 2
    endloop
  endfacet
  facet normal 0 0 1
    outer loop
      vertex 0 1.5 2
      vertex 2.21027 3.24337 2
      vertex 2.2 3.4 2
    endloop
  endfacet
  facet normal 0 0 1
    outer loop
      vertex 2.2 41.4 2
      vertex 0 43.3 2
      vertex 2.2 3.4 2
    endloop
  endfacet
  facet normal 0 0 1
    outer loop
      vertex 0 43.3 2
      vertex 1.5 44.8 2
      vertex 1.30421 44.7872 2
    endloop
  endfacet
  facet normal 0 0 1
    outer loop
      vertex 0 1.5 2
      vertex 2.2 3.4 2
      vertex 0 43.3 2
    endloop
  endfacet
  facet normal 0 0 1
    outer loop
      vertex 0 43.3 2
      vertex 1.30421 44.7872 2
      vertex 1.11177 44.7489 2
    endloop
  endfacet
  facet normal 0 0 1
    outer loop
      vertex 2.55147 2.55147 2
      vertex 0 1.5 2
      vertex 1.5 0 2
    endloop
  endfacet
  facet normal 0 0 1
    outer loop
      vertex 0 43.3 2
      vertex 1.11177 44.7489 2
      vertex 0.925975 44.6858 2
    endloop
  endfacet
  facet normal 0 0 1
    outer loop
      vertex 1.5 0 2
      vertex 0 1.5 2
      vertex 1.30421 0.0128326 2
    endloop
  endfacet
  facet normal 0 0 1
    outer loop
      vertex 0 43.3 2
      vertex 0.925975 44.6858 2
      vertex 0.75 44.599 2
    endloop
  endfacet
  facet normal 0 0 1
    outer loop
      vertex 1.30421 0.0128326 2
      vertex 0 1.5 2
      vertex 1.11177 0.0511112 2
    endloop
  endfacet
  facet normal 0 0 1
    outer loop
      vertex 0 43.3 2
      vertex 0.75 44.599 2
      vertex 0.586858 44.49 2
    endloop
  endfacet
  facet normal 0 0 1
    outer loop
      vertex 1.11177 0.0511112 2
      vertex 0 1.5 2
      vertex 0.925975 0.114181 2
    endloop
  endfacet
  facet normal 0 0 1
    outer loop
      vertex 0 43.3 2
      vertex 0.586858 44.49 2
      vertex 0.43934 44.3607 2
    endloop
  endfacet
  facet normal 0 0 1
    outer loop
      vertex 0.925975 0.114181 2
      vertex 0 1.5 2
      vertex 0.75 0.200961 2
    endloop
  endfacet
  facet normal 0 0 1
    outer loop
      vertex 0 43.3 2
      vertex 0.43934 44.3607 2
      vertex 0.30997 44.2131 2
    endloop
  endfacet
  facet normal 0 0 1
    outer loop
      vertex 0.75 0.200961 2
      vertex 0 1.5 2
      vertex 0.586858 0.30997 2
    endloop
  endfacet
  facet normal 0 0 1
    outer loop
      vertex 0 43.3 2
      vertex 0.30997 44.2131 2
      vertex 0.200961 44.05 2
    endloop
  endfacet
  facet normal 0 0 1
    outer loop
      vertex 0.586858 0.30997 2
      vertex 0 1.5 2
      vertex 0.43934 0.43934 2
    endloop
  endfacet
  facet normal 0 0 1
    outer loop
      vertex 0 43.3 2
      vertex 0.200961 44.05 2
      vertex 0.114181 43.874 2
    endloop
  endfacet
  facet normal 0 0 1
    outer loop
      vertex 0.43934 0.43934 2
      vertex 0 1.5 2
      vertex 0.30997 0.586858 2
    endloop
  endfacet
  facet normal 0 0 1
    outer loop
      vertex 0 43.3 2
      vertex 0.114181 43.874 2
      vertex 0.0511112 43.6882 2
    endloop
  endfacet
  facet normal 0 0 1
    outer loop
      vertex 0.30997 0.586858 2
      vertex 0 1.5 2
      vertex 0.200961 0.75 2
    endloop
  endfacet
  facet normal 0 0 1
    outer loop
      vertex 0 43.3 2
      vertex 0.0511112 43.6882 2
      vertex 0.0128326 43.4958 2
    endloop
  endfacet
  facet normal 0 0 1
    outer loop
      vertex 0.200961 0.75 2
      vertex 0 1.5 2
      vertex 0.114181 0.925975 2
    endloop
  endfacet
  facet normal 0 0 1
    outer loop
      vertex 0.114181 0.925975 2
      vertex 0 1.5 2
      vertex 0.0511112 1.11177 2
    endloop
  endfacet
  facet normal 0 0 1
    outer loop
      vertex 0.0511112 1.11177 2
      vertex 0 1.5 2
      vertex 0.0128326 1.30421 2
    endloop
  endfacet
  facet normal 0 0 1
    outer loop
      vertex 58.2 41 2
      vertex 59 40.2 2
      vertex 58.9932 40.3044 2
    endloop
  endfacet
  facet normal 0 0 1
    outer loop
      vertex 59 40.2 2
      vertex 46.4 29.5 2
      vertex 59 4.6 2
    endloop
  endfacet
  facet normal 0 0 1
    outer loop
      vertex 58.2 41 2
      vertex 58.9932 40.3044 2
      vertex 58.9727 40.4071 2
    endloop
  endfacet
  facet normal -0 0 1
    outer loop
      vertex 46.4 15.3 2
      vertex 59 4.6 2
      vertex 46.4 29.5 2
    endloop
  endfacet
  facet normal 0 0 1
    outer loop
      vertex 58.2 41 2
      vertex 58.9727 40.4071 2
      vertex 58.9391 40.5061 2
    endloop
  endfacet
  facet normal -0 0 1
    outer loop
      vertex 46.3923 15.1825 2
      vertex 59 4.6 2
      vertex 46.4 15.3 2
    endloop
  endfacet
  facet normal 0 0 1
    outer loop
      vertex 58.2 41 2
      vertex 58.9391 40.5061 2
      vertex 58.8928 40.6 2
    endloop
  endfacet
  facet normal -0 0 1
    outer loop
      vertex 46.3693 15.0671 2
      vertex 59 4.6 2
      vertex 46.3923 15.1825 2
    endloop
  endfacet
  facet normal 0 0 1
    outer loop
      vertex 58.2 41 2
      vertex 58.8928 40.6 2
      vertex 58.8347 40.687 2
    endloop
  endfacet
  facet normal -0 0 1
    outer loop
      vertex 46.3315 14.9556 2
      vertex 59 4.6 2
      vertex 46.3693 15.0671 2
    endloop
  endfacet
  facet normal 0 0 1
    outer loop
      vertex 58.2 41 2
      vertex 58.8347 40.687 2
      vertex 58.7657 40.7657 2
    endloop
  endfacet
  facet normal -0 0 1
    outer loop
      vertex 46.2794 14.85 2
      vertex 59 4.6 2
      vertex 46.3315 14.9556 2
    endloop
  endfacet
  facet normal 0 0 1
    outer loop
      vertex 58.2 41 2
      vertex 58.7657 40.7657 2
      vertex 58.687 40.8347 2
    endloop
  endfacet
  facet normal -0 0 1
    outer loop
      vertex 46.214 14.7521 2
      vertex 59 4.6 2
      vertex 46.2794 14.85 2
    endloop
  endfacet
  facet normal 0 0 1
    outer loop
      vertex 58.2 41 2
      vertex 58.687 40.8347 2
      vertex 58.6 40.8928 2
    endloop
  endfacet
  facet normal 0 0 1
    outer loop
      vertex 59 4.6 2
      vertex 58.2 3.8 2
      vertex 58.9932 4.49558 2
    endloop
  endfacet
  facet normal 0 0 1
    outer loop
      vertex 58.2 41 2
      vertex 58.6 40.8928 2
      vertex 58.5061 40.9391 2
    endloop
  endfacet
  facet normal 0 0 1
    outer loop
      vertex 58.9727 4.39294 2
      vertex 58.2 3.8 2
      vertex 58.9391 4.29385 2
    endloop
  endfacet
  facet normal 0 0 1
    outer loop
      vertex 58.2 41 2
      vertex 58.5061 40.9391 2
      vertex 58.4071 40.9727 2
    endloop
  endfacet
  facet normal 0 0 1
    outer loop
      vertex 58.9391 4.29385 2
      vertex 58.2 3.8 2
      vertex 58.8928 4.2 2
    endloop
  endfacet
  facet normal 0 0 1
    outer loop
      vertex 58.2 41 2
      vertex 58.4071 40.9727 2
      vertex 58.3044 40.9932 2
    endloop
  endfacet
  facet normal 0 0 1
    outer loop
      vertex 58.8347 4.11299 2
      vertex 58.2 3.8 2
      vertex 58.7657 4.03431 2
    endloop
  endfacet
  facet normal 0 0 1
    outer loop
      vertex 46.214 30.0479 2
      vertex 59 40.2 2
      vertex 58.2 41 2
    endloop
  endfacet
  facet normal 0 0 1
    outer loop
      vertex 58.687 3.96532 2
      vertex 58.2 3.8 2
      vertex 58.6 3.90718 2
    endloop
  endfacet
  facet normal 0 0 1
    outer loop
      vertex 58.6 3.90718 2
      vertex 58.2 3.8 2
      vertex 58.5061 3.8609 2
    endloop
  endfacet
  facet normal 0 0 1
    outer loop
      vertex 59 40.2 2
      vertex 46.3923 29.6175 2
      vertex 46.4 29.5 2
    endloop
  endfacet
  facet normal 0 0 1
    outer loop
      vertex 59 40.2 2
      vertex 46.3693 29.7329 2
      vertex 46.3923 29.6175 2
    endloop
  endfacet
  facet normal 0 0 1
    outer loop
      vertex 59 40.2 2
      vertex 46.3315 29.8444 2
      vertex 46.3693 29.7329 2
    endloop
  endfacet
  facet normal 0 0 1
    outer loop
      vertex 59 40.2 2
      vertex 46.2794 29.95 2
      vertex 46.3315 29.8444 2
    endloop
  endfacet
  facet normal 0 0 1
    outer loop
      vertex 59 40.2 2
      vertex 46.214 30.0479 2
      vertex 46.2794 29.95 2
    endloop
  endfacet
  facet normal 0 0 1
    outer loop
      vertex 58.2 41 2
      vertex 46.1364 30.1364 2
      vertex 46.214 30.0479 2
    endloop
  endfacet
  facet normal 0 0 1
    outer loop
      vertex 58.2 41 2
      vertex 46.0479 30.214 2
      vertex 46.1364 30.1364 2
    endloop
  endfacet
  facet normal 0 0 1
    outer loop
      vertex 58.2 41 2
      vertex 45.95 30.2794 2
      vertex 46.0479 30.214 2
    endloop
  endfacet
  facet normal 0 0 1
    outer loop
      vertex 58.2 41 2
      vertex 45.8444 30.3315 2
      vertex 45.95 30.2794 2
    endloop
  endfacet
  facet normal 0 0 1
    outer loop
      vertex 58.2 41 2
      vertex 45.7329 30.3693 2
      vertex 45.8444 30.3315 2
    endloop
  endfacet
  facet normal 0 0 1
    outer loop
      vertex 58.2 41 2
      vertex 45.6175 30.3923 2
      vertex 45.7329 30.3693 2
    endloop
  endfacet
  facet normal 0 0 1
    outer loop
      vertex 58.2 41 2
      vertex 45.5 30.4 2
      vertex 45.6175 30.3923 2
    endloop
  endfacet
  facet normal 0 0 1
    outer loop
      vertex 58.2 41 2
      vertex 45.3 30.4 2
      vertex 45.5 30.4 2
    endloop
  endfacet
  facet normal 0 0 1
    outer loop
      vertex 58.2 41 2
      vertex 45.1825 30.3923 2
      vertex 45.3 30.4 2
    endloop
  endfacet
  facet normal 0 0 1
    outer loop
      vertex 38.6175 30.3923 2
      vertex 45.1825 30.3923 2
      vertex 58.2 41 2
    endloop
  endfacet
  facet normal 0 0 1
    outer loop
      vertex 45.1825 30.3923 2
      vertex 38.6175 30.3923 2
      vertex 45.0671 30.3693 2
    endloop
  endfacet
  facet normal 0 0 1
    outer loop
      vertex 45.0671 30.3693 2
      vertex 38.7329 30.3693 2
      vertex 44.9556 30.3315 2
    endloop
  endfacet
  facet normal 0 -0 1
    outer loop
      vertex 38.8444 30.3315 2
      vertex 44.9556 30.3315 2
      vertex 38.7329 30.3693 2
    endloop
  endfacet
  facet normal 0 0 1
    outer loop
      vertex 44.4 29.5 2
      vertex 39.4 29.5 2
      vertex 44.4 15.3 2
    endloop
  endfacet
  facet normal 0 0 1
    outer loop
      vertex 44.4077 29.6175 2
      vertex 39.4 29.5 2
      vertex 44.4 29.5 2
    endloop
  endfacet
  facet normal 0 0 1
    outer loop
      vertex 39.3923 29.6175 2
      vertex 44.4077 29.6175 2
      vertex 44.4307 29.7329 2
    endloop
  endfacet
  facet normal 0 0 1
    outer loop
      vertex 39.3693 29.7329 2
      vertex 44.4307 29.7329 2
      vertex 44.4685 29.8444 2
    endloop
  endfacet
  facet normal 0 0 1
    outer loop
      vertex 39.3315 29.8444 2
      vertex 44.4685 29.8444 2
      vertex 44.5206 29.95 2
    endloop
  endfacet
  facet normal 0 0 1
    outer loop
      vertex 39.2794 29.95 2
      vertex 44.5206 29.95 2
      vertex 44.586 30.0479 2
    endloop
  endfacet
  facet normal 0 0 1
    outer loop
      vertex 39.214 30.0479 2
      vertex 44.586 30.0479 2
      vertex 44.6636 30.1364 2
    endloop
  endfacet
  facet normal 0 0 1
    outer loop
      vertex 39.1364 30.1364 2
      vertex 44.6636 30.1364 2
      vertex 44.7521 30.214 2
    endloop
  endfacet
  facet normal 0 0 1
    outer loop
      vertex 44.9556 30.3315 2
      vertex 38.8444 30.3315 2
      vertex 44.85 30.2794 2
    endloop
  endfacet
  facet normal 0 0 1
    outer loop
      vertex 44.4077 29.6175 2
      vertex 39.3923 29.6175 2
      vertex 39.4 29.5 2
    endloop
  endfacet
  facet normal 0 0 1
    outer loop
      vertex 44.4307 29.7329 2
      vertex 39.3693 29.7329 2
      vertex 39.3923 29.6175 2
    endloop
  endfacet
  facet normal 0 0 1
    outer loop
      vertex 44.4685 29.8444 2
      vertex 39.3315 29.8444 2
      vertex 39.3693 29.7329 2
    endloop
  endfacet
  facet normal 0 0 1
    outer loop
      vertex 44.5206 29.95 2
      vertex 39.2794 29.95 2
      vertex 39.3315 29.8444 2
    endloop
  endfacet
  facet normal 0 0 1
    outer loop
      vertex 44.586 30.0479 2
      vertex 39.214 30.0479 2
      vertex 39.2794 29.95 2
    endloop
  endfacet
  facet normal 0 0 1
    outer loop
      vertex 44.6636 30.1364 2
      vertex 39.1364 30.1364 2
      vertex 39.214 30.0479 2
    endloop
  endfacet
  facet normal 0 0 1
    outer loop
      vertex 44.7521 30.214 2
      vertex 39.0479 30.214 2
      vertex 39.1364 30.1364 2
    endloop
  endfacet
  facet normal 0 0 1
    outer loop
      vertex 44.7521 30.214 2
      vertex 38.95 30.2794 2
      vertex 39.0479 30.214 2
    endloop
  endfacet
  facet normal 0 0 1
    outer loop
      vertex 44.85 30.2794 2
      vertex 38.95 30.2794 2
      vertex 44.7521 30.214 2
    endloop
  endfacet
  facet normal 0 -0 1
    outer loop
      vertex 38.95 30.2794 2
      vertex 44.85 30.2794 2
      vertex 38.8444 30.3315 2
    endloop
  endfacet
  facet normal 0 0 1
    outer loop
      vertex 45.0671 30.3693 2
      vertex 38.6175 30.3923 2
      vertex 38.7329 30.3693 2
    endloop
  endfacet
  facet normal 0 0 1
    outer loop
      vertex 58.2 41 2
      vertex 38.5 30.4 2
      vertex 38.6175 30.3923 2
    endloop
  endfacet
  facet normal 0 0 1
    outer loop
      vertex 58.2 41 2
      vertex 38.3 30.4 2
      vertex 38.5 30.4 2
    endloop
  endfacet
  facet normal 0 0 1
    outer loop
      vertex 58.2 41 2
      vertex 38.1825 30.3923 2
      vertex 38.3 30.4 2
    endloop
  endfacet
  facet normal 0 0 1
    outer loop
      vertex 31.6175 30.3923 2
      vertex 38.1825 30.3923 2
      vertex 58.2 41 2
    endloop
  endfacet
  facet normal 0 0 1
    outer loop
      vertex 38.1825 30.3923 2
      vertex 31.6175 30.3923 2
      vertex 38.0671 30.3693 2
    endloop
  endfacet
  facet normal 0 -0 1
    outer loop
      vertex 31.7329 30.3693 2
      vertex 38.0671 30.3693 2
      vertex 31.6175 30.3923 2
    endloop
  endfacet
  facet normal 0 0 1
    outer loop
      vertex 37.4 29.5 2
      vertex 32.4 29.5 2
      vertex 37.4 15.3 2
    endloop
  endfacet
  facet normal 0 0 1
    outer loop
      vertex 37.4077 29.6175 2
      vertex 32.4 29.5 2
      vertex 37.4 29.5 2
    endloop
  endfacet
  facet normal 0 0 1
    outer loop
      vertex 32.3923 29.6175 2
      vertex 37.4077 29.6175 2
      vertex 37.4307 29.7329 2
    endloop
  endfacet
  facet normal 0 0 1
    outer loop
      vertex 32.3693 29.7329 2
      vertex 37.4307 29.7329 2
      vertex 37.4685 29.8444 2
    endloop
  endfacet
  facet normal 0 0 1
    outer loop
      vertex 32.3315 29.8444 2
      vertex 37.4685 29.8444 2
      vertex 37.5206 29.95 2
    endloop
  endfacet
  facet normal 0 0 1
    outer loop
      vertex 32.2794 29.95 2
      vertex 37.5206 29.95 2
      vertex 37.586 30.0479 2
    endloop
  endfacet
  facet normal 0 0 1
    outer loop
      vertex 32.214 30.0479 2
      vertex 37.586 30.0479 2
      vertex 37.6636 30.1364 2
    endloop
  endfacet
  facet normal 0 0 1
    outer loop
      vertex 32.1364 30.1364 2
      vertex 37.6636 30.1364 2
      vertex 37.7521 30.214 2
    endloop
  endfacet
  facet normal 0 0 1
    outer loop
      vertex 32.0479 30.214 2
      vertex 37.7521 30.214 2
      vertex 37.85 30.2794 2
    endloop
  endfacet
  facet normal 0 0 1
    outer loop
      vertex 38.0671 30.3693 2
      vertex 31.7329 30.3693 2
      vertex 37.9556 30.3315 2
    endloop
  endfacet
  facet normal 0 0 1
    outer loop
      vertex 37.4077 29.6175 2
      vertex 32.3923 29.6175 2
      vertex 32.4 29.5 2
    endloop
  endfacet
  facet normal 0 0 1
    outer loop
      vertex 37.4307 29.7329 2
      vertex 32.3693 29.7329 2
      vertex 32.3923 29.6175 2
    endloop
  endfacet
  facet normal 0 0 1
    outer loop
      vertex 37.4685 29.8444 2
      vertex 32.3315 29.8444 2
      vertex 32.3693 29.7329 2
    endloop
  endfacet
  facet normal 0 0 1
    outer loop
      vertex 37.5206 29.95 2
      vertex 32.2794 29.95 2
      vertex 32.3315 29.8444 2
    endloop
  endfacet
  facet normal 0 0 1
    outer loop
      vertex 37.586 30.0479 2
      vertex 32.214 30.0479 2
      vertex 32.2794 29.95 2
    endloop
  endfacet
  facet normal 0 0 1
    outer loop
      vertex 37.6636 30.1364 2
      vertex 32.1364 30.1364 2
      vertex 32.214 30.0479 2
    endloop
  endfacet
  facet normal 0 0 1
    outer loop
      vertex 37.7521 30.214 2
      vertex 32.0479 30.214 2
      vertex 32.1364 30.1364 2
    endloop
  endfacet
  facet normal 0 0 1
    outer loop
      vertex 37.85 30.2794 2
      vertex 31.95 30.2794 2
      vertex 32.0479 30.214 2
    endloop
  endfacet
  facet normal 0 0 1
    outer loop
      vertex 37.85 30.2794 2
      vertex 31.8444 30.3315 2
      vertex 31.95 30.2794 2
    endloop
  endfacet
  facet normal 0 0 1
    outer loop
      vertex 37.9556 30.3315 2
      vertex 31.8444 30.3315 2
      vertex 37.85 30.2794 2
    endloop
  endfacet
  facet normal 0 -0 1
    outer loop
      vertex 31.8444 30.3315 2
      vertex 37.9556 30.3315 2
      vertex 31.7329 30.3693 2
    endloop
  endfacet
  facet normal 0 0 1
    outer loop
      vertex 58.2 41 2
      vertex 31.5 30.4 2
      vertex 31.6175 30.3923 2
    endloop
  endfacet
  facet normal 0 0 1
    outer loop
      vertex 58.2 41 2
      vertex 31.3 30.4 2
      vertex 31.5 30.4 2
    endloop
  endfacet
  facet normal -0 0 1
    outer loop
      vertex 4.6 41 2
      vertex 31.3 30.4 2
      vertex 58.2 41 2
    endloop
  endfacet
  facet normal 0 0 1
    outer loop
      vertex 31.3 30.4 2
      vertex 4.6 41 2
      vertex 31.1825 30.3923 2
    endloop
  endfacet
  facet normal 0 -0 1
    outer loop
      vertex 24.6175 30.3923 2
      vertex 31.1825 30.3923 2
      vertex 4.6 41 2
    endloop
  endfacet
  facet normal 0 0 1
    outer loop
      vertex 30.4 29.5 2
      vertex 25.4 29.5 2
      vertex 30.4 15.3 2
    endloop
  endfacet
  facet normal 0 0 1
    outer loop
      vertex 30.4077 29.6175 2
      vertex 25.4 29.5 2
      vertex 30.4 29.5 2
    endloop
  endfacet
  facet normal 0 0 1
    outer loop
      vertex 25.3923 29.6175 2
      vertex 30.4077 29.6175 2
      vertex 30.4307 29.7329 2
    endloop
  endfacet
  facet normal 0 0 1
    outer loop
      vertex 25.3693 29.7329 2
      vertex 30.4307 29.7329 2
      vertex 30.4685 29.8444 2
    endloop
  endfacet
  facet normal 0 0 1
    outer loop
      vertex 25.3315 29.8444 2
      vertex 30.4685 29.8444 2
      vertex 30.5206 29.95 2
    endloop
  endfacet
  facet normal 0 0 1
    outer loop
      vertex 25.2794 29.95 2
      vertex 30.5206 29.95 2
      vertex 30.586 30.0479 2
    endloop
  endfacet
  facet normal 0 0 1
    outer loop
      vertex 25.214 30.0479 2
      vertex 30.586 30.0479 2
      vertex 30.6636 30.1364 2
    endloop
  endfacet
  facet normal 0 0 1
    outer loop
      vertex 25.1364 30.1364 2
      vertex 30.6636 30.1364 2
      vertex 30.7521 30.214 2
    endloop
  endfacet
  facet normal 0 0 1
    outer loop
      vertex 25.0479 30.214 2
      vertex 30.7521 30.214 2
      vertex 30.85 30.2794 2
    endloop
  endfacet
  facet normal 0 0 1
    outer loop
      vertex 24.95 30.2794 2
      vertex 30.85 30.2794 2
      vertex 30.9556 30.3315 2
    endloop
  endfacet
  facet normal 0 0 1
    outer loop
      vertex 31.1825 30.3923 2
      vertex 24.6175 30.3923 2
      vertex 31.0671 30.3693 2
    endloop
  endfacet
  facet normal 0 0 1
    outer loop
      vertex 30.4077 29.6175 2
      vertex 25.3923 29.6175 2
      vertex 25.4 29.5 2
    endloop
  endfacet
  facet normal 0 0 1
    outer loop
      vertex 30.4307 29.7329 2
      vertex 25.3693 29.7329 2
      vertex 25.3923 29.6175 2
    endloop
  endfacet
  facet normal 0 0 1
    outer loop
      vertex 30.4685 29.8444 2
      vertex 25.3315 29.8444 2
      vertex 25.3693 29.7329 2
    endloop
  endfacet
  facet normal 0 0 1
    outer loop
      vertex 30.5206 29.95 2
      vertex 25.2794 29.95 2
      vertex 25.3315 29.8444 2
    endloop
  endfacet
  facet normal 0 0 1
    outer loop
      vertex 30.586 30.0479 2
      vertex 25.214 30.0479 2
      vertex 25.2794 29.95 2
    endloop
  endfacet
  facet normal 0 0 1
    outer loop
      vertex 30.6636 30.1364 2
      vertex 25.1364 30.1364 2
      vertex 25.214 30.0479 2
    endloop
  endfacet
  facet normal 0 0 1
    outer loop
      vertex 30.7521 30.214 2
      vertex 25.0479 30.214 2
      vertex 25.1364 30.1364 2
    endloop
  endfacet
  facet normal 0 0 1
    outer loop
      vertex 30.85 30.2794 2
      vertex 24.95 30.2794 2
      vertex 25.0479 30.214 2
    endloop
  endfacet
  facet normal 0 0 1
    outer loop
      vertex 30.9556 30.3315 2
      vertex 24.8444 30.3315 2
      vertex 24.95 30.2794 2
    endloop
  endfacet
  facet normal 0 0 1
    outer loop
      vertex 30.9556 30.3315 2
      vertex 24.7329 30.3693 2
      vertex 24.8444 30.3315 2
    endloop
  endfacet
  facet normal 0 0 1
    outer loop
      vertex 31.0671 30.3693 2
      vertex 24.7329 30.3693 2
      vertex 30.9556 30.3315 2
    endloop
  endfacet
  facet normal 0 -0 1
    outer loop
      vertex 24.7329 30.3693 2
      vertex 31.0671 30.3693 2
      vertex 24.6175 30.3923 2
    endloop
  endfacet
  facet normal 0 0 1
    outer loop
      vertex 24.6175 30.3923 2
      vertex 4.6 41 2
      vertex 24.5 30.4 2
    endloop
  endfacet
  facet normal 0 0 1
    outer loop
      vertex 24.5 30.4 2
      vertex 4.6 41 2
      vertex 24.3 30.4 2
    endloop
  endfacet
  facet normal 0 0 1
    outer loop
      vertex 24.3 30.4 2
      vertex 4.6 41 2
      vertex 24.1825 30.3923 2
    endloop
  endfacet
  facet normal 0 0 1
    outer loop
      vertex 23.4 29.5 2
      vertex 18.4 29.5 2
      vertex 23.4 15.3 2
    endloop
  endfacet
  facet normal 0 0 1
    outer loop
      vertex 23.4077 29.6175 2
      vertex 18.4 29.5 2
      vertex 23.4 29.5 2
    endloop
  endfacet
  facet normal 0 0 1
    outer loop
      vertex 18.3923 29.6175 2
      vertex 23.4077 29.6175 2
      vertex 23.4307 29.7329 2
    endloop
  endfacet
  facet normal 0 0 1
    outer loop
      vertex 18.3693 29.7329 2
      vertex 23.4307 29.7329 2
      vertex 23.4685 29.8444 2
    endloop
  endfacet
  facet normal 0 0 1
    outer loop
      vertex 18.3315 29.8444 2
      vertex 23.4685 29.8444 2
      vertex 23.5206 29.95 2
    endloop
  endfacet
  facet normal 0 0 1
    outer loop
      vertex 18.2794 29.95 2
      vertex 23.5206 29.95 2
      vertex 23.586 30.0479 2
    endloop
  endfacet
  facet normal 0 0 1
    outer loop
      vertex 18.214 30.0479 2
      vertex 23.586 30.0479 2
      vertex 23.6636 30.1364 2
    endloop
  endfacet
  facet normal 0 0 1
    outer loop
      vertex 18.1364 30.1364 2
      vertex 23.6636 30.1364 2
      vertex 23.7521 30.214 2
    endloop
  endfacet
  facet normal 0 0 1
    outer loop
      vertex 18.0479 30.214 2
      vertex 23.7521 30.214 2
      vertex 23.85 30.2794 2
    endloop
  endfacet
  facet normal 0 0 1
    outer loop
      vertex 17.95 30.2794 2
      vertex 23.85 30.2794 2
      vertex 23.9556 30.3315 2
    endloop
  endfacet
  facet normal 0 0 1
    outer loop
      vertex 17.8444 30.3315 2
      vertex 23.9556 30.3315 2
      vertex 24.0671 30.3693 2
    endloop
  endfacet
  facet normal 0 -0 1
    outer loop
      vertex 17.6175 30.3923 2
      vertex 24.1825 30.3923 2
      vertex 4.6 41 2
    endloop
  endfacet
  facet normal 0 0 1
    outer loop
      vertex 23.4077 29.6175 2
      vertex 18.3923 29.6175 2
      vertex 18.4 29.5 2
    endloop
  endfacet
  facet normal 0 0 1
    outer loop
      vertex 23.4307 29.7329 2
      vertex 18.3693 29.7329 2
      vertex 18.3923 29.6175 2
    endloop
  endfacet
  facet normal 0 0 1
    outer loop
      vertex 23.4685 29.8444 2
      vertex 18.3315 29.8444 2
      vertex 18.3693 29.7329 2
    endloop
  endfacet
  facet normal 0 0 1
    outer loop
      vertex 23.5206 29.95 2
      vertex 18.2794 29.95 2
      vertex 18.3315 29.8444 2
    endloop
  endfacet
  facet normal 0 0 1
    outer loop
      vertex 23.586 30.0479 2
      vertex 18.214 30.0479 2
      vertex 18.2794 29.95 2
    endloop
  endfacet
  facet normal 0 0 1
    outer loop
      vertex 23.6636 30.1364 2
      vertex 18.1364 30.1364 2
      vertex 18.214 30.0479 2
    endloop
  endfacet
  facet normal 0 0 1
    outer loop
      vertex 23.7521 30.214 2
      vertex 18.0479 30.214 2
      vertex 18.1364 30.1364 2
    endloop
  endfacet
  facet normal 0 0 1
    outer loop
      vertex 23.85 30.2794 2
      vertex 17.95 30.2794 2
      vertex 18.0479 30.214 2
    endloop
  endfacet
  facet normal 0 0 1
    outer loop
      vertex 23.9556 30.3315 2
      vertex 17.8444 30.3315 2
      vertex 17.95 30.2794 2
    endloop
  endfacet
  facet normal 0 0 1
    outer loop
      vertex 24.1825 30.3923 2
      vertex 17.6175 30.3923 2
      vertex 24.0671 30.3693 2
    endloop
  endfacet
  facet normal 0 0 1
    outer loop
      vertex 24.0671 30.3693 2
      vertex 17.7329 30.3693 2
      vertex 17.8444 30.3315 2
    endloop
  endfacet
  facet normal 0 0 1
    outer loop
      vertex 24.0671 30.3693 2
      vertex 17.6175 30.3923 2
      vertex 17.7329 30.3693 2
    endloop
  endfacet
  facet normal 0 0 1
    outer loop
      vertex 17.6175 30.3923 2
      vertex 4.6 41 2
      vertex 17.5 30.4 2
    endloop
  endfacet
  facet normal 0 0 1
    outer loop
      vertex 17.5 30.4 2
      vertex 4.6 41 2
      vertex 17.3 30.4 2
    endloop
  endfacet
  facet normal 0 0 1
    outer loop
      vertex 17.3 30.4 2
      vertex 4.6 41 2
      vertex 17.1825 30.3923 2
    endloop
  endfacet
  facet normal 0 0 1
    outer loop
      vertex 16.4077 29.6175 2
      vertex 3.8 40.2 2
      vertex 16.4 29.5 2
    endloop
  endfacet
  facet normal 0 0 1
    outer loop
      vertex 16.4307 29.7329 2
      vertex 3.8 40.2 2
      vertex 16.4077 29.6175 2
    endloop
  endfacet
  facet normal 0 0 1
    outer loop
      vertex 16.4685 29.8444 2
      vertex 3.8 40.2 2
      vertex 16.4307 29.7329 2
    endloop
  endfacet
  facet normal 0 0 1
    outer loop
      vertex 16.5206 29.95 2
      vertex 3.8 40.2 2
      vertex 16.4685 29.8444 2
    endloop
  endfacet
  facet normal 0 0 1
    outer loop
      vertex 16.586 30.0479 2
      vertex 3.8 40.2 2
      vertex 16.5206 29.95 2
    endloop
  endfacet
  facet normal -0 0 1
    outer loop
      vertex 3.8 40.2 2
      vertex 16.586 30.0479 2
      vertex 4.6 41 2
    endloop
  endfacet
  facet normal 0 0 1
    outer loop
      vertex 16.6636 30.1364 2
      vertex 4.6 41 2
      vertex 16.586 30.0479 2
    endloop
  endfacet
  facet normal 0 0 1
    outer loop
      vertex 16.7521 30.214 2
      vertex 4.6 41 2
      vertex 16.6636 30.1364 2
    endloop
  endfacet
  facet normal 0 0 1
    outer loop
      vertex 16.85 30.2794 2
      vertex 4.6 41 2
      vertex 16.7521 30.214 2
    endloop
  endfacet
  facet normal 0 0 1
    outer loop
      vertex 16.9556 30.3315 2
      vertex 4.6 41 2
      vertex 16.85 30.2794 2
    endloop
  endfacet
  facet normal 0 0 1
    outer loop
      vertex 17.0671 30.3693 2
      vertex 4.6 41 2
      vertex 16.9556 30.3315 2
    endloop
  endfacet
  facet normal 0 0 1
    outer loop
      vertex 17.1825 30.3923 2
      vertex 4.6 41 2
      vertex 17.0671 30.3693 2
    endloop
  endfacet
  facet normal 0 0 1
    outer loop
      vertex 58.4071 3.82726 2
      vertex 58.2 3.8 2
      vertex 58.3044 3.80684 2
    endloop
  endfacet
  facet normal 0 0 1
    outer loop
      vertex 58.5061 3.8609 2
      vertex 58.2 3.8 2
      vertex 58.4071 3.82726 2
    endloop
  endfacet
  facet normal 0 0 1
    outer loop
      vertex 58.7657 4.03431 2
      vertex 58.2 3.8 2
      vertex 58.687 3.96532 2
    endloop
  endfacet
  facet normal 0 0 1
    outer loop
      vertex 58.8928 4.2 2
      vertex 58.2 3.8 2
      vertex 58.8347 4.11299 2
    endloop
  endfacet
  facet normal 0 0 1
    outer loop
      vertex 58.9932 4.49558 2
      vertex 58.2 3.8 2
      vertex 58.9727 4.39294 2
    endloop
  endfacet
  facet normal 0 0 1
    outer loop
      vertex 59 4.6 2
      vertex 46.214 14.7521 2
      vertex 58.2 3.8 2
    endloop
  endfacet
  facet normal -0 0 1
    outer loop
      vertex 46.1364 14.6636 2
      vertex 58.2 3.8 2
      vertex 46.214 14.7521 2
    endloop
  endfacet
  facet normal -0 0 1
    outer loop
      vertex 46.0479 14.586 2
      vertex 58.2 3.8 2
      vertex 46.1364 14.6636 2
    endloop
  endfacet
  facet normal -0 0 1
    outer loop
      vertex 45.95 14.5206 2
      vertex 58.2 3.8 2
      vertex 46.0479 14.586 2
    endloop
  endfacet
  facet normal -0 0 1
    outer loop
      vertex 45.8444 14.4685 2
      vertex 58.2 3.8 2
      vertex 45.95 14.5206 2
    endloop
  endfacet
  facet normal -0 0 1
    outer loop
      vertex 45.7329 14.4307 2
      vertex 58.2 3.8 2
      vertex 45.8444 14.4685 2
    endloop
  endfacet
  facet normal -0 0 1
    outer loop
      vertex 45.6175 14.4077 2
      vertex 58.2 3.8 2
      vertex 45.7329 14.4307 2
    endloop
  endfacet
  facet normal -0 0 1
    outer loop
      vertex 45.5 14.4 2
      vertex 58.2 3.8 2
      vertex 45.6175 14.4077 2
    endloop
  endfacet
  facet normal -0 0 1
    outer loop
      vertex 45.3 14.4 2
      vertex 58.2 3.8 2
      vertex 45.5 14.4 2
    endloop
  endfacet
  facet normal 0 0 1
    outer loop
      vertex 45.1825 14.4077 2
      vertex 58.2 3.8 2
      vertex 45.3 14.4 2
    endloop
  endfacet
  facet normal 0 0 1
    outer loop
      vertex 38.6175 14.4077 2
      vertex 45.1825 14.4077 2
      vertex 45.0671 14.4307 2
    endloop
  endfacet
  facet normal 0 0 1
    outer loop
      vertex 38.7329 14.4307 2
      vertex 45.0671 14.4307 2
      vertex 44.9556 14.4685 2
    endloop
  endfacet
  facet normal 0 0 1
    outer loop
      vertex 38.8444 14.4685 2
      vertex 44.9556 14.4685 2
      vertex 44.85 14.5206 2
    endloop
  endfacet
  facet normal 0 0 1
    outer loop
      vertex 38.95 14.5206 2
      vertex 44.85 14.5206 2
      vertex 44.7521 14.586 2
    endloop
  endfacet
  facet normal 0 0 1
    outer loop
      vertex 39.4 15.3 2
      vertex 44.4 15.3 2
      vertex 39.4 29.5 2
    endloop
  endfacet
  facet normal 0 0 1
    outer loop
      vertex 44.4 15.3 2
      vertex 39.4 15.3 2
      vertex 44.4077 15.1825 2
    endloop
  endfacet
  facet normal 0 0 1
    outer loop
      vertex 39.3923 15.1825 2
      vertex 44.4077 15.1825 2
      vertex 39.4 15.3 2
    endloop
  endfacet
  facet normal 0 0 1
    outer loop
      vertex 44.4077 15.1825 2
      vertex 39.3923 15.1825 2
      vertex 44.4307 15.0671 2
    endloop
  endfacet
  facet normal 0 0 1
    outer loop
      vertex 39.3693 15.0671 2
      vertex 44.4307 15.0671 2
      vertex 39.3923 15.1825 2
    endloop
  endfacet
  facet normal 0 0 1
    outer loop
      vertex 44.4307 15.0671 2
      vertex 39.3693 15.0671 2
      vertex 44.4685 14.9556 2
    endloop
  endfacet
  facet normal 0 0 1
    outer loop
      vertex 39.3315 14.9556 2
      vertex 44.4685 14.9556 2
      vertex 39.3693 15.0671 2
    endloop
  endfacet
  facet normal 0 0 1
    outer loop
      vertex 44.4685 14.9556 2
      vertex 39.3315 14.9556 2
      vertex 44.5206 14.85 2
    endloop
  endfacet
  facet normal 0 0 1
    outer loop
      vertex 39.2794 14.85 2
      vertex 44.5206 14.85 2
      vertex 39.3315 14.9556 2
    endloop
  endfacet
  facet normal 0 0 1
    outer loop
      vertex 44.5206 14.85 2
      vertex 39.2794 14.85 2
      vertex 44.586 14.7521 2
    endloop
  endfacet
  facet normal 0 0 1
    outer loop
      vertex 39.214 14.7521 2
      vertex 44.586 14.7521 2
      vertex 39.2794 14.85 2
    endloop
  endfacet
  facet normal 0 0 1
    outer loop
      vertex 44.586 14.7521 2
      vertex 39.214 14.7521 2
      vertex 44.6636 14.6636 2
    endloop
  endfacet
  facet normal 0 0 1
    outer loop
      vertex 39.1364 14.6636 2
      vertex 44.6636 14.6636 2
      vertex 39.214 14.7521 2
    endloop
  endfacet
  facet normal 0 0 1
    outer loop
      vertex 44.6636 14.6636 2
      vertex 39.1364 14.6636 2
      vertex 44.7521 14.586 2
    endloop
  endfacet
  facet normal 0 0 1
    outer loop
      vertex 39.0479 14.586 2
      vertex 44.7521 14.586 2
      vertex 39.1364 14.6636 2
    endloop
  endfacet
  facet normal 0 0 1
    outer loop
      vertex 38.95 14.5206 2
      vertex 44.7521 14.586 2
      vertex 39.0479 14.586 2
    endloop
  endfacet
  facet normal 0 0 1
    outer loop
      vertex 44.85 14.5206 2
      vertex 38.95 14.5206 2
      vertex 38.8444 14.4685 2
    endloop
  endfacet
  facet normal 0 0 1
    outer loop
      vertex 44.9556 14.4685 2
      vertex 38.8444 14.4685 2
      vertex 38.7329 14.4307 2
    endloop
  endfacet
  facet normal 0 0 1
    outer loop
      vertex 38.6175 14.4077 2
      vertex 45.0671 14.4307 2
      vertex 38.7329 14.4307 2
    endloop
  endfacet
  facet normal 0 0 1
    outer loop
      vertex 45.1825 14.4077 2
      vertex 38.6175 14.4077 2
      vertex 58.2 3.8 2
    endloop
  endfacet
  facet normal -0 0 1
    outer loop
      vertex 38.5 14.4 2
      vertex 58.2 3.8 2
      vertex 38.6175 14.4077 2
    endloop
  endfacet
  facet normal -0 0 1
    outer loop
      vertex 38.3 14.4 2
      vertex 58.2 3.8 2
      vertex 38.5 14.4 2
    endloop
  endfacet
  facet normal 0 0 1
    outer loop
      vertex 38.1825 14.4077 2
      vertex 58.2 3.8 2
      vertex 38.3 14.4 2
    endloop
  endfacet
  facet normal 0 0 1
    outer loop
      vertex 31.6175 14.4077 2
      vertex 38.1825 14.4077 2
      vertex 38.0671 14.4307 2
    endloop
  endfacet
  facet normal 0 0 1
    outer loop
      vertex 31.7329 14.4307 2
      vertex 38.0671 14.4307 2
      vertex 37.9556 14.4685 2
    endloop
  endfacet
  facet normal 0 0 1
    outer loop
      vertex 31.8444 14.4685 2
      vertex 37.9556 14.4685 2
      vertex 37.85 14.5206 2
    endloop
  endfacet
  facet normal 0 0 1
    outer loop
      vertex 32.4 15.3 2
      vertex 37.4 15.3 2
      vertex 32.4 29.5 2
    endloop
  endfacet
  facet normal 0 0 1
    outer loop
      vertex 37.4 15.3 2
      vertex 32.4 15.3 2
      vertex 37.4077 15.1825 2
    endloop
  endfacet
  facet normal 0 0 1
    outer loop
      vertex 32.3923 15.1825 2
      vertex 37.4077 15.1825 2
      vertex 32.4 15.3 2
    endloop
  endfacet
  facet normal 0 0 1
    outer loop
      vertex 37.4077 15.1825 2
      vertex 32.3923 15.1825 2
      vertex 37.4307 15.0671 2
    endloop
  endfacet
  facet normal 0 0 1
    outer loop
      vertex 32.3693 15.0671 2
      vertex 37.4307 15.0671 2
      vertex 32.3923 15.1825 2
    endloop
  endfacet
  facet normal 0 0 1
    outer loop
      vertex 37.4307 15.0671 2
      vertex 32.3693 15.0671 2
      vertex 37.4685 14.9556 2
    endloop
  endfacet
  facet normal 0 0 1
    outer loop
      vertex 32.3315 14.9556 2
      vertex 37.4685 14.9556 2
      vertex 32.3693 15.0671 2
    endloop
  endfacet
  facet normal 0 0 1
    outer loop
      vertex 37.4685 14.9556 2
      vertex 32.3315 14.9556 2
      vertex 37.5206 14.85 2
    endloop
  endfacet
  facet normal 0 0 1
    outer loop
      vertex 32.2794 14.85 2
      vertex 37.5206 14.85 2
      vertex 32.3315 14.9556 2
    endloop
  endfacet
  facet normal 0 0 1
    outer loop
      vertex 37.5206 14.85 2
      vertex 32.2794 14.85 2
      vertex 37.586 14.7521 2
    endloop
  endfacet
  facet normal 0 0 1
    outer loop
      vertex 32.214 14.7521 2
      vertex 37.586 14.7521 2
      vertex 32.2794 14.85 2
    endloop
  endfacet
  facet normal 0 0 1
    outer loop
      vertex 37.586 14.7521 2
      vertex 32.214 14.7521 2
      vertex 37.6636 14.6636 2
    endloop
  endfacet
  facet normal 0 0 1
    outer loop
      vertex 32.1364 14.6636 2
      vertex 37.6636 14.6636 2
      vertex 32.214 14.7521 2
    endloop
  endfacet
  facet normal 0 0 1
    outer loop
      vertex 37.6636 14.6636 2
      vertex 32.1364 14.6636 2
      vertex 37.7521 14.586 2
    endloop
  endfacet
  facet normal 0 0 1
    outer loop
      vertex 32.0479 14.586 2
      vertex 37.7521 14.586 2
      vertex 32.1364 14.6636 2
    endloop
  endfacet
  facet normal 0 0 1
    outer loop
      vertex 37.7521 14.586 2
      vertex 32.0479 14.586 2
      vertex 37.85 14.5206 2
    endloop
  endfacet
  facet normal 0 0 1
    outer loop
      vertex 31.95 14.5206 2
      vertex 37.85 14.5206 2
      vertex 32.0479 14.586 2
    endloop
  endfacet
  facet normal 0 0 1
    outer loop
      vertex 31.8444 14.4685 2
      vertex 37.85 14.5206 2
      vertex 31.95 14.5206 2
    endloop
  endfacet
  facet normal 0 0 1
    outer loop
      vertex 37.9556 14.4685 2
      vertex 31.8444 14.4685 2
      vertex 31.7329 14.4307 2
    endloop
  endfacet
  facet normal 0 0 1
    outer loop
      vertex 38.0671 14.4307 2
      vertex 31.7329 14.4307 2
      vertex 31.6175 14.4077 2
    endloop
  endfacet
  facet normal 0 0 1
    outer loop
      vertex 38.1825 14.4077 2
      vertex 31.6175 14.4077 2
      vertex 58.2 3.8 2
    endloop
  endfacet
  facet normal -0 0 1
    outer loop
      vertex 31.5 14.4 2
      vertex 58.2 3.8 2
      vertex 31.6175 14.4077 2
    endloop
  endfacet
  facet normal -0 0 1
    outer loop
      vertex 31.3 14.4 2
      vertex 58.2 3.8 2
      vertex 31.5 14.4 2
    endloop
  endfacet
  facet normal 0 0 1
    outer loop
      vertex 4.6 3.8 2
      vertex 31.3 14.4 2
      vertex 31.1825 14.4077 2
    endloop
  endfacet
  facet normal 0 0 1
    outer loop
      vertex 24.6175 14.4077 2
      vertex 31.1825 14.4077 2
      vertex 31.0671 14.4307 2
    endloop
  endfacet
  facet normal 0 0 1
    outer loop
      vertex 24.7329 14.4307 2
      vertex 31.0671 14.4307 2
      vertex 30.9556 14.4685 2
    endloop
  endfacet
  facet normal 0 0 1
    outer loop
      vertex 25.4 15.3 2
      vertex 30.4 15.3 2
      vertex 25.4 29.5 2
    endloop
  endfacet
  facet normal 0 0 1
    outer loop
      vertex 30.4 15.3 2
      vertex 25.4 15.3 2
      vertex 30.4077 15.1825 2
    endloop
  endfacet
  facet normal 0 0 1
    outer loop
      vertex 25.3923 15.1825 2
      vertex 30.4077 15.1825 2
      vertex 25.4 15.3 2
    endloop
  endfacet
  facet normal 0 0 1
    outer loop
      vertex 30.4077 15.1825 2
      vertex 25.3923 15.1825 2
      vertex 30.4307 15.0671 2
    endloop
  endfacet
  facet normal 0 0 1
    outer loop
      vertex 25.3693 15.0671 2
      vertex 30.4307 15.0671 2
      vertex 25.3923 15.1825 2
    endloop
  endfacet
  facet normal 0 0 1
    outer loop
      vertex 30.4307 15.0671 2
      vertex 25.3693 15.0671 2
      vertex 30.4685 14.9556 2
    endloop
  endfacet
  facet normal 0 0 1
    outer loop
      vertex 25.3315 14.9556 2
      vertex 30.4685 14.9556 2
      vertex 25.3693 15.0671 2
    endloop
  endfacet
  facet normal 0 0 1
    outer loop
      vertex 30.4685 14.9556 2
      vertex 25.3315 14.9556 2
      vertex 30.5206 14.85 2
    endloop
  endfacet
  facet normal 0 0 1
    outer loop
      vertex 25.2794 14.85 2
      vertex 30.5206 14.85 2
      vertex 25.3315 14.9556 2
    endloop
  endfacet
  facet normal 0 0 1
    outer loop
      vertex 30.5206 14.85 2
      vertex 25.2794 14.85 2
      vertex 30.586 14.7521 2
    endloop
  endfacet
  facet normal 0 0 1
    outer loop
      vertex 25.214 14.7521 2
      vertex 30.586 14.7521 2
      vertex 25.2794 14.85 2
    endloop
  endfacet
  facet normal 0 0 1
    outer loop
      vertex 30.586 14.7521 2
      vertex 25.214 14.7521 2
      vertex 30.6636 14.6636 2
    endloop
  endfacet
  facet normal 0 0 1
    outer loop
      vertex 25.1364 14.6636 2
      vertex 30.6636 14.6636 2
      vertex 25.214 14.7521 2
    endloop
  endfacet
  facet normal 0 0 1
    outer loop
      vertex 30.6636 14.6636 2
      vertex 25.1364 14.6636 2
      vertex 30.7521 14.586 2
    endloop
  endfacet
  facet normal 0 0 1
    outer loop
      vertex 25.0479 14.586 2
      vertex 30.7521 14.586 2
      vertex 25.1364 14.6636 2
    endloop
  endfacet
  facet normal 0 0 1
    outer loop
      vertex 30.7521 14.586 2
      vertex 25.0479 14.586 2
      vertex 30.85 14.5206 2
    endloop
  endfacet
  facet normal 0 0 1
    outer loop
      vertex 24.95 14.5206 2
      vertex 30.85 14.5206 2
      vertex 25.0479 14.586 2
    endloop
  endfacet
  facet normal 0 0 1
    outer loop
      vertex 30.85 14.5206 2
      vertex 24.95 14.5206 2
      vertex 30.9556 14.4685 2
    endloop
  endfacet
  facet normal 0 0 1
    outer loop
      vertex 24.8444 14.4685 2
      vertex 30.9556 14.4685 2
      vertex 24.95 14.5206 2
    endloop
  endfacet
  facet normal 0 0 1
    outer loop
      vertex 24.7329 14.4307 2
      vertex 30.9556 14.4685 2
      vertex 24.8444 14.4685 2
    endloop
  endfacet
  facet normal 0 0 1
    outer loop
      vertex 31.0671 14.4307 2
      vertex 24.7329 14.4307 2
      vertex 24.6175 14.4077 2
    endloop
  endfacet
  facet normal 0 0 1
    outer loop
      vertex 31.1825 14.4077 2
      vertex 24.6175 14.4077 2
      vertex 4.6 3.8 2
    endloop
  endfacet
  facet normal 0 0 1
    outer loop
      vertex 4.6 3.8 2
      vertex 24.6175 14.4077 2
      vertex 24.5 14.4 2
    endloop
  endfacet
  facet normal 0 0 1
    outer loop
      vertex 4.6 3.8 2
      vertex 24.5 14.4 2
      vertex 24.3 14.4 2
    endloop
  endfacet
  facet normal 0 0 1
    outer loop
      vertex 4.6 3.8 2
      vertex 24.3 14.4 2
      vertex 24.1825 14.4077 2
    endloop
  endfacet
  facet normal 0 0 1
    outer loop
      vertex 17.6175 14.4077 2
      vertex 24.1825 14.4077 2
      vertex 24.0671 14.4307 2
    endloop
  endfacet
  facet normal 0 0 1
    outer loop
      vertex 18.4 15.3 2
      vertex 23.4 15.3 2
      vertex 18.4 29.5 2
    endloop
  endfacet
  facet normal 0 0 1
    outer loop
      vertex 23.4 15.3 2
      vertex 18.4 15.3 2
      vertex 23.4077 15.1825 2
    endloop
  endfacet
  facet normal 0 0 1
    outer loop
      vertex 18.3923 15.1825 2
      vertex 23.4077 15.1825 2
      vertex 18.4 15.3 2
    endloop
  endfacet
  facet normal 0 0 1
    outer loop
      vertex 23.4077 15.1825 2
      vertex 18.3923 15.1825 2
      vertex 23.4307 15.0671 2
    endloop
  endfacet
  facet normal 0 0 1
    outer loop
      vertex 18.3693 15.0671 2
      vertex 23.4307 15.0671 2
      vertex 18.3923 15.1825 2
    endloop
  endfacet
  facet normal 0 0 1
    outer loop
      vertex 23.4307 15.0671 2
      vertex 18.3693 15.0671 2
      vertex 23.4685 14.9556 2
    endloop
  endfacet
  facet normal 0 0 1
    outer loop
      vertex 18.3315 14.9556 2
      vertex 23.4685 14.9556 2
      vertex 18.3693 15.0671 2
    endloop
  endfacet
  facet normal 0 0 1
    outer loop
      vertex 23.4685 14.9556 2
      vertex 18.3315 14.9556 2
      vertex 23.5206 14.85 2
    endloop
  endfacet
  facet normal 0 0 1
    outer loop
      vertex 18.2794 14.85 2
      vertex 23.5206 14.85 2
      vertex 18.3315 14.9556 2
    endloop
  endfacet
  facet normal 0 0 1
    outer loop
      vertex 23.5206 14.85 2
      vertex 18.2794 14.85 2
      vertex 23.586 14.7521 2
    endloop
  endfacet
  facet normal 0 0 1
    outer loop
      vertex 18.214 14.7521 2
      vertex 23.586 14.7521 2
      vertex 18.2794 14.85 2
    endloop
  endfacet
  facet normal 0 0 1
    outer loop
      vertex 23.586 14.7521 2
      vertex 18.214 14.7521 2
      vertex 23.6636 14.6636 2
    endloop
  endfacet
  facet normal 0 0 1
    outer loop
      vertex 18.1364 14.6636 2
      vertex 23.6636 14.6636 2
      vertex 18.214 14.7521 2
    endloop
  endfacet
  facet normal 0 0 1
    outer loop
      vertex 23.6636 14.6636 2
      vertex 18.1364 14.6636 2
      vertex 23.7521 14.586 2
    endloop
  endfacet
  facet normal 0 0 1
    outer loop
      vertex 18.0479 14.586 2
      vertex 23.7521 14.586 2
      vertex 18.1364 14.6636 2
    endloop
  endfacet
  facet normal 0 0 1
    outer loop
      vertex 23.7521 14.586 2
      vertex 18.0479 14.586 2
      vertex 23.85 14.5206 2
    endloop
  endfacet
  facet normal 0 0 1
    outer loop
      vertex 17.95 14.5206 2
      vertex 23.85 14.5206 2
      vertex 18.0479 14.586 2
    endloop
  endfacet
  facet normal 0 0 1
    outer loop
      vertex 23.85 14.5206 2
      vertex 17.95 14.5206 2
      vertex 23.9556 14.4685 2
    endloop
  endfacet
  facet normal 0 0 1
    outer loop
      vertex 17.8444 14.4685 2
      vertex 23.9556 14.4685 2
      vertex 17.95 14.5206 2
    endloop
  endfacet
  facet normal 0 0 1
    outer loop
      vertex 23.9556 14.4685 2
      vertex 17.8444 14.4685 2
      vertex 24.0671 14.4307 2
    endloop
  endfacet
  facet normal 0 0 1
    outer loop
      vertex 17.7329 14.4307 2
      vertex 24.0671 14.4307 2
      vertex 17.8444 14.4685 2
    endloop
  endfacet
  facet normal 0 0 1
    outer loop
      vertex 17.6175 14.4077 2
      vertex 24.0671 14.4307 2
      vertex 17.7329 14.4307 2
    endloop
  endfacet
  facet normal 0 0 1
    outer loop
      vertex 24.1825 14.4077 2
      vertex 17.6175 14.4077 2
      vertex 4.6 3.8 2
    endloop
  endfacet
  facet normal 0 0 1
    outer loop
      vertex 4.6 3.8 2
      vertex 17.6175 14.4077 2
      vertex 17.5 14.4 2
    endloop
  endfacet
  facet normal 0 0 1
    outer loop
      vertex 4.6 3.8 2
      vertex 17.5 14.4 2
      vertex 17.3 14.4 2
    endloop
  endfacet
  facet normal 0 0 1
    outer loop
      vertex 4.6 3.8 2
      vertex 17.3 14.4 2
      vertex 17.1825 14.4077 2
    endloop
  endfacet
  facet normal 0 0 1
    outer loop
      vertex 4.6 3.8 2
      vertex 17.1825 14.4077 2
      vertex 17.0671 14.4307 2
    endloop
  endfacet
  facet normal 0 0 1
    outer loop
      vertex 16.4 29.5 2
      vertex 3.8 40.2 2
      vertex 16.4 15.3 2
    endloop
  endfacet
  facet normal 0 0 1
    outer loop
      vertex 3.8 4.6 2
      vertex 16.4 15.3 2
      vertex 3.8 40.2 2
    endloop
  endfacet
  facet normal 0 0 1
    outer loop
      vertex 16.4 15.3 2
      vertex 3.8 4.6 2
      vertex 16.4077 15.1825 2
    endloop
  endfacet
  facet normal 0 0 1
    outer loop
      vertex 31.3 14.4 2
      vertex 4.6 3.8 2
      vertex 58.2 3.8 2
    endloop
  endfacet
  facet normal 0 0 1
    outer loop
      vertex 16.9556 14.4685 2
      vertex 4.6 3.8 2
      vertex 17.0671 14.4307 2
    endloop
  endfacet
  facet normal 0 0 1
    outer loop
      vertex 16.85 14.5206 2
      vertex 4.6 3.8 2
      vertex 16.9556 14.4685 2
    endloop
  endfacet
  facet normal 0 0 1
    outer loop
      vertex 16.7521 14.586 2
      vertex 4.6 3.8 2
      vertex 16.85 14.5206 2
    endloop
  endfacet
  facet normal 0 0 1
    outer loop
      vertex 16.6636 14.6636 2
      vertex 4.6 3.8 2
      vertex 16.7521 14.586 2
    endloop
  endfacet
  facet normal 0 0 1
    outer loop
      vertex 16.586 14.7521 2
      vertex 4.6 3.8 2
      vertex 16.6636 14.6636 2
    endloop
  endfacet
  facet normal 0 0 1
    outer loop
      vertex 3.8 4.6 2
      vertex 16.586 14.7521 2
      vertex 16.5206 14.85 2
    endloop
  endfacet
  facet normal 0 0 1
    outer loop
      vertex 3.8 4.6 2
      vertex 16.5206 14.85 2
      vertex 16.4685 14.9556 2
    endloop
  endfacet
  facet normal 0 0 1
    outer loop
      vertex 16.4077 15.1825 2
      vertex 3.8 4.6 2
      vertex 16.4307 15.0671 2
    endloop
  endfacet
  facet normal 0 0 1
    outer loop
      vertex 3.8 40.2 2
      vertex 4.6 41 2
      vertex 4.49558 40.9932 2
    endloop
  endfacet
  facet normal 0 0 1
    outer loop
      vertex 16.4307 15.0671 2
      vertex 3.8 4.6 2
      vertex 16.4685 14.9556 2
    endloop
  endfacet
  facet normal 0 0 1
    outer loop
      vertex 3.8 40.2 2
      vertex 4.49558 40.9932 2
      vertex 4.39294 40.9727 2
    endloop
  endfacet
  facet normal 0 0 1
    outer loop
      vertex 16.586 14.7521 2
      vertex 3.8 4.6 2
      vertex 4.6 3.8 2
    endloop
  endfacet
  facet normal 0 0 1
    outer loop
      vertex 3.8 40.2 2
      vertex 4.39294 40.9727 2
      vertex 4.29385 40.9391 2
    endloop
  endfacet
  facet normal 0 0 1
    outer loop
      vertex 4.6 3.8 2
      vertex 3.8 4.6 2
      vertex 4.49558 3.80684 2
    endloop
  endfacet
  facet normal 0 0 1
    outer loop
      vertex 3.8 40.2 2
      vertex 4.29385 40.9391 2
      vertex 4.2 40.8928 2
    endloop
  endfacet
  facet normal 0 0 1
    outer loop
      vertex 4.49558 3.80684 2
      vertex 3.8 4.6 2
      vertex 4.39294 3.82726 2
    endloop
  endfacet
  facet normal 0 0 1
    outer loop
      vertex 3.8 40.2 2
      vertex 4.2 40.8928 2
      vertex 4.11299 40.8347 2
    endloop
  endfacet
  facet normal 0 0 1
    outer loop
      vertex 4.39294 3.82726 2
      vertex 3.8 4.6 2
      vertex 4.29385 3.8609 2
    endloop
  endfacet
  facet normal 0 0 1
    outer loop
      vertex 3.8 40.2 2
      vertex 4.11299 40.8347 2
      vertex 4.03431 40.7657 2
    endloop
  endfacet
  facet normal 0 0 1
    outer loop
      vertex 4.29385 3.8609 2
      vertex 3.8 4.6 2
      vertex 4.2 3.90718 2
    endloop
  endfacet
  facet normal 0 0 1
    outer loop
      vertex 3.8 40.2 2
      vertex 4.03431 40.7657 2
      vertex 3.96532 40.687 2
    endloop
  endfacet
  facet normal 0 0 1
    outer loop
      vertex 4.2 3.90718 2
      vertex 3.8 4.6 2
      vertex 4.11299 3.96532 2
    endloop
  endfacet
  facet normal 0 0 1
    outer loop
      vertex 3.8 40.2 2
      vertex 3.96532 40.687 2
      vertex 3.90718 40.6 2
    endloop
  endfacet
  facet normal 0 0 1
    outer loop
      vertex 4.11299 3.96532 2
      vertex 3.8 4.6 2
      vertex 4.03431 4.03431 2
    endloop
  endfacet
  facet normal 0 0 1
    outer loop
      vertex 3.8 40.2 2
      vertex 3.90718 40.6 2
      vertex 3.8609 40.5061 2
    endloop
  endfacet
  facet normal 0 0 1
    outer loop
      vertex 4.03431 4.03431 2
      vertex 3.8 4.6 2
      vertex 3.96532 4.11299 2
    endloop
  endfacet
  facet normal 0 0 1
    outer loop
      vertex 3.8 40.2 2
      vertex 3.8609 40.5061 2
      vertex 3.82726 40.4071 2
    endloop
  endfacet
  facet normal 0 0 1
    outer loop
      vertex 3.96532 4.11299 2
      vertex 3.8 4.6 2
      vertex 3.90718 4.2 2
    endloop
  endfacet
  facet normal 0 0 1
    outer loop
      vertex 3.8 40.2 2
      vertex 3.82726 40.4071 2
      vertex 3.80684 40.3044 2
    endloop
  endfacet
  facet normal 0 0 1
    outer loop
      vertex 3.90718 4.2 2
      vertex 3.8 4.6 2
      vertex 3.8609 4.29385 2
    endloop
  endfacet
  facet normal 0 0 1
    outer loop
      vertex 3.8609 4.29385 2
      vertex 3.8 4.6 2
      vertex 3.82726 4.39294 2
    endloop
  endfacet
  facet normal 0 0 1
    outer loop
      vertex 3.82726 4.39294 2
      vertex 3.8 4.6 2
      vertex 3.80684 4.49558 2
    endloop
  endfacet
  facet normal 0.831462 0.555582 0
    outer loop
      vertex 60.4392 42 6
      vertex 60.352 42.1305 2
      vertex 60.352 42.1305 6
    endloop
  endfacet
  facet normal 0.831462 0.555582 0
    outer loop
      vertex 60.352 42.1305 2
      vertex 60.4392 42 6
      vertex 60.4392 42 2
    endloop
  endfacet
  facet normal -0.831452 -0.555597 0
    outer loop
      vertex 2.44798 2.66949 2
      vertex 2.36077 2.8 6
      vertex 2.36077 2.8 2
    endloop
  endfacet
  facet normal -0.831452 -0.555597 0
    outer loop
      vertex 2.36077 2.8 6
      vertex 2.44798 2.66949 2
      vertex 2.44798 2.66949 6
    endloop
  endfacet
  facet normal -0.0656183 0.997845 0
    outer loop
      vertex 3.4 42.6 2
      vertex 3.24337 42.5897 6
      vertex 3.4 42.6 6
    endloop
  endfacet
  facet normal -0.0656183 0.997845 0
    outer loop
      vertex 3.24337 42.5897 6
      vertex 3.4 42.6 2
      vertex 3.24337 42.5897 2
    endloop
  endfacet
  facet normal 0.94704 -0.321117 0
    outer loop
      vertex 60.5087 2.94078 6
      vertex 60.5591 3.08942 2
      vertex 60.5591 3.08942 6
    endloop
  endfacet
  facet normal 0.94704 -0.321117 0
    outer loop
      vertex 60.5591 3.08942 2
      vertex 60.5087 2.94078 6
      vertex 60.5087 2.94078 2
    endloop
  endfacet
  facet normal 0.0654405 -0.997856 0
    outer loop
      vertex 59.4 2.2 2
      vertex 59.5566 2.21027 6
      vertex 59.4 2.2 6
    endloop
  endfacet
  facet normal 0.0654405 -0.997856 0
    outer loop
      vertex 59.5566 2.21027 6
      vertex 59.4 2.2 2
      vertex 59.5566 2.21027 2
    endloop
  endfacet
  facet normal 0.65937 -0.751818 0
    outer loop
      vertex 60.1305 2.44798 2
      vertex 60.2485 2.55147 6
      vertex 60.1305 2.44798 6
    endloop
  endfacet
  facet normal 0.65937 -0.751818 0
    outer loop
      vertex 60.2485 2.55147 6
      vertex 60.1305 2.44798 2
      vertex 60.2485 2.55147 2
    endloop
  endfacet
  facet normal 0.32148 -0.946916 0
    outer loop
      vertex 59.7106 2.24089 2
      vertex 59.8592 2.29134 6
      vertex 59.7106 2.24089 6
    endloop
  endfacet
  facet normal 0.32148 -0.946916 0
    outer loop
      vertex 59.8592 2.29134 6
      vertex 59.7106 2.24089 2
      vertex 59.8592 2.29134 2
    endloop
  endfacet
  facet normal 0.896683 -0.442673 0
    outer loop
      vertex 60.4392 2.8 6
      vertex 60.5087 2.94078 2
      vertex 60.5087 2.94078 6
    endloop
  endfacet
  facet normal 0.896683 -0.442673 0
    outer loop
      vertex 60.5087 2.94078 2
      vertex 60.4392 2.8 6
      vertex 60.4392 2.8 2
    endloop
  endfacet
  facet normal 0.194891 0.980825 -0
    outer loop
      vertex 59.7106 42.5591 2
      vertex 59.5566 42.5897 6
      vertex 59.7106 42.5591 6
    endloop
  endfacet
  facet normal 0.194891 0.980825 0
    outer loop
      vertex 59.5566 42.5897 6
      vertex 59.7106 42.5591 2
      vertex 59.5566 42.5897 2
    endloop
  endfacet
  facet normal 0.0656309 0.997844 -0
    outer loop
      vertex 59.5566 42.5897 2
      vertex 59.4 42.6 6
      vertex 59.5566 42.5897 6
    endloop
  endfacet
  facet normal 0.0656309 0.997844 0
    outer loop
      vertex 59.4 42.6 6
      vertex 59.5566 42.5897 2
      vertex 59.4 42.6 2
    endloop
  endfacet
  facet normal -0.555553 0.831481 0
    outer loop
      vertex 2.8 42.4392 2
      vertex 2.66949 42.352 6
      vertex 2.8 42.4392 6
    endloop
  endfacet
  facet normal -0.555553 0.831481 0
    outer loop
      vertex 2.66949 42.352 6
      vertex 2.8 42.4392 2
      vertex 2.66949 42.352 2
    endloop
  endfacet
  facet normal -0.321402 -0.946943 0
    outer loop
      vertex 2.94078 2.29134 2
      vertex 3.08942 2.24089 6
      vertex 2.94078 2.29134 6
    endloop
  endfacet
  facet normal -0.321402 -0.946943 -0
    outer loop
      vertex 3.08942 2.24089 6
      vertex 2.94078 2.29134 2
      vertex 3.08942 2.24089 2
    endloop
  endfacet
  facet normal 0 0 1
    outer loop
      vertex 58.8347 40.687 6
      vertex 60.6 41.4 6
      vertex 60.5897 41.5566 6
    endloop
  endfacet
  facet normal 0 0 1
    outer loop
      vertex 60.6 41.4 6
      vertex 59 40.2 6
      vertex 60.6 3.4 6
    endloop
  endfacet
  facet normal 0 0 1
    outer loop
      vertex 58.7657 40.7657 6
      vertex 60.5897 41.5566 6
      vertex 60.5591 41.7106 6
    endloop
  endfacet
  facet normal -0 0 1
    outer loop
      vertex 59 4.6 6
      vertex 60.6 3.4 6
      vertex 59 40.2 6
    endloop
  endfacet
  facet normal 0 0 1
    outer loop
      vertex 58.7657 40.7657 6
      vertex 60.5591 41.7106 6
      vertex 60.5087 41.8592 6
    endloop
  endfacet
  facet normal -0 0 1
    outer loop
      vertex 58.9932 4.49558 6
      vertex 60.6 3.4 6
      vertex 59 4.6 6
    endloop
  endfacet
  facet normal 0 0 1
    outer loop
      vertex 58.7657 40.7657 6
      vertex 60.5087 41.8592 6
      vertex 60.4392 42 6
    endloop
  endfacet
  facet normal -0 0 1
    outer loop
      vertex 58.9727 4.39294 6
      vertex 60.6 3.4 6
      vertex 58.9932 4.49558 6
    endloop
  endfacet
  facet normal 0 0 1
    outer loop
      vertex 58.7657 40.7657 6
      vertex 60.4392 42 6
      vertex 60.352 42.1305 6
    endloop
  endfacet
  facet normal -0 0 1
    outer loop
      vertex 58.9391 4.29385 6
      vertex 60.6 3.4 6
      vertex 58.9727 4.39294 6
    endloop
  endfacet
  facet normal 0 0 1
    outer loop
      vertex 58.7657 40.7657 6
      vertex 60.352 42.1305 6
      vertex 60.2485 42.2485 6
    endloop
  endfacet
  facet normal -0 0 1
    outer loop
      vertex 58.8928 4.2 6
      vertex 60.6 3.4 6
      vertex 58.9391 4.29385 6
    endloop
  endfacet
  facet normal 0 0 1
    outer loop
      vertex 58.7657 40.7657 6
      vertex 60.2485 42.2485 6
      vertex 60.1305 42.352 6
    endloop
  endfacet
  facet normal -0 0 1
    outer loop
      vertex 58.8347 4.11299 6
      vertex 60.6 3.4 6
      vertex 58.8928 4.2 6
    endloop
  endfacet
  facet normal 0 0 1
    outer loop
      vertex 58.7657 40.7657 6
      vertex 60.1305 42.352 6
      vertex 60 42.4392 6
    endloop
  endfacet
  facet normal 0 0 1
    outer loop
      vertex 60.6 3.4 6
      vertex 58.8347 4.11299 6
      vertex 60.5897 3.24337 6
    endloop
  endfacet
  facet normal 0 0 1
    outer loop
      vertex 58.7657 40.7657 6
      vertex 60 42.4392 6
      vertex 59.8592 42.5087 6
    endloop
  endfacet
  facet normal -0 0 1
    outer loop
      vertex 58.7657 4.03431 6
      vertex 60.5897 3.24337 6
      vertex 58.8347 4.11299 6
    endloop
  endfacet
  facet normal 0 0 1
    outer loop
      vertex 58.7657 40.7657 6
      vertex 59.8592 42.5087 6
      vertex 59.7106 42.5591 6
    endloop
  endfacet
  facet normal 0 0 1
    outer loop
      vertex 60.5897 3.24337 6
      vertex 58.7657 4.03431 6
      vertex 60.5591 3.08942 6
    endloop
  endfacet
  facet normal 0 0 1
    outer loop
      vertex 58.7657 40.7657 6
      vertex 59.7106 42.5591 6
      vertex 59.5566 42.5897 6
    endloop
  endfacet
  facet normal 0 0 1
    outer loop
      vertex 60.5591 3.08942 6
      vertex 58.7657 4.03431 6
      vertex 60.5087 2.94078 6
    endloop
  endfacet
  facet normal 0 0 1
    outer loop
      vertex 58.7657 40.7657 6
      vertex 59.5566 42.5897 6
      vertex 59.4 42.6 6
    endloop
  endfacet
  facet normal 0 0 1
    outer loop
      vertex 60.5087 2.94078 6
      vertex 58.7657 4.03431 6
      vertex 60.4392 2.8 6
    endloop
  endfacet
  facet normal 0 0 1
    outer loop
      vertex 60.4392 2.8 6
      vertex 58.7657 4.03431 6
      vertex 60.352 2.66949 6
    endloop
  endfacet
  facet normal 0 0 1
    outer loop
      vertex 60.6 41.4 6
      vertex 58.9932 40.3044 6
      vertex 59 40.2 6
    endloop
  endfacet
  facet normal 0 0 1
    outer loop
      vertex 60.6 41.4 6
      vertex 58.9727 40.4071 6
      vertex 58.9932 40.3044 6
    endloop
  endfacet
  facet normal 0 0 1
    outer loop
      vertex 60.6 41.4 6
      vertex 58.9391 40.5061 6
      vertex 58.9727 40.4071 6
    endloop
  endfacet
  facet normal 0 0 1
    outer loop
      vertex 60.6 41.4 6
      vertex 58.8928 40.6 6
      vertex 58.9391 40.5061 6
    endloop
  endfacet
  facet normal 0 0 1
    outer loop
      vertex 60.6 41.4 6
      vertex 58.8347 40.687 6
      vertex 58.8928 40.6 6
    endloop
  endfacet
  facet normal 0 0 1
    outer loop
      vertex 60.5897 41.5566 6
      vertex 58.7657 40.7657 6
      vertex 58.8347 40.687 6
    endloop
  endfacet
  facet normal 0 0 1
    outer loop
      vertex 59.4 42.6 6
      vertex 58.687 40.8347 6
      vertex 58.7657 40.7657 6
    endloop
  endfacet
  facet normal 0 0 1
    outer loop
      vertex 59.4 42.6 6
      vertex 58.6 40.8928 6
      vertex 58.687 40.8347 6
    endloop
  endfacet
  facet normal 0 0 1
    outer loop
      vertex 59.4 42.6 6
      vertex 58.5061 40.9391 6
      vertex 58.6 40.8928 6
    endloop
  endfacet
  facet normal 0 0 1
    outer loop
      vertex 59.4 42.6 6
      vertex 58.4071 40.9727 6
      vertex 58.5061 40.9391 6
    endloop
  endfacet
  facet normal 0 0 1
    outer loop
      vertex 59.4 42.6 6
      vertex 58.3044 40.9932 6
      vertex 58.4071 40.9727 6
    endloop
  endfacet
  facet normal 0 0 1
    outer loop
      vertex 59.4 42.6 6
      vertex 58.2 41 6
      vertex 58.3044 40.9932 6
    endloop
  endfacet
  facet normal 0 0 1
    outer loop
      vertex 59.4 42.6 6
      vertex 4.6 41 6
      vertex 58.2 41 6
    endloop
  endfacet
  facet normal 0 0 1
    outer loop
      vertex 3.80684 40.3044 6
      vertex 2.2 41.4 6
      vertex 3.8 40.2 6
    endloop
  endfacet
  facet normal 0 0 1
    outer loop
      vertex 3.82726 40.4071 6
      vertex 2.2 41.4 6
      vertex 3.80684 40.3044 6
    endloop
  endfacet
  facet normal 0 0 1
    outer loop
      vertex 3.8609 40.5061 6
      vertex 2.2 41.4 6
      vertex 3.82726 40.4071 6
    endloop
  endfacet
  facet normal 0 0 1
    outer loop
      vertex 3.90718 40.6 6
      vertex 2.2 41.4 6
      vertex 3.8609 40.5061 6
    endloop
  endfacet
  facet normal 0 0 1
    outer loop
      vertex 3.96532 40.687 6
      vertex 2.2 41.4 6
      vertex 3.90718 40.6 6
    endloop
  endfacet
  facet normal 0 0 1
    outer loop
      vertex 4.03431 40.7657 6
      vertex 2.2 41.4 6
      vertex 3.96532 40.687 6
    endloop
  endfacet
  facet normal -0 0 1
    outer loop
      vertex 2.2 41.4 6
      vertex 4.03431 40.7657 6
      vertex 3.4 42.6 6
    endloop
  endfacet
  facet normal 0 0 1
    outer loop
      vertex 4.11299 40.8347 6
      vertex 3.4 42.6 6
      vertex 4.03431 40.7657 6
    endloop
  endfacet
  facet normal 0 0 1
    outer loop
      vertex 4.2 40.8928 6
      vertex 3.4 42.6 6
      vertex 4.11299 40.8347 6
    endloop
  endfacet
  facet normal 0 0 1
    outer loop
      vertex 4.29385 40.9391 6
      vertex 3.4 42.6 6
      vertex 4.2 40.8928 6
    endloop
  endfacet
  facet normal 0 0 1
    outer loop
      vertex 4.39294 40.9727 6
      vertex 3.4 42.6 6
      vertex 4.29385 40.9391 6
    endloop
  endfacet
  facet normal 0 0 1
    outer loop
      vertex 4.49558 40.9932 6
      vertex 3.4 42.6 6
      vertex 4.39294 40.9727 6
    endloop
  endfacet
  facet normal 0 0 1
    outer loop
      vertex 4.6 41 6
      vertex 3.4 42.6 6
      vertex 4.49558 40.9932 6
    endloop
  endfacet
  facet normal -0 0 1
    outer loop
      vertex 3.4 42.6 6
      vertex 4.6 41 6
      vertex 59.4 42.6 6
    endloop
  endfacet
  facet normal 0 0 1
    outer loop
      vertex 60.352 2.66949 6
      vertex 58.7657 4.03431 6
      vertex 60.2485 2.55147 6
    endloop
  endfacet
  facet normal 0 0 1
    outer loop
      vertex 60.2485 2.55147 6
      vertex 58.7657 4.03431 6
      vertex 60.1305 2.44798 6
    endloop
  endfacet
  facet normal 0 0 1
    outer loop
      vertex 60.1305 2.44798 6
      vertex 58.7657 4.03431 6
      vertex 60 2.36077 6
    endloop
  endfacet
  facet normal 0 0 1
    outer loop
      vertex 60 2.36077 6
      vertex 58.7657 4.03431 6
      vertex 59.8592 2.29134 6
    endloop
  endfacet
  facet normal 0 0 1
    outer loop
      vertex 59.8592 2.29134 6
      vertex 58.7657 4.03431 6
      vertex 59.7106 2.24089 6
    endloop
  endfacet
  facet normal 0 0 1
    outer loop
      vertex 59.7106 2.24089 6
      vertex 58.7657 4.03431 6
      vertex 59.5566 2.21027 6
    endloop
  endfacet
  facet normal 0 0 1
    outer loop
      vertex 59.5566 2.21027 6
      vertex 58.7657 4.03431 6
      vertex 59.4 2.2 6
    endloop
  endfacet
  facet normal -0 0 1
    outer loop
      vertex 58.687 3.96532 6
      vertex 59.4 2.2 6
      vertex 58.7657 4.03431 6
    endloop
  endfacet
  facet normal -0 0 1
    outer loop
      vertex 58.6 3.90718 6
      vertex 59.4 2.2 6
      vertex 58.687 3.96532 6
    endloop
  endfacet
  facet normal -0 0 1
    outer loop
      vertex 58.5061 3.8609 6
      vertex 59.4 2.2 6
      vertex 58.6 3.90718 6
    endloop
  endfacet
  facet normal -0 0 1
    outer loop
      vertex 58.4071 3.82726 6
      vertex 59.4 2.2 6
      vertex 58.5061 3.8609 6
    endloop
  endfacet
  facet normal -0 0 1
    outer loop
      vertex 58.3044 3.80684 6
      vertex 59.4 2.2 6
      vertex 58.4071 3.82726 6
    endloop
  endfacet
  facet normal -0 0 1
    outer loop
      vertex 58.2 3.8 6
      vertex 59.4 2.2 6
      vertex 58.3044 3.80684 6
    endloop
  endfacet
  facet normal -0 0 1
    outer loop
      vertex 4.6 3.8 6
      vertex 59.4 2.2 6
      vertex 58.2 3.8 6
    endloop
  endfacet
  facet normal 0 0 1
    outer loop
      vertex 4.6 3.8 6
      vertex 3.4 2.2 6
      vertex 59.4 2.2 6
    endloop
  endfacet
  facet normal 0 0 1
    outer loop
      vertex 4.49558 3.80684 6
      vertex 3.4 2.2 6
      vertex 4.6 3.8 6
    endloop
  endfacet
  facet normal 0 0 1
    outer loop
      vertex 4.39294 3.82726 6
      vertex 3.4 2.2 6
      vertex 4.49558 3.80684 6
    endloop
  endfacet
  facet normal 0 0 1
    outer loop
      vertex 4.29385 3.8609 6
      vertex 3.4 2.2 6
      vertex 4.39294 3.82726 6
    endloop
  endfacet
  facet normal 0 0 1
    outer loop
      vertex 4.2 3.90718 6
      vertex 3.4 2.2 6
      vertex 4.29385 3.8609 6
    endloop
  endfacet
  facet normal 0 0 1
    outer loop
      vertex 4.11299 3.96532 6
      vertex 3.4 2.2 6
      vertex 4.2 3.90718 6
    endloop
  endfacet
  facet normal 0 0 1
    outer loop
      vertex 4.03431 4.03431 6
      vertex 3.4 2.2 6
      vertex 4.11299 3.96532 6
    endloop
  endfacet
  facet normal 0 0 1
    outer loop
      vertex 2.21027 3.24337 6
      vertex 4.03431 4.03431 6
      vertex 3.96532 4.11299 6
    endloop
  endfacet
  facet normal 0 0 1
    outer loop
      vertex 2.2 3.4 6
      vertex 3.96532 4.11299 6
      vertex 3.90718 4.2 6
    endloop
  endfacet
  facet normal 0 0 1
    outer loop
      vertex 2.2 3.4 6
      vertex 3.90718 4.2 6
      vertex 3.8609 4.29385 6
    endloop
  endfacet
  facet normal 0 0 1
    outer loop
      vertex 2.2 3.4 6
      vertex 3.8609 4.29385 6
      vertex 3.82726 4.39294 6
    endloop
  endfacet
  facet normal 0 0 1
    outer loop
      vertex 2.2 3.4 6
      vertex 3.82726 4.39294 6
      vertex 3.80684 4.49558 6
    endloop
  endfacet
  facet normal 0 0 1
    outer loop
      vertex 2.2 3.4 6
      vertex 3.80684 4.49558 6
      vertex 3.8 4.6 6
    endloop
  endfacet
  facet normal 0 0 1
    outer loop
      vertex 3.8 40.2 6
      vertex 2.2 41.4 6
      vertex 3.8 4.6 6
    endloop
  endfacet
  facet normal 0 0 1
    outer loop
      vertex 2.2 41.4 6
      vertex 3.4 42.6 6
      vertex 3.24337 42.5897 6
    endloop
  endfacet
  facet normal 0 0 1
    outer loop
      vertex 2.2 3.4 6
      vertex 3.8 4.6 6
      vertex 2.2 41.4 6
    endloop
  endfacet
  facet normal 0 0 1
    outer loop
      vertex 2.2 41.4 6
      vertex 3.24337 42.5897 6
      vertex 3.08942 42.5591 6
    endloop
  endfacet
  facet normal 0 0 1
    outer loop
      vertex 3.96532 4.11299 6
      vertex 2.2 3.4 6
      vertex 2.21027 3.24337 6
    endloop
  endfacet
  facet normal 0 0 1
    outer loop
      vertex 2.2 41.4 6
      vertex 3.08942 42.5591 6
      vertex 2.94078 42.5087 6
    endloop
  endfacet
  facet normal 0 0 1
    outer loop
      vertex 4.03431 4.03431 6
      vertex 3.24337 2.21027 6
      vertex 3.4 2.2 6
    endloop
  endfacet
  facet normal 0 0 1
    outer loop
      vertex 2.2 41.4 6
      vertex 2.94078 42.5087 6
      vertex 2.8 42.4392 6
    endloop
  endfacet
  facet normal 0 0 1
    outer loop
      vertex 4.03431 4.03431 6
      vertex 3.08942 2.24089 6
      vertex 3.24337 2.21027 6
    endloop
  endfacet
  facet normal 0 0 1
    outer loop
      vertex 2.2 41.4 6
      vertex 2.8 42.4392 6
      vertex 2.66949 42.352 6
    endloop
  endfacet
  facet normal 0 0 1
    outer loop
      vertex 4.03431 4.03431 6
      vertex 2.94078 2.29134 6
      vertex 3.08942 2.24089 6
    endloop
  endfacet
  facet normal 0 0 1
    outer loop
      vertex 2.2 41.4 6
      vertex 2.66949 42.352 6
      vertex 2.55147 42.2485 6
    endloop
  endfacet
  facet normal 0 0 1
    outer loop
      vertex 4.03431 4.03431 6
      vertex 2.8 2.36077 6
      vertex 2.94078 2.29134 6
    endloop
  endfacet
  facet normal 0 0 1
    outer loop
      vertex 2.2 41.4 6
      vertex 2.55147 42.2485 6
      vertex 2.44798 42.1305 6
    endloop
  endfacet
  facet normal 0 0 1
    outer loop
      vertex 4.03431 4.03431 6
      vertex 2.66949 2.44798 6
      vertex 2.8 2.36077 6
    endloop
  endfacet
  facet normal 0 0 1
    outer loop
      vertex 2.2 41.4 6
      vertex 2.44798 42.1305 6
      vertex 2.36077 42 6
    endloop
  endfacet
  facet normal 0 0 1
    outer loop
      vertex 4.03431 4.03431 6
      vertex 2.55147 2.55147 6
      vertex 2.66949 2.44798 6
    endloop
  endfacet
  facet normal 0 0 1
    outer loop
      vertex 2.2 41.4 6
      vertex 2.36077 42 6
      vertex 2.29134 41.8592 6
    endloop
  endfacet
  facet normal 0 0 1
    outer loop
      vertex 4.03431 4.03431 6
      vertex 2.44798 2.66949 6
      vertex 2.55147 2.55147 6
    endloop
  endfacet
  facet normal 0 0 1
    outer loop
      vertex 2.2 41.4 6
      vertex 2.29134 41.8592 6
      vertex 2.24089 41.7106 6
    endloop
  endfacet
  facet normal 0 0 1
    outer loop
      vertex 4.03431 4.03431 6
      vertex 2.36077 2.8 6
      vertex 2.44798 2.66949 6
    endloop
  endfacet
  facet normal 0 0 1
    outer loop
      vertex 2.2 41.4 6
      vertex 2.24089 41.7106 6
      vertex 2.21027 41.5566 6
    endloop
  endfacet
  facet normal 0 0 1
    outer loop
      vertex 4.03431 4.03431 6
      vertex 2.29134 2.94078 6
      vertex 2.36077 2.8 6
    endloop
  endfacet
  facet normal 0 0 1
    outer loop
      vertex 4.03431 4.03431 6
      vertex 2.24089 3.08942 6
      vertex 2.29134 2.94078 6
    endloop
  endfacet
  facet normal 0 0 1
    outer loop
      vertex 4.03431 4.03431 6
      vertex 2.21027 3.24337 6
      vertex 2.24089 3.08942 6
    endloop
  endfacet
  facet normal -0.946916 0.32148 0
    outer loop
      vertex 2.24089 41.7106 2
      vertex 2.29134 41.8592 6
      vertex 2.29134 41.8592 2
    endloop
  endfacet
  facet normal -0.946916 0.32148 0
    outer loop
      vertex 2.29134 41.8592 6
      vertex 2.24089 41.7106 2
      vertex 2.24089 41.7106 6
    endloop
  endfacet
  facet normal 0.442622 0.896708 -0
    outer loop
      vertex 60 42.4392 2
      vertex 59.8592 42.5087 6
      vertex 60 42.4392 6
    endloop
  endfacet
  facet normal 0.442622 0.896708 0
    outer loop
      vertex 59.8592 42.5087 6
      vertex 60 42.4392 2
      vertex 59.8592 42.5087 2
    endloop
  endfacet
  facet normal 0.751842 -0.659343 0
    outer loop
      vertex 60.2485 2.55147 6
      vertex 60.352 2.66949 2
      vertex 60.352 2.66949 6
    endloop
  endfacet
  facet normal 0.751842 -0.659343 0
    outer loop
      vertex 60.352 2.66949 2
      vertex 60.2485 2.55147 6
      vertex 60.2485 2.55147 2
    endloop
  endfacet
  facet normal -0.0653771 0.997861 0
    outer loop
      vertex 58.3044 3.80684 2
      vertex 58.2 3.8 6
      vertex 58.3044 3.80684 6
    endloop
  endfacet
  facet normal -0.0653771 0.997861 0
    outer loop
      vertex 58.2 3.8 6
      vertex 58.3044 3.80684 2
      vertex 58.2 3.8 2
    endloop
  endfacet
  facet normal 0.980779 0.195124 0
    outer loop
      vertex 3.82726 4.39294 6
      vertex 3.80684 4.49558 2
      vertex 3.80684 4.49558 6
    endloop
  endfacet
  facet normal 0.980779 0.195124 0
    outer loop
      vertex 3.80684 4.49558 2
      vertex 3.82726 4.39294 6
      vertex 3.82726 4.39294 2
    endloop
  endfacet
  facet normal 0.94692 0.321469 0
    outer loop
      vertex 3.8609 4.29385 6
      vertex 3.82726 4.39294 2
      vertex 3.82726 4.39294 6
    endloop
  endfacet
  facet normal 0.94692 0.321469 0
    outer loop
      vertex 3.82726 4.39294 2
      vertex 3.8609 4.29385 6
      vertex 3.8609 4.29385 2
    endloop
  endfacet
  facet normal -0.321731 0.946831 0
    outer loop
      vertex 58.5061 3.8609 2
      vertex 58.4071 3.82726 6
      vertex 58.5061 3.8609 6
    endloop
  endfacet
  facet normal -0.321731 0.946831 0
    outer loop
      vertex 58.4071 3.82726 6
      vertex 58.5061 3.8609 2
      vertex 58.4071 3.82726 2
    endloop
  endfacet
  facet normal -0.896897 -0.44224 0
    outer loop
      vertex 58.9391 40.5061 2
      vertex 58.8928 40.6 6
      vertex 58.8928 40.6 2
    endloop
  endfacet
  facet normal -0.896897 -0.44224 0
    outer loop
      vertex 58.8928 40.6 6
      vertex 58.9391 40.5061 2
      vertex 58.9391 40.5061 6
    endloop
  endfacet
  facet normal -0.44224 -0.896897 0
    outer loop
      vertex 58.5061 40.9391 2
      vertex 58.6 40.8928 6
      vertex 58.5061 40.9391 6
    endloop
  endfacet
  facet normal -0.44224 -0.896897 -0
    outer loop
      vertex 58.6 40.8928 6
      vertex 58.5061 40.9391 2
      vertex 58.6 40.8928 2
    endloop
  endfacet
  facet normal 0.555582 0.831462 -0
    outer loop
      vertex 4.2 3.90718 2
      vertex 4.11299 3.96532 6
      vertex 4.2 3.90718 6
    endloop
  endfacet
  facet normal 0.555582 0.831462 0
    outer loop
      vertex 4.11299 3.96532 6
      vertex 4.2 3.90718 2
      vertex 4.11299 3.96532 2
    endloop
  endfacet
  facet normal 0.659289 0.75189 -0
    outer loop
      vertex 4.11299 3.96532 2
      vertex 4.03431 4.03431 6
      vertex 4.11299 3.96532 6
    endloop
  endfacet
  facet normal 0.659289 0.75189 0
    outer loop
      vertex 4.03431 4.03431 6
      vertex 4.11299 3.96532 2
      vertex 4.03431 4.03431 2
    endloop
  endfacet
  facet normal -0.555626 0.831432 0
    outer loop
      vertex 58.687 3.96532 2
      vertex 58.6 3.90718 6
      vertex 58.687 3.96532 6
    endloop
  endfacet
  facet normal -0.555626 0.831432 0
    outer loop
      vertex 58.6 3.90718 6
      vertex 58.687 3.96532 2
      vertex 58.6 3.90718 2
    endloop
  endfacet
  facet normal 0.997861 0.0653646 0
    outer loop
      vertex 3.80684 4.49558 6
      vertex 3.8 4.6 2
      vertex 3.8 4.6 6
    endloop
  endfacet
  facet normal 0.997861 0.0653646 0
    outer loop
      vertex 3.8 4.6 2
      vertex 3.80684 4.49558 6
      vertex 3.80684 4.49558 2
    endloop
  endfacet
  facet normal -0.997886 0.064984 0
    outer loop
      vertex 58.9932 4.49558 2
      vertex 59 4.6 6
      vertex 59 4.6 2
    endloop
  endfacet
  facet normal -0.997886 0.064984 0
    outer loop
      vertex 59 4.6 6
      vertex 58.9932 4.49558 2
      vertex 58.9932 4.49558 6
    endloop
  endfacet
  facet normal 0.946831 -0.321731 0
    outer loop
      vertex 3.82726 40.4071 6
      vertex 3.8609 40.5061 2
      vertex 3.8609 40.5061 6
    endloop
  endfacet
  facet normal 0.946831 -0.321731 0
    outer loop
      vertex 3.8609 40.5061 2
      vertex 3.82726 40.4071 6
      vertex 3.82726 40.4071 2
    endloop
  endfacet
  facet normal -0.442086 0.896973 0
    outer loop
      vertex 58.6 3.90718 2
      vertex 58.5061 3.8609 6
      vertex 58.6 3.90718 6
    endloop
  endfacet
  facet normal -0.442086 0.896973 0
    outer loop
      vertex 58.5061 3.8609 6
      vertex 58.6 3.90718 2
      vertex 58.5061 3.8609 2
    endloop
  endfacet
  facet normal -0.997886 -0.0649964 0
    outer loop
      vertex 59 40.2 2
      vertex 58.9932 40.3044 6
      vertex 58.9932 40.3044 2
    endloop
  endfacet
  facet normal -0.997886 -0.0649964 0
    outer loop
      vertex 58.9932 40.3044 6
      vertex 59 40.2 2
      vertex 59 40.2 6
    endloop
  endfacet
  facet normal 0.831462 0.555582 0
    outer loop
      vertex 3.96532 4.11299 6
      vertex 3.90718 4.2 2
      vertex 3.90718 4.2 6
    endloop
  endfacet
  facet normal 0.831462 0.555582 0
    outer loop
      vertex 3.90718 4.2 2
      vertex 3.96532 4.11299 6
      vertex 3.96532 4.11299 2
    endloop
  endfacet
  facet normal -0.751842 0.659343 0
    outer loop
      vertex 58.7657 4.03431 2
      vertex 58.8347 4.11299 6
      vertex 58.8347 4.11299 2
    endloop
  endfacet
  facet normal -0.751842 0.659343 0
    outer loop
      vertex 58.8347 4.11299 6
      vertex 58.7657 4.03431 2
      vertex 58.7657 4.03431 6
    endloop
  endfacet
  facet normal 0.997861 -0.0653771 0
    outer loop
      vertex 3.8 40.2 6
      vertex 3.80684 40.3044 2
      vertex 3.80684 40.3044 6
    endloop
  endfacet
  facet normal 0.997861 -0.0653771 0
    outer loop
      vertex 3.80684 40.3044 2
      vertex 3.8 40.2 6
      vertex 3.8 40.2 2
    endloop
  endfacet
  facet normal 1 -0 0
    outer loop
      vertex 3.8 4.6 6
      vertex 3.8 40.2 2
      vertex 3.8 40.2 6
    endloop
  endfacet
  facet normal 1 0 0
    outer loop
      vertex 3.8 40.2 2
      vertex 3.8 4.6 6
      vertex 3.8 4.6 2
    endloop
  endfacet
  facet normal -0.659194 0.751973 0
    outer loop
      vertex 58.7657 4.03431 2
      vertex 58.687 3.96532 6
      vertex 58.7657 4.03431 6
    endloop
  endfacet
  facet normal -0.659194 0.751973 0
    outer loop
      vertex 58.687 3.96532 6
      vertex 58.7657 4.03431 2
      vertex 58.687 3.96532 2
    endloop
  endfacet
  facet normal 0 1 -0
    outer loop
      vertex 58.2 3.8 2
      vertex 4.6 3.8 6
      vertex 58.2 3.8 6
    endloop
  endfacet
  facet normal 0 1 0
    outer loop
      vertex 4.6 3.8 6
      vertex 58.2 3.8 2
      vertex 4.6 3.8 2
    endloop
  endfacet
  facet normal 0.195859 -0.980632 0
    outer loop
      vertex 4.39294 40.9727 2
      vertex 4.49558 40.9932 6
      vertex 4.39294 40.9727 6
    endloop
  endfacet
  facet normal 0.195859 -0.980632 0
    outer loop
      vertex 4.49558 40.9932 6
      vertex 4.39294 40.9727 2
      vertex 4.49558 40.9932 2
    endloop
  endfacet
  facet normal -1 0 0
    outer loop
      vertex 59 4.6 2
      vertex 59 40.2 6
      vertex 59 40.2 2
    endloop
  endfacet
  facet normal -1 -0 0
    outer loop
      vertex 59 40.2 6
      vertex 59 4.6 2
      vertex 59 4.6 6
    endloop
  endfacet
  facet normal 0.75189 0.659289 0
    outer loop
      vertex 4.03431 4.03431 6
      vertex 3.96532 4.11299 2
      vertex 3.96532 4.11299 6
    endloop
  endfacet
  facet normal 0.75189 0.659289 0
    outer loop
      vertex 3.96532 4.11299 2
      vertex 4.03431 4.03431 6
      vertex 4.03431 4.03431 2
    endloop
  endfacet
  facet normal 0.896973 -0.442086 0
    outer loop
      vertex 3.8609 40.5061 6
      vertex 3.90718 40.6 2
      vertex 3.90718 40.6 6
    endloop
  endfacet
  facet normal 0.896973 -0.442086 0
    outer loop
      vertex 3.90718 40.6 2
      vertex 3.8609 40.5061 6
      vertex 3.8609 40.5061 2
    endloop
  endfacet
  facet normal -0.831638 0.555318 0
    outer loop
      vertex 58.8347 4.11299 2
      vertex 58.8928 4.2 6
      vertex 58.8928 4.2 2
    endloop
  endfacet
  facet normal -0.831638 0.555318 0
    outer loop
      vertex 58.8928 4.2 6
      vertex 58.8347 4.11299 2
      vertex 58.8347 4.11299 6
    endloop
  endfacet
  facet normal 0.896879 0.442276 0
    outer loop
      vertex 3.90718 4.2 6
      vertex 3.8609 4.29385 2
      vertex 3.8609 4.29385 6
    endloop
  endfacet
  facet normal 0.896879 0.442276 0
    outer loop
      vertex 3.8609 4.29385 2
      vertex 3.90718 4.2 6
      vertex 3.90718 4.2 2
    endloop
  endfacet
  facet normal 0.831432 -0.555626 0
    outer loop
      vertex 3.90718 40.6 6
      vertex 3.96532 40.687 2
      vertex 3.96532 40.687 6
    endloop
  endfacet
  facet normal 0.831432 -0.555626 0
    outer loop
      vertex 3.96532 40.687 2
      vertex 3.90718 40.6 6
      vertex 3.90718 40.6 2
    endloop
  endfacet
  facet normal 0.0653646 0.997861 -0
    outer loop
      vertex 4.6 3.8 2
      vertex 4.49558 3.80684 6
      vertex 4.6 3.8 6
    endloop
  endfacet
  facet normal 0.0653646 0.997861 0
    outer loop
      vertex 4.49558 3.80684 6
      vertex 4.6 3.8 2
      vertex 4.49558 3.80684 2
    endloop
  endfacet
  facet normal -0.980654 -0.195749 0
    outer loop
      vertex 58.9932 40.3044 2
      vertex 58.9727 40.4071 6
      vertex 58.9727 40.4071 2
    endloop
  endfacet
  facet normal -0.980654 -0.195749 0
    outer loop
      vertex 58.9727 40.4071 6
      vertex 58.9932 40.3044 2
      vertex 58.9932 40.3044 6
    endloop
  endfacet
  facet normal -0.831609 -0.555362 0
    outer loop
      vertex 58.8928 40.6 2
      vertex 58.8347 40.687 6
      vertex 58.8347 40.687 2
    endloop
  endfacet
  facet normal -0.831609 -0.555362 0
    outer loop
      vertex 58.8347 40.687 6
      vertex 58.8928 40.6 2
      vertex 58.8928 40.6 6
    endloop
  endfacet
  facet normal 0 -1 0
    outer loop
      vertex 4.6 41 2
      vertex 58.2 41 6
      vertex 4.6 41 6
    endloop
  endfacet
  facet normal 0 -1 -0
    outer loop
      vertex 58.2 41 6
      vertex 4.6 41 2
      vertex 58.2 41 2
    endloop
  endfacet
  facet normal -0.195014 0.9808 0
    outer loop
      vertex 58.4071 3.82726 2
      vertex 58.3044 3.80684 6
      vertex 58.4071 3.82726 6
    endloop
  endfacet
  facet normal -0.195014 0.9808 0
    outer loop
      vertex 58.3044 3.80684 6
      vertex 58.4071 3.82726 2
      vertex 58.3044 3.80684 2
    endloop
  endfacet
  facet normal 0.442276 0.896879 -0
    outer loop
      vertex 4.29385 3.8609 2
      vertex 4.2 3.90718 6
      vertex 4.29385 3.8609 6
    endloop
  endfacet
  facet normal 0.442276 0.896879 0
    outer loop
      vertex 4.2 3.90718 6
      vertex 4.29385 3.8609 2
      vertex 4.2 3.90718 2
    endloop
  endfacet
  facet normal -0.896803 0.442429 0
    outer loop
      vertex 58.8928 4.2 2
      vertex 58.9391 4.29385 6
      vertex 58.9391 4.29385 2
    endloop
  endfacet
  facet normal -0.896803 0.442429 0
    outer loop
      vertex 58.9391 4.29385 6
      vertex 58.8928 4.2 2
      vertex 58.8928 4.2 6
    endloop
  endfacet
  facet normal -0.555362 -0.831609 0
    outer loop
      vertex 58.6 40.8928 2
      vertex 58.687 40.8347 6
      vertex 58.6 40.8928 6
    endloop
  endfacet
  facet normal -0.555362 -0.831609 -0
    outer loop
      vertex 58.687 40.8347 6
      vertex 58.6 40.8928 2
      vertex 58.687 40.8347 2
    endloop
  endfacet
  facet normal -0.751925 -0.659248 0
    outer loop
      vertex 58.8347 40.687 2
      vertex 58.7657 40.7657 6
      vertex 58.7657 40.7657 2
    endloop
  endfacet
  facet normal -0.751925 -0.659248 0
    outer loop
      vertex 58.7657 40.7657 6
      vertex 58.8347 40.687 2
      vertex 58.8347 40.687 6
    endloop
  endfacet
  facet normal -0.947036 0.321126 0
    outer loop
      vertex 58.9391 4.29385 2
      vertex 58.9727 4.39294 6
      vertex 58.9727 4.39294 2
    endloop
  endfacet
  facet normal -0.947036 0.321126 0
    outer loop
      vertex 58.9727 4.39294 6
      vertex 58.9391 4.29385 2
      vertex 58.9391 4.29385 6
    endloop
  endfacet
  facet normal 0.555318 -0.831638 0
    outer loop
      vertex 4.11299 40.8347 2
      vertex 4.2 40.8928 6
      vertex 4.11299 40.8347 6
    endloop
  endfacet
  facet normal 0.555318 -0.831638 0
    outer loop
      vertex 4.2 40.8928 6
      vertex 4.11299 40.8347 2
      vertex 4.2 40.8928 2
    endloop
  endfacet
  facet normal 0.659343 -0.751842 0
    outer loop
      vertex 4.03431 40.7657 2
      vertex 4.11299 40.8347 6
      vertex 4.03431 40.7657 6
    endloop
  endfacet
  facet normal 0.659343 -0.751842 0
    outer loop
      vertex 4.11299 40.8347 6
      vertex 4.03431 40.7657 2
      vertex 4.11299 40.8347 2
    endloop
  endfacet
  facet normal -0.946948 -0.321388 0
    outer loop
      vertex 58.9727 40.4071 2
      vertex 58.9391 40.5061 6
      vertex 58.9391 40.5061 2
    endloop
  endfacet
  facet normal -0.946948 -0.321388 0
    outer loop
      vertex 58.9391 40.5061 6
      vertex 58.9727 40.4071 2
      vertex 58.9727 40.4071 6
    endloop
  endfacet
  facet normal 0.751973 -0.659194 0
    outer loop
      vertex 3.96532 40.687 6
      vertex 4.03431 40.7657 2
      vertex 4.03431 40.7657 6
    endloop
  endfacet
  facet normal 0.751973 -0.659194 0
    outer loop
      vertex 4.03431 40.7657 2
      vertex 3.96532 40.687 6
      vertex 3.96532 40.687 2
    endloop
  endfacet
  facet normal -0.0649964 -0.997886 0
    outer loop
      vertex 58.2 41 2
      vertex 58.3044 40.9932 6
      vertex 58.2 41 6
    endloop
  endfacet
  facet normal -0.0649964 -0.997886 -0
    outer loop
      vertex 58.3044 40.9932 6
      vertex 58.2 41 2
      vertex 58.3044 40.9932 2
    endloop
  endfacet
  facet normal -0.195749 -0.980654 0
    outer loop
      vertex 58.3044 40.9932 2
      vertex 58.4071 40.9727 6
      vertex 58.3044 40.9932 6
    endloop
  endfacet
  facet normal -0.195749 -0.980654 -0
    outer loop
      vertex 58.4071 40.9727 6
      vertex 58.3044 40.9932 2
      vertex 58.4071 40.9727 2
    endloop
  endfacet
  facet normal -0.321388 -0.946948 0
    outer loop
      vertex 58.4071 40.9727 2
      vertex 58.5061 40.9391 6
      vertex 58.4071 40.9727 6
    endloop
  endfacet
  facet normal -0.321388 -0.946948 -0
    outer loop
      vertex 58.5061 40.9391 6
      vertex 58.4071 40.9727 2
      vertex 58.5061 40.9391 2
    endloop
  endfacet
  facet normal 0.064984 -0.997886 0
    outer loop
      vertex 4.49558 40.9932 2
      vertex 4.6 41 6
      vertex 4.49558 40.9932 6
    endloop
  endfacet
  facet normal 0.064984 -0.997886 0
    outer loop
      vertex 4.6 41 6
      vertex 4.49558 40.9932 2
      vertex 4.6 41 2
    endloop
  endfacet
  facet normal 0.321469 0.94692 -0
    outer loop
      vertex 4.39294 3.82726 2
      vertex 4.29385 3.8609 6
      vertex 4.39294 3.82726 6
    endloop
  endfacet
  facet normal 0.321469 0.94692 0
    outer loop
      vertex 4.29385 3.8609 6
      vertex 4.39294 3.82726 2
      vertex 4.29385 3.8609 2
    endloop
  endfacet
  facet normal -0.659248 -0.751925 0
    outer loop
      vertex 58.687 40.8347 2
      vertex 58.7657 40.7657 6
      vertex 58.687 40.8347 6
    endloop
  endfacet
  facet normal -0.659248 -0.751925 -0
    outer loop
      vertex 58.7657 40.7657 6
      vertex 58.687 40.8347 2
      vertex 58.7657 40.7657 2
    endloop
  endfacet
  facet normal 0.9808 -0.195014 0
    outer loop
      vertex 3.80684 40.3044 6
      vertex 3.82726 40.4071 2
      vertex 3.82726 40.4071 6
    endloop
  endfacet
  facet normal 0.9808 -0.195014 0
    outer loop
      vertex 3.82726 40.4071 2
      vertex 3.80684 40.3044 6
      vertex 3.80684 40.3044 2
    endloop
  endfacet
  facet normal 0.321126 -0.947036 0
    outer loop
      vertex 4.29385 40.9391 2
      vertex 4.39294 40.9727 6
      vertex 4.29385 40.9391 6
    endloop
  endfacet
  facet normal 0.321126 -0.947036 0
    outer loop
      vertex 4.39294 40.9727 6
      vertex 4.29385 40.9391 2
      vertex 4.39294 40.9727 2
    endloop
  endfacet
  facet normal -0.980632 0.195859 0
    outer loop
      vertex 58.9727 4.39294 2
      vertex 58.9932 4.49558 6
      vertex 58.9932 4.49558 2
    endloop
  endfacet
  facet normal -0.980632 0.195859 0
    outer loop
      vertex 58.9932 4.49558 6
      vertex 58.9727 4.39294 2
      vertex 58.9727 4.39294 6
    endloop
  endfacet
  facet normal 0.195124 0.980779 -0
    outer loop
      vertex 4.49558 3.80684 2
      vertex 4.39294 3.82726 6
      vertex 4.49558 3.80684 6
    endloop
  endfacet
  facet normal 0.195124 0.980779 0
    outer loop
      vertex 4.39294 3.82726 6
      vertex 4.49558 3.80684 2
      vertex 4.39294 3.82726 2
    endloop
  endfacet
  facet normal 0.442429 -0.896803 0
    outer loop
      vertex 4.2 40.8928 2
      vertex 4.29385 40.9391 6
      vertex 4.2 40.8928 6
    endloop
  endfacet
  facet normal 0.442429 -0.896803 0
    outer loop
      vertex 4.29385 40.9391 6
      vertex 4.2 40.8928 2
      vertex 4.29385 40.9391 2
    endloop
  endfacet
  facet normal -0.195195 0.980764 0
    outer loop
      vertex 1.30421 44.7872 0
      vertex 1.11177 44.7489 2
      vertex 1.30421 44.7872 2
    endloop
  endfacet
  facet normal -0.195195 0.980764 0
    outer loop
      vertex 1.11177 44.7489 2
      vertex 1.30421 44.7872 0
      vertex 1.11177 44.7489 0
    endloop
  endfacet
  facet normal 0.659139 -0.752021 0
    outer loop
      vertex 62.2131 0.30997 0
      vertex 62.3607 0.43934 2
      vertex 62.2131 0.30997 2
    endloop
  endfacet
  facet normal 0.659139 -0.752021 0
    outer loop
      vertex 62.3607 0.43934 2
      vertex 62.2131 0.30997 0
      vertex 62.3607 0.43934 0
    endloop
  endfacet
  facet normal -0.997859 -0.0654023 0
    outer loop
      vertex 0.0128326 1.30421 0
      vertex 0 1.5 2
      vertex 0 1.5 0
    endloop
  endfacet
  facet normal -0.997859 -0.0654023 0
    outer loop
      vertex 0 1.5 2
      vertex 0.0128326 1.30421 0
      vertex 0.0128326 1.30421 2
    endloop
  endfacet
  facet normal 1 -0 0
    outer loop
      vertex 62.8 1.5 2
      vertex 62.8 43.3 0
      vertex 62.8 43.3 2
    endloop
  endfacet
  facet normal 1 0 0
    outer loop
      vertex 62.8 43.3 0
      vertex 62.8 1.5 2
      vertex 62.8 1.5 0
    endloop
  endfacet
  facet normal -0.659346 -0.751839 0
    outer loop
      vertex 0.43934 0.43934 0
      vertex 0.586858 0.30997 2
      vertex 0.43934 0.43934 2
    endloop
  endfacet
  facet normal -0.659346 -0.751839 -0
    outer loop
      vertex 0.586858 0.30997 2
      vertex 0.43934 0.43934 0
      vertex 0.586858 0.30997 0
    endloop
  endfacet
  facet normal 0 1 -0
    outer loop
      vertex 61.3 44.8 0
      vertex 1.5 44.8 2
      vertex 61.3 44.8 2
    endloop
  endfacet
  facet normal 0 1 0
    outer loop
      vertex 1.5 44.8 2
      vertex 61.3 44.8 0
      vertex 1.5 44.8 0
    endloop
  endfacet
  facet normal -0.659145 0.752016 0
    outer loop
      vertex 0.586858 44.49 0
      vertex 0.43934 44.3607 2
      vertex 0.586858 44.49 2
    endloop
  endfacet
  facet normal -0.659145 0.752016 0
    outer loop
      vertex 0.43934 44.3607 2
      vertex 0.586858 44.49 0
      vertex 0.43934 44.3607 0
    endloop
  endfacet
  facet normal -1 0 0
    outer loop
      vertex 0 1.5 0
      vertex 0 43.3 2
      vertex 0 43.3 0
    endloop
  endfacet
  facet normal -1 -0 0
    outer loop
      vertex 0 43.3 2
      vertex 0 1.5 0
      vertex 0 1.5 2
    endloop
  endfacet
  facet normal 0.658937 0.752198 -0
    outer loop
      vertex 62.3607 44.3607 0
      vertex 62.2131 44.49 2
      vertex 62.3607 44.3607 2
    endloop
  endfacet
  facet normal 0.658937 0.752198 0
    outer loop
      vertex 62.2131 44.49 2
      vertex 62.3607 44.3607 0
      vertex 62.2131 44.49 0
    endloop
  endfacet
  facet normal -0.442365 0.896835 0
    outer loop
      vertex 0.925975 44.6858 0
      vertex 0.75 44.599 2
      vertex 0.925975 44.6858 2
    endloop
  endfacet
  facet normal -0.442365 0.896835 0
    outer loop
      vertex 0.75 44.599 2
      vertex 0.925975 44.6858 0
      vertex 0.75 44.599 0
    endloop
  endfacet
  facet normal 0.752016 -0.659145 0
    outer loop
      vertex 62.3607 0.43934 2
      vertex 62.49 0.586858 0
      vertex 62.49 0.586858 2
    endloop
  endfacet
  facet normal 0.752016 -0.659145 0
    outer loop
      vertex 62.49 0.586858 0
      vertex 62.3607 0.43934 2
      vertex 62.3607 0.43934 0
    endloop
  endfacet
  facet normal 0.946882 -0.321582 0
    outer loop
      vertex 62.6858 0.925975 2
      vertex 62.7489 1.11177 0
      vertex 62.7489 1.11177 2
    endloop
  endfacet
  facet normal 0.946882 -0.321582 0
    outer loop
      vertex 62.7489 1.11177 0
      vertex 62.6858 0.925975 2
      vertex 62.6858 0.925975 0
    endloop
  endfacet
  facet normal 0 -1 0
    outer loop
      vertex 1.5 0 0
      vertex 61.3 0 2
      vertex 1.5 0 2
    endloop
  endfacet
  facet normal 0 -1 -0
    outer loop
      vertex 61.3 0 2
      vertex 1.5 0 0
      vertex 61.3 0 0
    endloop
  endfacet
  facet normal -0.442283 -0.896875 0
    outer loop
      vertex 0.75 0.200961 0
      vertex 0.925975 0.114181 2
      vertex 0.75 0.200961 2
    endloop
  endfacet
  facet normal -0.442283 -0.896875 -0
    outer loop
      vertex 0.925975 0.114181 2
      vertex 0.75 0.200961 0
      vertex 0.925975 0.114181 0
    endloop
  endfacet
  facet normal 0.831488 -0.555542 0
    outer loop
      vertex 62.49 0.586858 2
      vertex 62.599 0.75 0
      vertex 62.599 0.75 2
    endloop
  endfacet
  facet normal 0.831488 -0.555542 0
    outer loop
      vertex 62.599 0.75 0
      vertex 62.49 0.586858 2
      vertex 62.49 0.586858 0
    endloop
  endfacet
  facet normal -0.555574 -0.831467 0
    outer loop
      vertex 0.586858 0.30997 0
      vertex 0.75 0.200961 2
      vertex 0.586858 0.30997 2
    endloop
  endfacet
  facet normal -0.555574 -0.831467 -0
    outer loop
      vertex 0.75 0.200961 2
      vertex 0.586858 0.30997 0
      vertex 0.75 0.200961 0
    endloop
  endfacet
  facet normal -0.946931 0.321436 0
    outer loop
      vertex 0.0511112 43.6882 0
      vertex 0.114181 43.874 2
      vertex 0.114181 43.874 0
    endloop
  endfacet
  facet normal -0.946931 0.321436 0
    outer loop
      vertex 0.114181 43.874 2
      vertex 0.0511112 43.6882 0
      vertex 0.0511112 43.6882 2
    endloop
  endfacet
  facet normal 0.946885 0.321574 0
    outer loop
      vertex 62.7489 43.6882 2
      vertex 62.6858 43.874 0
      vertex 62.6858 43.874 2
    endloop
  endfacet
  facet normal 0.946885 0.321574 0
    outer loop
      vertex 62.6858 43.874 0
      vertex 62.7489 43.6882 2
      vertex 62.7489 43.6882 0
    endloop
  endfacet
  facet normal 0.99787 0.0652336 0
    outer loop
      vertex 62.8 43.3 2
      vertex 62.7872 43.4958 0
      vertex 62.7872 43.4958 2
    endloop
  endfacet
  facet normal 0.99787 0.0652336 0
    outer loop
      vertex 62.7872 43.4958 0
      vertex 62.8 43.3 2
      vertex 62.8 43.3 0
    endloop
  endfacet
  facet normal -0.997859 0.065399 0
    outer loop
      vertex 0 43.3 0
      vertex 0.0128326 43.4958 2
      vertex 0.0128326 43.4958 0
    endloop
  endfacet
  facet normal -0.997859 0.065399 0
    outer loop
      vertex 0.0128326 43.4958 2
      vertex 0 43.3 0
      vertex 0 43.3 2
    endloop
  endfacet
  facet normal 0.896835 -0.442365 0
    outer loop
      vertex 62.599 0.75 2
      vertex 62.6858 0.925975 0
      vertex 62.6858 0.925975 2
    endloop
  endfacet
  facet normal 0.896835 -0.442365 0
    outer loop
      vertex 62.6858 0.925975 0
      vertex 62.599 0.75 2
      vertex 62.599 0.75 0
    endloop
  endfacet
  facet normal 0.321574 0.946885 -0
    outer loop
      vertex 61.874 44.6858 0
      vertex 61.6882 44.7489 2
      vertex 61.874 44.6858 2
    endloop
  endfacet
  facet normal 0.321574 0.946885 0
    outer loop
      vertex 61.6882 44.7489 2
      vertex 61.874 44.6858 0
      vertex 61.6882 44.7489 0
    endloop
  endfacet
  facet normal 0.0652336 0.99787 -0
    outer loop
      vertex 61.4958 44.7872 0
      vertex 61.3 44.8 2
      vertex 61.4958 44.7872 2
    endloop
  endfacet
  facet normal 0.0652336 0.99787 0
    outer loop
      vertex 61.3 44.8 2
      vertex 61.4958 44.7872 0
      vertex 61.3 44.8 0
    endloop
  endfacet
  facet normal -0.831467 -0.555574 0
    outer loop
      vertex 0.30997 0.586858 0
      vertex 0.200961 0.75 2
      vertex 0.200961 0.75 0
    endloop
  endfacet
  facet normal -0.831467 -0.555574 0
    outer loop
      vertex 0.200961 0.75 2
      vertex 0.30997 0.586858 0
      vertex 0.30997 0.586858 2
    endloop
  endfacet
  facet normal -0.0654023 -0.997859 0
    outer loop
      vertex 1.30421 0.0128326 0
      vertex 1.5 0 2
      vertex 1.30421 0.0128326 2
    endloop
  endfacet
  facet normal -0.0654023 -0.997859 -0
    outer loop
      vertex 1.5 0 2
      vertex 1.30421 0.0128326 0
      vertex 1.5 0 0
    endloop
  endfacet
  facet normal 0.99787 -0.0652369 0
    outer loop
      vertex 62.7872 1.30421 2
      vertex 62.8 1.5 0
      vertex 62.8 1.5 2
    endloop
  endfacet
  facet normal 0.99787 -0.0652369 0
    outer loop
      vertex 62.8 1.5 0
      vertex 62.7872 1.30421 2
      vertex 62.7872 1.30421 0
    endloop
  endfacet
  facet normal -0.555542 0.831488 0
    outer loop
      vertex 0.75 44.599 0
      vertex 0.586858 44.49 2
      vertex 0.75 44.599 2
    endloop
  endfacet
  facet normal -0.555542 0.831488 0
    outer loop
      vertex 0.586858 44.49 2
      vertex 0.75 44.599 0
      vertex 0.586858 44.49 0
    endloop
  endfacet
  facet normal -0.980778 0.195129 0
    outer loop
      vertex 0.0128326 43.4958 0
      vertex 0.0511112 43.6882 2
      vertex 0.0511112 43.6882 0
    endloop
  endfacet
  facet normal -0.980778 0.195129 0
    outer loop
      vertex 0.0511112 43.6882 2
      vertex 0.0128326 43.4958 0
      vertex 0.0128326 43.4958 2
    endloop
  endfacet
  facet normal -0.321444 -0.946929 0
    outer loop
      vertex 0.925975 0.114181 0
      vertex 1.11177 0.0511112 2
      vertex 0.925975 0.114181 2
    endloop
  endfacet
  facet normal -0.321444 -0.946929 -0
    outer loop
      vertex 1.11177 0.0511112 2
      vertex 0.925975 0.114181 0
      vertex 1.11177 0.0511112 0
    endloop
  endfacet
  facet normal -0.980785 -0.19509 0
    outer loop
      vertex 0.0511112 1.11177 0
      vertex 0.0128326 1.30421 2
      vertex 0.0128326 1.30421 0
    endloop
  endfacet
  facet normal -0.980785 -0.19509 0
    outer loop
      vertex 0.0128326 1.30421 2
      vertex 0.0511112 1.11177 0
      vertex 0.0511112 1.11177 2
    endloop
  endfacet
  facet normal -0.752021 0.659139 0
    outer loop
      vertex 0.30997 44.2131 0
      vertex 0.43934 44.3607 2
      vertex 0.43934 44.3607 0
    endloop
  endfacet
  facet normal -0.752021 0.659139 0
    outer loop
      vertex 0.43934 44.3607 2
      vertex 0.30997 44.2131 0
      vertex 0.30997 44.2131 2
    endloop
  endfacet
  facet normal 0.321436 -0.946931 0
    outer loop
      vertex 61.6882 0.0511112 0
      vertex 61.874 0.114181 2
      vertex 61.6882 0.0511112 2
    endloop
  endfacet
  facet normal 0.321436 -0.946931 0
    outer loop
      vertex 61.874 0.114181 2
      vertex 61.6882 0.0511112 0
      vertex 61.874 0.114181 0
    endloop
  endfacet
  facet normal -0.831401 0.555673 0
    outer loop
      vertex 0.200961 44.05 0
      vertex 0.30997 44.2131 2
      vertex 0.30997 44.2131 0
    endloop
  endfacet
  facet normal -0.831401 0.555673 0
    outer loop
      vertex 0.30997 44.2131 2
      vertex 0.200961 44.05 0
      vertex 0.200961 44.05 2
    endloop
  endfacet
  facet normal -0.8969 0.442233 0
    outer loop
      vertex 0.114181 43.874 0
      vertex 0.200961 44.05 2
      vertex 0.200961 44.05 0
    endloop
  endfacet
  facet normal -0.8969 0.442233 0
    outer loop
      vertex 0.200961 44.05 2
      vertex 0.114181 43.874 0
      vertex 0.114181 43.874 2
    endloop
  endfacet
  facet normal 0.195129 -0.980778 0
    outer loop
      vertex 61.4958 0.0128326 0
      vertex 61.6882 0.0511112 2
      vertex 61.4958 0.0128326 2
    endloop
  endfacet
  facet normal 0.195129 -0.980778 0
    outer loop
      vertex 61.6882 0.0511112 2
      vertex 61.4958 0.0128326 0
      vertex 61.6882 0.0511112 0
    endloop
  endfacet
  facet normal 0.442233 -0.8969 0
    outer loop
      vertex 61.874 0.114181 0
      vertex 62.05 0.200961 2
      vertex 61.874 0.114181 2
    endloop
  endfacet
  facet normal 0.442233 -0.8969 0
    outer loop
      vertex 62.05 0.200961 2
      vertex 61.874 0.114181 0
      vertex 62.05 0.200961 0
    endloop
  endfacet
  facet normal 0.980757 0.195234 0
    outer loop
      vertex 62.7872 43.4958 2
      vertex 62.7489 43.6882 0
      vertex 62.7489 43.6882 2
    endloop
  endfacet
  facet normal 0.980757 0.195234 0
    outer loop
      vertex 62.7489 43.6882 0
      vertex 62.7872 43.4958 2
      vertex 62.7872 43.4958 0
    endloop
  endfacet
  facet normal -0.946929 -0.321444 0
    outer loop
      vertex 0.114181 0.925975 0
      vertex 0.0511112 1.11177 2
      vertex 0.0511112 1.11177 0
    endloop
  endfacet
  facet normal -0.946929 -0.321444 0
    outer loop
      vertex 0.0511112 1.11177 2
      vertex 0.114181 0.925975 0
      vertex 0.114181 0.925975 2
    endloop
  endfacet
  facet normal 0.831422 0.555641 0
    outer loop
      vertex 62.599 44.05 2
      vertex 62.49 44.2131 0
      vertex 62.49 44.2131 2
    endloop
  endfacet
  facet normal 0.831422 0.555641 0
    outer loop
      vertex 62.49 44.2131 0
      vertex 62.599 44.05 2
      vertex 62.599 44.05 0
    endloop
  endfacet
  facet normal 0.442315 0.89686 -0
    outer loop
      vertex 62.05 44.599 0
      vertex 61.874 44.6858 2
      vertex 62.05 44.599 2
    endloop
  endfacet
  facet normal 0.442315 0.89686 0
    outer loop
      vertex 61.874 44.6858 2
      vertex 62.05 44.599 0
      vertex 61.874 44.6858 0
    endloop
  endfacet
  facet normal 0.752198 0.658937 0
    outer loop
      vertex 62.49 44.2131 2
      vertex 62.3607 44.3607 0
      vertex 62.3607 44.3607 2
    endloop
  endfacet
  facet normal 0.752198 0.658937 0
    outer loop
      vertex 62.3607 44.3607 0
      vertex 62.49 44.2131 2
      vertex 62.49 44.2131 0
    endloop
  endfacet
  facet normal 0.555673 -0.831401 0
    outer loop
      vertex 62.05 0.200961 0
      vertex 62.2131 0.30997 2
      vertex 62.05 0.200961 2
    endloop
  endfacet
  facet normal 0.555673 -0.831401 0
    outer loop
      vertex 62.2131 0.30997 2
      vertex 62.05 0.200961 0
      vertex 62.2131 0.30997 0
    endloop
  endfacet
  facet normal -0.0652369 0.99787 0
    outer loop
      vertex 1.5 44.8 0
      vertex 1.30421 44.7872 2
      vertex 1.5 44.8 2
    endloop
  endfacet
  facet normal -0.0652369 0.99787 0
    outer loop
      vertex 1.30421 44.7872 2
      vertex 1.5 44.8 0
      vertex 1.30421 44.7872 0
    endloop
  endfacet
  facet normal 0.555641 0.831422 -0
    outer loop
      vertex 62.2131 44.49 0
      vertex 62.05 44.599 2
      vertex 62.2131 44.49 2
    endloop
  endfacet
  facet normal 0.555641 0.831422 0
    outer loop
      vertex 62.05 44.599 2
      vertex 62.2131 44.49 0
      vertex 62.05 44.599 0
    endloop
  endfacet
  facet normal 0.980764 -0.195195 0
    outer loop
      vertex 62.7489 1.11177 2
      vertex 62.7872 1.30421 0
      vertex 62.7872 1.30421 2
    endloop
  endfacet
  facet normal 0.980764 -0.195195 0
    outer loop
      vertex 62.7872 1.30421 0
      vertex 62.7489 1.11177 2
      vertex 62.7489 1.11177 0
    endloop
  endfacet
  facet normal 0.065399 -0.997859 0
    outer loop
      vertex 61.3 0 0
      vertex 61.4958 0.0128326 2
      vertex 61.3 0 2
    endloop
  endfacet
  facet normal 0.065399 -0.997859 0
    outer loop
      vertex 61.4958 0.0128326 2
      vertex 61.3 0 0
      vertex 61.4958 0.0128326 0
    endloop
  endfacet
  facet normal -0.751839 -0.659346 0
    outer loop
      vertex 0.43934 0.43934 0
      vertex 0.30997 0.586858 2
      vertex 0.30997 0.586858 0
    endloop
  endfacet
  facet normal -0.751839 -0.659346 0
    outer loop
      vertex 0.30997 0.586858 2
      vertex 0.43934 0.43934 0
      vertex 0.43934 0.43934 2
    endloop
  endfacet
  facet normal -0.321582 0.946882 0
    outer loop
      vertex 1.11177 44.7489 0
      vertex 0.925975 44.6858 2
      vertex 1.11177 44.7489 2
    endloop
  endfacet
  facet normal -0.321582 0.946882 0
    outer loop
      vertex 0.925975 44.6858 2
      vertex 1.11177 44.7489 0
      vertex 0.925975 44.6858 0
    endloop
  endfacet
  facet normal 0.89686 0.442315 0
    outer loop
      vertex 62.6858 43.874 2
      vertex 62.599 44.05 0
      vertex 62.599 44.05 2
    endloop
  endfacet
  facet normal 0.89686 0.442315 0
    outer loop
      vertex 62.599 44.05 0
      vertex 62.6858 43.874 2
      vertex 62.6858 43.874 0
    endloop
  endfacet
  facet normal 0 0 -1
    outer loop
      vertex 61.3 0 0
      vertex 62.8 1.5 0
      vertex 62.7872 1.30421 0
    endloop
  endfacet
  facet normal 0 0 -1
    outer loop
      vertex 62.8 1.5 0
      vertex 46.4 15.3 0
      vertex 62.8 43.3 0
    endloop
  endfacet
  facet normal 0 0 -1
    outer loop
      vertex 61.3 0 0
      vertex 62.7872 1.30421 0
      vertex 62.7489 1.11177 0
    endloop
  endfacet
  facet normal 0 0 -1
    outer loop
      vertex 46.4 29.5 0
      vertex 62.8 43.3 0
      vertex 46.4 15.3 0
    endloop
  endfacet
  facet normal 0 0 -1
    outer loop
      vertex 61.3 0 0
      vertex 62.7489 1.11177 0
      vertex 62.6858 0.925975 0
    endloop
  endfacet
  facet normal 0 0 -1
    outer loop
      vertex 46.3923 29.6175 0
      vertex 62.8 43.3 0
      vertex 46.4 29.5 0
    endloop
  endfacet
  facet normal 0 0 -1
    outer loop
      vertex 61.3 0 0
      vertex 62.6858 0.925975 0
      vertex 62.599 0.75 0
    endloop
  endfacet
  facet normal 0 0 -1
    outer loop
      vertex 46.3693 29.7329 0
      vertex 62.8 43.3 0
      vertex 46.3923 29.6175 0
    endloop
  endfacet
  facet normal 0 0 -1
    outer loop
      vertex 61.3 0 0
      vertex 62.599 0.75 0
      vertex 62.49 0.586858 0
    endloop
  endfacet
  facet normal 0 0 -1
    outer loop
      vertex 46.3315 29.8444 0
      vertex 62.8 43.3 0
      vertex 46.3693 29.7329 0
    endloop
  endfacet
  facet normal 0 0 -1
    outer loop
      vertex 61.3 0 0
      vertex 62.49 0.586858 0
      vertex 62.3607 0.43934 0
    endloop
  endfacet
  facet normal 0 0 -1
    outer loop
      vertex 46.2794 29.95 0
      vertex 62.8 43.3 0
      vertex 46.3315 29.8444 0
    endloop
  endfacet
  facet normal 0 0 -1
    outer loop
      vertex 61.3 0 0
      vertex 62.3607 0.43934 0
      vertex 62.2131 0.30997 0
    endloop
  endfacet
  facet normal 0 0 -1
    outer loop
      vertex 46.214 30.0479 0
      vertex 62.8 43.3 0
      vertex 46.2794 29.95 0
    endloop
  endfacet
  facet normal 0 0 -1
    outer loop
      vertex 61.3 0 0
      vertex 62.2131 0.30997 0
      vertex 62.05 0.200961 0
    endloop
  endfacet
  facet normal 0 -0 -1
    outer loop
      vertex 61.3 44.8 0
      vertex 62.8 43.3 0
      vertex 46.214 30.0479 0
    endloop
  endfacet
  facet normal 0 0 -1
    outer loop
      vertex 61.3 0 0
      vertex 62.05 0.200961 0
      vertex 61.874 0.114181 0
    endloop
  endfacet
  facet normal 0 0 -1
    outer loop
      vertex 62.7872 43.4958 0
      vertex 61.3 44.8 0
      vertex 62.7489 43.6882 0
    endloop
  endfacet
  facet normal 0 0 -1
    outer loop
      vertex 61.3 0 0
      vertex 61.874 0.114181 0
      vertex 61.6882 0.0511112 0
    endloop
  endfacet
  facet normal 0 0 -1
    outer loop
      vertex 62.6858 43.874 0
      vertex 61.3 44.8 0
      vertex 62.599 44.05 0
    endloop
  endfacet
  facet normal 0 0 -1
    outer loop
      vertex 61.3 0 0
      vertex 61.6882 0.0511112 0
      vertex 61.4958 0.0128326 0
    endloop
  endfacet
  facet normal 0 0 -1
    outer loop
      vertex 62.599 44.05 0
      vertex 61.3 44.8 0
      vertex 62.49 44.2131 0
    endloop
  endfacet
  facet normal -0 0 -1
    outer loop
      vertex 62.8 1.5 0
      vertex 61.3 0 0
      vertex 46.214 14.7521 0
    endloop
  endfacet
  facet normal 0 0 -1
    outer loop
      vertex 62.3607 44.3607 0
      vertex 61.3 44.8 0
      vertex 62.2131 44.49 0
    endloop
  endfacet
  facet normal 0 0 -1
    outer loop
      vertex 62.05 44.599 0
      vertex 61.3 44.8 0
      vertex 61.874 44.6858 0
    endloop
  endfacet
  facet normal 0 0 -1
    outer loop
      vertex 62.8 1.5 0
      vertex 46.3923 15.1825 0
      vertex 46.4 15.3 0
    endloop
  endfacet
  facet normal 0 0 -1
    outer loop
      vertex 62.8 1.5 0
      vertex 46.3693 15.0671 0
      vertex 46.3923 15.1825 0
    endloop
  endfacet
  facet normal 0 0 -1
    outer loop
      vertex 62.8 1.5 0
      vertex 46.3315 14.9556 0
      vertex 46.3693 15.0671 0
    endloop
  endfacet
  facet normal 0 0 -1
    outer loop
      vertex 62.8 1.5 0
      vertex 46.2794 14.85 0
      vertex 46.3315 14.9556 0
    endloop
  endfacet
  facet normal 0 0 -1
    outer loop
      vertex 62.8 1.5 0
      vertex 46.214 14.7521 0
      vertex 46.2794 14.85 0
    endloop
  endfacet
  facet normal 0 0 -1
    outer loop
      vertex 61.3 0 0
      vertex 46.1364 14.6636 0
      vertex 46.214 14.7521 0
    endloop
  endfacet
  facet normal 0 0 -1
    outer loop
      vertex 61.3 0 0
      vertex 46.0479 14.586 0
      vertex 46.1364 14.6636 0
    endloop
  endfacet
  facet normal 0 0 -1
    outer loop
      vertex 61.3 0 0
      vertex 45.95 14.5206 0
      vertex 46.0479 14.586 0
    endloop
  endfacet
  facet normal 0 0 -1
    outer loop
      vertex 61.3 0 0
      vertex 45.8444 14.4685 0
      vertex 45.95 14.5206 0
    endloop
  endfacet
  facet normal 0 0 -1
    outer loop
      vertex 61.3 0 0
      vertex 45.7329 14.4307 0
      vertex 45.8444 14.4685 0
    endloop
  endfacet
  facet normal 0 0 -1
    outer loop
      vertex 61.3 0 0
      vertex 45.6175 14.4077 0
      vertex 45.7329 14.4307 0
    endloop
  endfacet
  facet normal 0 0 -1
    outer loop
      vertex 61.3 0 0
      vertex 45.5 14.4 0
      vertex 45.6175 14.4077 0
    endloop
  endfacet
  facet normal 0 0 -1
    outer loop
      vertex 61.3 0 0
      vertex 45.3 14.4 0
      vertex 45.5 14.4 0
    endloop
  endfacet
  facet normal 0 0 -1
    outer loop
      vertex 61.3 0 0
      vertex 45.1825 14.4077 0
      vertex 45.3 14.4 0
    endloop
  endfacet
  facet normal 0 0 -1
    outer loop
      vertex 38.6175 14.4077 0
      vertex 45.1825 14.4077 0
      vertex 61.3 0 0
    endloop
  endfacet
  facet normal 0 0 -1
    outer loop
      vertex 45.1825 14.4077 0
      vertex 38.6175 14.4077 0
      vertex 45.0671 14.4307 0
    endloop
  endfacet
  facet normal 0 -0 -1
    outer loop
      vertex 38.7329 14.4307 0
      vertex 45.0671 14.4307 0
      vertex 38.6175 14.4077 0
    endloop
  endfacet
  facet normal 0 0 -1
    outer loop
      vertex 45.0671 14.4307 0
      vertex 38.7329 14.4307 0
      vertex 44.9556 14.4685 0
    endloop
  endfacet
  facet normal 0 -0 -1
    outer loop
      vertex 38.8444 14.4685 0
      vertex 44.9556 14.4685 0
      vertex 38.7329 14.4307 0
    endloop
  endfacet
  facet normal 0 0 -1
    outer loop
      vertex 44.4 15.3 0
      vertex 39.4 15.3 0
      vertex 44.4 29.5 0
    endloop
  endfacet
  facet normal 0 0 -1
    outer loop
      vertex 44.4077 15.1825 0
      vertex 39.4 15.3 0
      vertex 44.4 15.3 0
    endloop
  endfacet
  facet normal 0 0 -1
    outer loop
      vertex 39.3923 15.1825 0
      vertex 44.4077 15.1825 0
      vertex 44.4307 15.0671 0
    endloop
  endfacet
  facet normal 0 0 -1
    outer loop
      vertex 39.3693 15.0671 0
      vertex 44.4307 15.0671 0
      vertex 44.4685 14.9556 0
    endloop
  endfacet
  facet normal 0 0 -1
    outer loop
      vertex 39.3315 14.9556 0
      vertex 44.4685 14.9556 0
      vertex 44.5206 14.85 0
    endloop
  endfacet
  facet normal 0 0 -1
    outer loop
      vertex 39.2794 14.85 0
      vertex 44.5206 14.85 0
      vertex 44.586 14.7521 0
    endloop
  endfacet
  facet normal 0 0 -1
    outer loop
      vertex 39.214 14.7521 0
      vertex 44.586 14.7521 0
      vertex 44.6636 14.6636 0
    endloop
  endfacet
  facet normal 0 -0 -1
    outer loop
      vertex 38.95 14.5206 0
      vertex 44.85 14.5206 0
      vertex 38.8444 14.4685 0
    endloop
  endfacet
  facet normal 0 0 -1
    outer loop
      vertex 44.4077 15.1825 0
      vertex 39.3923 15.1825 0
      vertex 39.4 15.3 0
    endloop
  endfacet
  facet normal 0 0 -1
    outer loop
      vertex 44.4307 15.0671 0
      vertex 39.3693 15.0671 0
      vertex 39.3923 15.1825 0
    endloop
  endfacet
  facet normal 0 0 -1
    outer loop
      vertex 44.4685 14.9556 0
      vertex 39.3315 14.9556 0
      vertex 39.3693 15.0671 0
    endloop
  endfacet
  facet normal 0 0 -1
    outer loop
      vertex 44.5206 14.85 0
      vertex 39.2794 14.85 0
      vertex 39.3315 14.9556 0
    endloop
  endfacet
  facet normal 0 0 -1
    outer loop
      vertex 44.586 14.7521 0
      vertex 39.214 14.7521 0
      vertex 39.2794 14.85 0
    endloop
  endfacet
  facet normal 0 0 -1
    outer loop
      vertex 44.6636 14.6636 0
      vertex 39.1364 14.6636 0
      vertex 39.214 14.7521 0
    endloop
  endfacet
  facet normal -0 0 -1
    outer loop
      vertex 44.6636 14.6636 0
      vertex 39.0479 14.586 0
      vertex 39.1364 14.6636 0
    endloop
  endfacet
  facet normal 0 0 -1
    outer loop
      vertex 44.7521 14.586 0
      vertex 39.0479 14.586 0
      vertex 44.6636 14.6636 0
    endloop
  endfacet
  facet normal 0 -0 -1
    outer loop
      vertex 39.0479 14.586 0
      vertex 44.7521 14.586 0
      vertex 38.95 14.5206 0
    endloop
  endfacet
  facet normal 0 0 -1
    outer loop
      vertex 44.85 14.5206 0
      vertex 38.95 14.5206 0
      vertex 44.7521 14.586 0
    endloop
  endfacet
  facet normal 0 0 -1
    outer loop
      vertex 44.9556 14.4685 0
      vertex 38.8444 14.4685 0
      vertex 44.85 14.5206 0
    endloop
  endfacet
  facet normal 0 0 -1
    outer loop
      vertex 61.3 0 0
      vertex 38.5 14.4 0
      vertex 38.6175 14.4077 0
    endloop
  endfacet
  facet normal 0 0 -1
    outer loop
      vertex 61.3 0 0
      vertex 38.3 14.4 0
      vertex 38.5 14.4 0
    endloop
  endfacet
  facet normal 0 0 -1
    outer loop
      vertex 61.3 0 0
      vertex 38.1825 14.4077 0
      vertex 38.3 14.4 0
    endloop
  endfacet
  facet normal 0 0 -1
    outer loop
      vertex 31.6175 14.4077 0
      vertex 38.1825 14.4077 0
      vertex 61.3 0 0
    endloop
  endfacet
  facet normal 0 0 -1
    outer loop
      vertex 38.1825 14.4077 0
      vertex 31.6175 14.4077 0
      vertex 38.0671 14.4307 0
    endloop
  endfacet
  facet normal 0 -0 -1
    outer loop
      vertex 31.7329 14.4307 0
      vertex 38.0671 14.4307 0
      vertex 31.6175 14.4077 0
    endloop
  endfacet
  facet normal 0 0 -1
    outer loop
      vertex 37.4 15.3 0
      vertex 32.4 15.3 0
      vertex 37.4 29.5 0
    endloop
  endfacet
  facet normal 0 0 -1
    outer loop
      vertex 37.4077 15.1825 0
      vertex 32.4 15.3 0
      vertex 37.4 15.3 0
    endloop
  endfacet
  facet normal 0 0 -1
    outer loop
      vertex 32.3923 15.1825 0
      vertex 37.4077 15.1825 0
      vertex 37.4307 15.0671 0
    endloop
  endfacet
  facet normal 0 0 -1
    outer loop
      vertex 32.3693 15.0671 0
      vertex 37.4307 15.0671 0
      vertex 37.4685 14.9556 0
    endloop
  endfacet
  facet normal 0 0 -1
    outer loop
      vertex 32.3315 14.9556 0
      vertex 37.4685 14.9556 0
      vertex 37.5206 14.85 0
    endloop
  endfacet
  facet normal 0 0 -1
    outer loop
      vertex 32.2794 14.85 0
      vertex 37.5206 14.85 0
      vertex 37.586 14.7521 0
    endloop
  endfacet
  facet normal 0 0 -1
    outer loop
      vertex 32.214 14.7521 0
      vertex 37.586 14.7521 0
      vertex 37.6636 14.6636 0
    endloop
  endfacet
  facet normal 0 0 -1
    outer loop
      vertex 32.1364 14.6636 0
      vertex 37.6636 14.6636 0
      vertex 37.7521 14.586 0
    endloop
  endfacet
  facet normal 0 0 -1
    outer loop
      vertex 32.0479 14.586 0
      vertex 37.7521 14.586 0
      vertex 37.85 14.5206 0
    endloop
  endfacet
  facet normal 0 0 -1
    outer loop
      vertex 38.0671 14.4307 0
      vertex 31.7329 14.4307 0
      vertex 37.9556 14.4685 0
    endloop
  endfacet
  facet normal 0 0 -1
    outer loop
      vertex 37.4077 15.1825 0
      vertex 32.3923 15.1825 0
      vertex 32.4 15.3 0
    endloop
  endfacet
  facet normal 0 0 -1
    outer loop
      vertex 37.4307 15.0671 0
      vertex 32.3693 15.0671 0
      vertex 32.3923 15.1825 0
    endloop
  endfacet
  facet normal 0 0 -1
    outer loop
      vertex 37.4685 14.9556 0
      vertex 32.3315 14.9556 0
      vertex 32.3693 15.0671 0
    endloop
  endfacet
  facet normal 0 0 -1
    outer loop
      vertex 37.5206 14.85 0
      vertex 32.2794 14.85 0
      vertex 32.3315 14.9556 0
    endloop
  endfacet
  facet normal 0 0 -1
    outer loop
      vertex 37.586 14.7521 0
      vertex 32.214 14.7521 0
      vertex 32.2794 14.85 0
    endloop
  endfacet
  facet normal 0 0 -1
    outer loop
      vertex 37.6636 14.6636 0
      vertex 32.1364 14.6636 0
      vertex 32.214 14.7521 0
    endloop
  endfacet
  facet normal 0 0 -1
    outer loop
      vertex 37.7521 14.586 0
      vertex 32.0479 14.586 0
      vertex 32.1364 14.6636 0
    endloop
  endfacet
  facet normal 0 0 -1
    outer loop
      vertex 37.85 14.5206 0
      vertex 31.95 14.5206 0
      vertex 32.0479 14.586 0
    endloop
  endfacet
  facet normal -0 0 -1
    outer loop
      vertex 37.85 14.5206 0
      vertex 31.8444 14.4685 0
      vertex 31.95 14.5206 0
    endloop
  endfacet
  facet normal 0 0 -1
    outer loop
      vertex 37.9556 14.4685 0
      vertex 31.8444 14.4685 0
      vertex 37.85 14.5206 0
    endloop
  endfacet
  facet normal 0 -0 -1
    outer loop
      vertex 31.8444 14.4685 0
      vertex 37.9556 14.4685 0
      vertex 31.7329 14.4307 0
    endloop
  endfacet
  facet normal 0 0 -1
    outer loop
      vertex 61.3 0 0
      vertex 31.5 14.4 0
      vertex 31.6175 14.4077 0
    endloop
  endfacet
  facet normal 0 0 -1
    outer loop
      vertex 61.3 0 0
      vertex 31.3 14.4 0
      vertex 31.5 14.4 0
    endloop
  endfacet
  facet normal 0 0 -1
    outer loop
      vertex 1.5 0 0
      vertex 31.3 14.4 0
      vertex 61.3 0 0
    endloop
  endfacet
  facet normal -0 0 -1
    outer loop
      vertex 31.3 14.4 0
      vertex 1.5 0 0
      vertex 31.1825 14.4077 0
    endloop
  endfacet
  facet normal 0 -0 -1
    outer loop
      vertex 24.6175 14.4077 0
      vertex 31.1825 14.4077 0
      vertex 1.5 0 0
    endloop
  endfacet
  facet normal 0 0 -1
    outer loop
      vertex 30.4 15.3 0
      vertex 25.4 15.3 0
      vertex 30.4 29.5 0
    endloop
  endfacet
  facet normal 0 0 -1
    outer loop
      vertex 30.4077 15.1825 0
      vertex 25.4 15.3 0
      vertex 30.4 15.3 0
    endloop
  endfacet
  facet normal 0 0 -1
    outer loop
      vertex 25.3923 15.1825 0
      vertex 30.4077 15.1825 0
      vertex 30.4307 15.0671 0
    endloop
  endfacet
  facet normal 0 0 -1
    outer loop
      vertex 25.3693 15.0671 0
      vertex 30.4307 15.0671 0
      vertex 30.4685 14.9556 0
    endloop
  endfacet
  facet normal 0 0 -1
    outer loop
      vertex 25.3315 14.9556 0
      vertex 30.4685 14.9556 0
      vertex 30.5206 14.85 0
    endloop
  endfacet
  facet normal 0 0 -1
    outer loop
      vertex 25.2794 14.85 0
      vertex 30.5206 14.85 0
      vertex 30.586 14.7521 0
    endloop
  endfacet
  facet normal 0 0 -1
    outer loop
      vertex 25.214 14.7521 0
      vertex 30.586 14.7521 0
      vertex 30.6636 14.6636 0
    endloop
  endfacet
  facet normal 0 0 -1
    outer loop
      vertex 25.1364 14.6636 0
      vertex 30.6636 14.6636 0
      vertex 30.7521 14.586 0
    endloop
  endfacet
  facet normal 0 0 -1
    outer loop
      vertex 25.0479 14.586 0
      vertex 30.7521 14.586 0
      vertex 30.85 14.5206 0
    endloop
  endfacet
  facet normal 0 0 -1
    outer loop
      vertex 24.95 14.5206 0
      vertex 30.85 14.5206 0
      vertex 30.9556 14.4685 0
    endloop
  endfacet
  facet normal 0 0 -1
    outer loop
      vertex 31.1825 14.4077 0
      vertex 24.6175 14.4077 0
      vertex 31.0671 14.4307 0
    endloop
  endfacet
  facet normal 0 0 -1
    outer loop
      vertex 30.4077 15.1825 0
      vertex 25.3923 15.1825 0
      vertex 25.4 15.3 0
    endloop
  endfacet
  facet normal 0 0 -1
    outer loop
      vertex 30.4307 15.0671 0
      vertex 25.3693 15.0671 0
      vertex 25.3923 15.1825 0
    endloop
  endfacet
  facet normal 0 0 -1
    outer loop
      vertex 30.4685 14.9556 0
      vertex 25.3315 14.9556 0
      vertex 25.3693 15.0671 0
    endloop
  endfacet
  facet normal 0 0 -1
    outer loop
      vertex 30.5206 14.85 0
      vertex 25.2794 14.85 0
      vertex 25.3315 14.9556 0
    endloop
  endfacet
  facet normal 0 0 -1
    outer loop
      vertex 30.586 14.7521 0
      vertex 25.214 14.7521 0
      vertex 25.2794 14.85 0
    endloop
  endfacet
  facet normal 0 0 -1
    outer loop
      vertex 30.6636 14.6636 0
      vertex 25.1364 14.6636 0
      vertex 25.214 14.7521 0
    endloop
  endfacet
  facet normal 0 0 -1
    outer loop
      vertex 30.7521 14.586 0
      vertex 25.0479 14.586 0
      vertex 25.1364 14.6636 0
    endloop
  endfacet
  facet normal 0 0 -1
    outer loop
      vertex 30.85 14.5206 0
      vertex 24.95 14.5206 0
      vertex 25.0479 14.586 0
    endloop
  endfacet
  facet normal 0 0 -1
    outer loop
      vertex 30.9556 14.4685 0
      vertex 24.8444 14.4685 0
      vertex 24.95 14.5206 0
    endloop
  endfacet
  facet normal -0 0 -1
    outer loop
      vertex 30.9556 14.4685 0
      vertex 24.7329 14.4307 0
      vertex 24.8444 14.4685 0
    endloop
  endfacet
  facet normal 0 0 -1
    outer loop
      vertex 31.0671 14.4307 0
      vertex 24.7329 14.4307 0
      vertex 30.9556 14.4685 0
    endloop
  endfacet
  facet normal 0 -0 -1
    outer loop
      vertex 24.7329 14.4307 0
      vertex 31.0671 14.4307 0
      vertex 24.6175 14.4077 0
    endloop
  endfacet
  facet normal 0 0 -1
    outer loop
      vertex 24.6175 14.4077 0
      vertex 1.5 0 0
      vertex 24.5 14.4 0
    endloop
  endfacet
  facet normal -0 0 -1
    outer loop
      vertex 24.5 14.4 0
      vertex 1.5 0 0
      vertex 24.3 14.4 0
    endloop
  endfacet
  facet normal -0 0 -1
    outer loop
      vertex 24.3 14.4 0
      vertex 1.5 0 0
      vertex 24.1825 14.4077 0
    endloop
  endfacet
  facet normal 0 -0 -1
    outer loop
      vertex 17.6175 14.4077 0
      vertex 24.1825 14.4077 0
      vertex 1.5 0 0
    endloop
  endfacet
  facet normal 0 0 -1
    outer loop
      vertex 23.4 15.3 0
      vertex 18.4 15.3 0
      vertex 23.4 29.5 0
    endloop
  endfacet
  facet normal 0 0 -1
    outer loop
      vertex 23.4077 15.1825 0
      vertex 18.4 15.3 0
      vertex 23.4 15.3 0
    endloop
  endfacet
  facet normal 0 0 -1
    outer loop
      vertex 18.3923 15.1825 0
      vertex 23.4077 15.1825 0
      vertex 23.4307 15.0671 0
    endloop
  endfacet
  facet normal 0 0 -1
    outer loop
      vertex 18.3693 15.0671 0
      vertex 23.4307 15.0671 0
      vertex 23.4685 14.9556 0
    endloop
  endfacet
  facet normal 0 0 -1
    outer loop
      vertex 18.3315 14.9556 0
      vertex 23.4685 14.9556 0
      vertex 23.5206 14.85 0
    endloop
  endfacet
  facet normal 0 0 -1
    outer loop
      vertex 18.2794 14.85 0
      vertex 23.5206 14.85 0
      vertex 23.586 14.7521 0
    endloop
  endfacet
  facet normal 0 0 -1
    outer loop
      vertex 18.214 14.7521 0
      vertex 23.586 14.7521 0
      vertex 23.6636 14.6636 0
    endloop
  endfacet
  facet normal 0 0 -1
    outer loop
      vertex 18.1364 14.6636 0
      vertex 23.6636 14.6636 0
      vertex 23.7521 14.586 0
    endloop
  endfacet
  facet normal 0 0 -1
    outer loop
      vertex 18.0479 14.586 0
      vertex 23.7521 14.586 0
      vertex 23.85 14.5206 0
    endloop
  endfacet
  facet normal 0 0 -1
    outer loop
      vertex 17.95 14.5206 0
      vertex 23.85 14.5206 0
      vertex 23.9556 14.4685 0
    endloop
  endfacet
  facet normal 0 0 -1
    outer loop
      vertex 24.1825 14.4077 0
      vertex 17.6175 14.4077 0
      vertex 24.0671 14.4307 0
    endloop
  endfacet
  facet normal 0 0 -1
    outer loop
      vertex 23.4077 15.1825 0
      vertex 18.3923 15.1825 0
      vertex 18.4 15.3 0
    endloop
  endfacet
  facet normal 0 0 -1
    outer loop
      vertex 23.4307 15.0671 0
      vertex 18.3693 15.0671 0
      vertex 18.3923 15.1825 0
    endloop
  endfacet
  facet normal 0 0 -1
    outer loop
      vertex 23.4685 14.9556 0
      vertex 18.3315 14.9556 0
      vertex 18.3693 15.0671 0
    endloop
  endfacet
  facet normal 0 0 -1
    outer loop
      vertex 23.5206 14.85 0
      vertex 18.2794 14.85 0
      vertex 18.3315 14.9556 0
    endloop
  endfacet
  facet normal 0 0 -1
    outer loop
      vertex 23.586 14.7521 0
      vertex 18.214 14.7521 0
      vertex 18.2794 14.85 0
    endloop
  endfacet
  facet normal 0 0 -1
    outer loop
      vertex 23.6636 14.6636 0
      vertex 18.1364 14.6636 0
      vertex 18.214 14.7521 0
    endloop
  endfacet
  facet normal 0 0 -1
    outer loop
      vertex 23.7521 14.586 0
      vertex 18.0479 14.586 0
      vertex 18.1364 14.6636 0
    endloop
  endfacet
  facet normal 0 0 -1
    outer loop
      vertex 23.85 14.5206 0
      vertex 17.95 14.5206 0
      vertex 18.0479 14.586 0
    endloop
  endfacet
  facet normal 0 0 -1
    outer loop
      vertex 23.9556 14.4685 0
      vertex 17.8444 14.4685 0
      vertex 17.95 14.5206 0
    endloop
  endfacet
  facet normal 0 -0 -1
    outer loop
      vertex 17.7329 14.4307 0
      vertex 24.0671 14.4307 0
      vertex 17.6175 14.4077 0
    endloop
  endfacet
  facet normal -0 0 -1
    outer loop
      vertex 23.9556 14.4685 0
      vertex 17.7329 14.4307 0
      vertex 17.8444 14.4685 0
    endloop
  endfacet
  facet normal 0 0 -1
    outer loop
      vertex 24.0671 14.4307 0
      vertex 17.7329 14.4307 0
      vertex 23.9556 14.4685 0
    endloop
  endfacet
  facet normal 0 0 -1
    outer loop
      vertex 17.6175 14.4077 0
      vertex 1.5 0 0
      vertex 17.5 14.4 0
    endloop
  endfacet
  facet normal -0 0 -1
    outer loop
      vertex 17.5 14.4 0
      vertex 1.5 0 0
      vertex 17.3 14.4 0
    endloop
  endfacet
  facet normal -0 0 -1
    outer loop
      vertex 17.3 14.4 0
      vertex 1.5 0 0
      vertex 17.1825 14.4077 0
    endloop
  endfacet
  facet normal -0 0 -1
    outer loop
      vertex 16.4077 15.1825 0
      vertex 0 1.5 0
      vertex 16.4 15.3 0
    endloop
  endfacet
  facet normal -0 0 -1
    outer loop
      vertex 16.4307 15.0671 0
      vertex 0 1.5 0
      vertex 16.4077 15.1825 0
    endloop
  endfacet
  facet normal -0 0 -1
    outer loop
      vertex 16.4685 14.9556 0
      vertex 0 1.5 0
      vertex 16.4307 15.0671 0
    endloop
  endfacet
  facet normal -0 0 -1
    outer loop
      vertex 16.5206 14.85 0
      vertex 0 1.5 0
      vertex 16.4685 14.9556 0
    endloop
  endfacet
  facet normal -0 0 -1
    outer loop
      vertex 16.586 14.7521 0
      vertex 0 1.5 0
      vertex 16.5206 14.85 0
    endloop
  endfacet
  facet normal 0 0 -1
    outer loop
      vertex 0 1.5 0
      vertex 16.586 14.7521 0
      vertex 1.5 0 0
    endloop
  endfacet
  facet normal -0 0 -1
    outer loop
      vertex 16.6636 14.6636 0
      vertex 1.5 0 0
      vertex 16.586 14.7521 0
    endloop
  endfacet
  facet normal -0 0 -1
    outer loop
      vertex 16.7521 14.586 0
      vertex 1.5 0 0
      vertex 16.6636 14.6636 0
    endloop
  endfacet
  facet normal -0 0 -1
    outer loop
      vertex 16.85 14.5206 0
      vertex 1.5 0 0
      vertex 16.7521 14.586 0
    endloop
  endfacet
  facet normal -0 0 -1
    outer loop
      vertex 16.9556 14.4685 0
      vertex 1.5 0 0
      vertex 16.85 14.5206 0
    endloop
  endfacet
  facet normal -0 0 -1
    outer loop
      vertex 17.0671 14.4307 0
      vertex 1.5 0 0
      vertex 16.9556 14.4685 0
    endloop
  endfacet
  facet normal -0 0 -1
    outer loop
      vertex 17.1825 14.4077 0
      vertex 1.5 0 0
      vertex 17.0671 14.4307 0
    endloop
  endfacet
  facet normal 0 0 -1
    outer loop
      vertex 61.874 44.6858 0
      vertex 61.3 44.8 0
      vertex 61.6882 44.7489 0
    endloop
  endfacet
  facet normal 0 0 -1
    outer loop
      vertex 61.6882 44.7489 0
      vertex 61.3 44.8 0
      vertex 61.4958 44.7872 0
    endloop
  endfacet
  facet normal 0 0 -1
    outer loop
      vertex 62.2131 44.49 0
      vertex 61.3 44.8 0
      vertex 62.05 44.599 0
    endloop
  endfacet
  facet normal 0 0 -1
    outer loop
      vertex 62.49 44.2131 0
      vertex 61.3 44.8 0
      vertex 62.3607 44.3607 0
    endloop
  endfacet
  facet normal 0 0 -1
    outer loop
      vertex 62.7489 43.6882 0
      vertex 61.3 44.8 0
      vertex 62.6858 43.874 0
    endloop
  endfacet
  facet normal 0 0 -1
    outer loop
      vertex 62.8 43.3 0
      vertex 61.3 44.8 0
      vertex 62.7872 43.4958 0
    endloop
  endfacet
  facet normal 0 0 -1
    outer loop
      vertex 46.1364 30.1364 0
      vertex 61.3 44.8 0
      vertex 46.214 30.0479 0
    endloop
  endfacet
  facet normal 0 0 -1
    outer loop
      vertex 46.0479 30.214 0
      vertex 61.3 44.8 0
      vertex 46.1364 30.1364 0
    endloop
  endfacet
  facet normal 0 0 -1
    outer loop
      vertex 45.95 30.2794 0
      vertex 61.3 44.8 0
      vertex 46.0479 30.214 0
    endloop
  endfacet
  facet normal 0 0 -1
    outer loop
      vertex 45.8444 30.3315 0
      vertex 61.3 44.8 0
      vertex 45.95 30.2794 0
    endloop
  endfacet
  facet normal 0 0 -1
    outer loop
      vertex 45.7329 30.3693 0
      vertex 61.3 44.8 0
      vertex 45.8444 30.3315 0
    endloop
  endfacet
  facet normal 0 0 -1
    outer loop
      vertex 45.6175 30.3923 0
      vertex 61.3 44.8 0
      vertex 45.7329 30.3693 0
    endloop
  endfacet
  facet normal 0 0 -1
    outer loop
      vertex 45.5 30.4 0
      vertex 61.3 44.8 0
      vertex 45.6175 30.3923 0
    endloop
  endfacet
  facet normal 0 0 -1
    outer loop
      vertex 45.3 30.4 0
      vertex 61.3 44.8 0
      vertex 45.5 30.4 0
    endloop
  endfacet
  facet normal 0 0 -1
    outer loop
      vertex 45.1825 30.3923 0
      vertex 61.3 44.8 0
      vertex 45.3 30.4 0
    endloop
  endfacet
  facet normal 0 0 -1
    outer loop
      vertex 38.6175 30.3923 0
      vertex 45.1825 30.3923 0
      vertex 45.0671 30.3693 0
    endloop
  endfacet
  facet normal 0 0 -1
    outer loop
      vertex 38.7329 30.3693 0
      vertex 45.0671 30.3693 0
      vertex 44.9556 30.3315 0
    endloop
  endfacet
  facet normal 0 0 -1
    outer loop
      vertex 38.8444 30.3315 0
      vertex 44.9556 30.3315 0
      vertex 44.85 30.2794 0
    endloop
  endfacet
  facet normal 0 0 -1
    outer loop
      vertex 38.95 30.2794 0
      vertex 44.85 30.2794 0
      vertex 44.7521 30.214 0
    endloop
  endfacet
  facet normal 0 0 -1
    outer loop
      vertex 39.0479 30.214 0
      vertex 44.7521 30.214 0
      vertex 44.6636 30.1364 0
    endloop
  endfacet
  facet normal 0 0 -1
    outer loop
      vertex 39.4 29.5 0
      vertex 44.4 29.5 0
      vertex 39.4 15.3 0
    endloop
  endfacet
  facet normal 0 0 -1
    outer loop
      vertex 44.4 29.5 0
      vertex 39.4 29.5 0
      vertex 44.4077 29.6175 0
    endloop
  endfacet
  facet normal 0 0 -1
    outer loop
      vertex 39.3923 29.6175 0
      vertex 44.4077 29.6175 0
      vertex 39.4 29.5 0
    endloop
  endfacet
  facet normal 0 0 -1
    outer loop
      vertex 44.4077 29.6175 0
      vertex 39.3923 29.6175 0
      vertex 44.4307 29.7329 0
    endloop
  endfacet
  facet normal 0 0 -1
    outer loop
      vertex 39.3693 29.7329 0
      vertex 44.4307 29.7329 0
      vertex 39.3923 29.6175 0
    endloop
  endfacet
  facet normal 0 0 -1
    outer loop
      vertex 44.4307 29.7329 0
      vertex 39.3693 29.7329 0
      vertex 44.4685 29.8444 0
    endloop
  endfacet
  facet normal 0 0 -1
    outer loop
      vertex 39.3315 29.8444 0
      vertex 44.4685 29.8444 0
      vertex 39.3693 29.7329 0
    endloop
  endfacet
  facet normal 0 0 -1
    outer loop
      vertex 44.4685 29.8444 0
      vertex 39.3315 29.8444 0
      vertex 44.5206 29.95 0
    endloop
  endfacet
  facet normal 0 0 -1
    outer loop
      vertex 39.2794 29.95 0
      vertex 44.5206 29.95 0
      vertex 39.3315 29.8444 0
    endloop
  endfacet
  facet normal 0 0 -1
    outer loop
      vertex 44.5206 29.95 0
      vertex 39.2794 29.95 0
      vertex 44.586 30.0479 0
    endloop
  endfacet
  facet normal 0 0 -1
    outer loop
      vertex 39.214 30.0479 0
      vertex 44.586 30.0479 0
      vertex 39.2794 29.95 0
    endloop
  endfacet
  facet normal 0 0 -1
    outer loop
      vertex 44.586 30.0479 0
      vertex 39.214 30.0479 0
      vertex 44.6636 30.1364 0
    endloop
  endfacet
  facet normal 0 0 -1
    outer loop
      vertex 39.1364 30.1364 0
      vertex 44.6636 30.1364 0
      vertex 39.214 30.0479 0
    endloop
  endfacet
  facet normal 0 0 -1
    outer loop
      vertex 39.0479 30.214 0
      vertex 44.6636 30.1364 0
      vertex 39.1364 30.1364 0
    endloop
  endfacet
  facet normal 0 0 -1
    outer loop
      vertex 44.7521 30.214 0
      vertex 39.0479 30.214 0
      vertex 38.95 30.2794 0
    endloop
  endfacet
  facet normal 0 0 -1
    outer loop
      vertex 44.85 30.2794 0
      vertex 38.95 30.2794 0
      vertex 38.8444 30.3315 0
    endloop
  endfacet
  facet normal 0 0 -1
    outer loop
      vertex 44.9556 30.3315 0
      vertex 38.8444 30.3315 0
      vertex 38.7329 30.3693 0
    endloop
  endfacet
  facet normal 0 0 -1
    outer loop
      vertex 45.0671 30.3693 0
      vertex 38.7329 30.3693 0
      vertex 38.6175 30.3923 0
    endloop
  endfacet
  facet normal 0 0 -1
    outer loop
      vertex 45.1825 30.3923 0
      vertex 38.6175 30.3923 0
      vertex 61.3 44.8 0
    endloop
  endfacet
  facet normal 0 0 -1
    outer loop
      vertex 38.5 30.4 0
      vertex 61.3 44.8 0
      vertex 38.6175 30.3923 0
    endloop
  endfacet
  facet normal 0 0 -1
    outer loop
      vertex 38.3 30.4 0
      vertex 61.3 44.8 0
      vertex 38.5 30.4 0
    endloop
  endfacet
  facet normal 0 0 -1
    outer loop
      vertex 38.1825 30.3923 0
      vertex 61.3 44.8 0
      vertex 38.3 30.4 0
    endloop
  endfacet
  facet normal 0 0 -1
    outer loop
      vertex 31.6175 30.3923 0
      vertex 38.1825 30.3923 0
      vertex 38.0671 30.3693 0
    endloop
  endfacet
  facet normal 0 0 -1
    outer loop
      vertex 31.7329 30.3693 0
      vertex 38.0671 30.3693 0
      vertex 37.9556 30.3315 0
    endloop
  endfacet
  facet normal 0 0 -1
    outer loop
      vertex 31.8444 30.3315 0
      vertex 37.9556 30.3315 0
      vertex 37.85 30.2794 0
    endloop
  endfacet
  facet normal 0 0 -1
    outer loop
      vertex 32.4 29.5 0
      vertex 37.4 29.5 0
      vertex 32.4 15.3 0
    endloop
  endfacet
  facet normal 0 0 -1
    outer loop
      vertex 37.4 29.5 0
      vertex 32.4 29.5 0
      vertex 37.4077 29.6175 0
    endloop
  endfacet
  facet normal 0 0 -1
    outer loop
      vertex 32.3923 29.6175 0
      vertex 37.4077 29.6175 0
      vertex 32.4 29.5 0
    endloop
  endfacet
  facet normal 0 0 -1
    outer loop
      vertex 37.4077 29.6175 0
      vertex 32.3923 29.6175 0
      vertex 37.4307 29.7329 0
    endloop
  endfacet
  facet normal 0 0 -1
    outer loop
      vertex 32.3693 29.7329 0
      vertex 37.4307 29.7329 0
      vertex 32.3923 29.6175 0
    endloop
  endfacet
  facet normal 0 0 -1
    outer loop
      vertex 37.4307 29.7329 0
      vertex 32.3693 29.7329 0
      vertex 37.4685 29.8444 0
    endloop
  endfacet
  facet normal 0 0 -1
    outer loop
      vertex 32.3315 29.8444 0
      vertex 37.4685 29.8444 0
      vertex 32.3693 29.7329 0
    endloop
  endfacet
  facet normal 0 0 -1
    outer loop
      vertex 37.4685 29.8444 0
      vertex 32.3315 29.8444 0
      vertex 37.5206 29.95 0
    endloop
  endfacet
  facet normal 0 0 -1
    outer loop
      vertex 32.2794 29.95 0
      vertex 37.5206 29.95 0
      vertex 32.3315 29.8444 0
    endloop
  endfacet
  facet normal 0 0 -1
    outer loop
      vertex 37.5206 29.95 0
      vertex 32.2794 29.95 0
      vertex 37.586 30.0479 0
    endloop
  endfacet
  facet normal 0 0 -1
    outer loop
      vertex 32.214 30.0479 0
      vertex 37.586 30.0479 0
      vertex 32.2794 29.95 0
    endloop
  endfacet
  facet normal 0 0 -1
    outer loop
      vertex 37.586 30.0479 0
      vertex 32.214 30.0479 0
      vertex 37.6636 30.1364 0
    endloop
  endfacet
  facet normal 0 0 -1
    outer loop
      vertex 32.1364 30.1364 0
      vertex 37.6636 30.1364 0
      vertex 32.214 30.0479 0
    endloop
  endfacet
  facet normal 0 0 -1
    outer loop
      vertex 37.6636 30.1364 0
      vertex 32.1364 30.1364 0
      vertex 37.7521 30.214 0
    endloop
  endfacet
  facet normal 0 0 -1
    outer loop
      vertex 32.0479 30.214 0
      vertex 37.7521 30.214 0
      vertex 32.1364 30.1364 0
    endloop
  endfacet
  facet normal 0 0 -1
    outer loop
      vertex 37.7521 30.214 0
      vertex 32.0479 30.214 0
      vertex 37.85 30.2794 0
    endloop
  endfacet
  facet normal 0 0 -1
    outer loop
      vertex 31.95 30.2794 0
      vertex 37.85 30.2794 0
      vertex 32.0479 30.214 0
    endloop
  endfacet
  facet normal 0 0 -1
    outer loop
      vertex 31.8444 30.3315 0
      vertex 37.85 30.2794 0
      vertex 31.95 30.2794 0
    endloop
  endfacet
  facet normal 0 0 -1
    outer loop
      vertex 37.9556 30.3315 0
      vertex 31.8444 30.3315 0
      vertex 31.7329 30.3693 0
    endloop
  endfacet
  facet normal 0 0 -1
    outer loop
      vertex 38.0671 30.3693 0
      vertex 31.7329 30.3693 0
      vertex 31.6175 30.3923 0
    endloop
  endfacet
  facet normal 0 0 -1
    outer loop
      vertex 38.1825 30.3923 0
      vertex 31.6175 30.3923 0
      vertex 61.3 44.8 0
    endloop
  endfacet
  facet normal 0 0 -1
    outer loop
      vertex 31.5 30.4 0
      vertex 61.3 44.8 0
      vertex 31.6175 30.3923 0
    endloop
  endfacet
  facet normal 0 0 -1
    outer loop
      vertex 31.3 30.4 0
      vertex 61.3 44.8 0
      vertex 31.5 30.4 0
    endloop
  endfacet
  facet normal 0 0 -1
    outer loop
      vertex 1.5 44.8 0
      vertex 31.3 30.4 0
      vertex 31.1825 30.3923 0
    endloop
  endfacet
  facet normal 0 0 -1
    outer loop
      vertex 24.6175 30.3923 0
      vertex 31.1825 30.3923 0
      vertex 31.0671 30.3693 0
    endloop
  endfacet
  facet normal 0 0 -1
    outer loop
      vertex 24.7329 30.3693 0
      vertex 31.0671 30.3693 0
      vertex 30.9556 30.3315 0
    endloop
  endfacet
  facet normal 0 0 -1
    outer loop
      vertex 25.4 29.5 0
      vertex 30.4 29.5 0
      vertex 25.4 15.3 0
    endloop
  endfacet
  facet normal 0 0 -1
    outer loop
      vertex 30.4 29.5 0
      vertex 25.4 29.5 0
      vertex 30.4077 29.6175 0
    endloop
  endfacet
  facet normal 0 0 -1
    outer loop
      vertex 25.3923 29.6175 0
      vertex 30.4077 29.6175 0
      vertex 25.4 29.5 0
    endloop
  endfacet
  facet normal 0 0 -1
    outer loop
      vertex 30.4077 29.6175 0
      vertex 25.3923 29.6175 0
      vertex 30.4307 29.7329 0
    endloop
  endfacet
  facet normal 0 0 -1
    outer loop
      vertex 25.3693 29.7329 0
      vertex 30.4307 29.7329 0
      vertex 25.3923 29.6175 0
    endloop
  endfacet
  facet normal 0 0 -1
    outer loop
      vertex 30.4307 29.7329 0
      vertex 25.3693 29.7329 0
      vertex 30.4685 29.8444 0
    endloop
  endfacet
  facet normal 0 0 -1
    outer loop
      vertex 25.3315 29.8444 0
      vertex 30.4685 29.8444 0
      vertex 25.3693 29.7329 0
    endloop
  endfacet
  facet normal 0 0 -1
    outer loop
      vertex 30.4685 29.8444 0
      vertex 25.3315 29.8444 0
      vertex 30.5206 29.95 0
    endloop
  endfacet
  facet normal 0 0 -1
    outer loop
      vertex 25.2794 29.95 0
      vertex 30.5206 29.95 0
      vertex 25.3315 29.8444 0
    endloop
  endfacet
  facet normal 0 0 -1
    outer loop
      vertex 30.5206 29.95 0
      vertex 25.2794 29.95 0
      vertex 30.586 30.0479 0
    endloop
  endfacet
  facet normal 0 0 -1
    outer loop
      vertex 25.214 30.0479 0
      vertex 30.586 30.0479 0
      vertex 25.2794 29.95 0
    endloop
  endfacet
  facet normal 0 0 -1
    outer loop
      vertex 30.586 30.0479 0
      vertex 25.214 30.0479 0
      vertex 30.6636 30.1364 0
    endloop
  endfacet
  facet normal 0 0 -1
    outer loop
      vertex 25.1364 30.1364 0
      vertex 30.6636 30.1364 0
      vertex 25.214 30.0479 0
    endloop
  endfacet
  facet normal 0 0 -1
    outer loop
      vertex 30.6636 30.1364 0
      vertex 25.1364 30.1364 0
      vertex 30.7521 30.214 0
    endloop
  endfacet
  facet normal 0 0 -1
    outer loop
      vertex 25.0479 30.214 0
      vertex 30.7521 30.214 0
      vertex 25.1364 30.1364 0
    endloop
  endfacet
  facet normal 0 0 -1
    outer loop
      vertex 30.7521 30.214 0
      vertex 25.0479 30.214 0
      vertex 30.85 30.2794 0
    endloop
  endfacet
  facet normal 0 0 -1
    outer loop
      vertex 24.95 30.2794 0
      vertex 30.85 30.2794 0
      vertex 25.0479 30.214 0
    endloop
  endfacet
  facet normal 0 0 -1
    outer loop
      vertex 30.85 30.2794 0
      vertex 24.95 30.2794 0
      vertex 30.9556 30.3315 0
    endloop
  endfacet
  facet normal 0 0 -1
    outer loop
      vertex 24.8444 30.3315 0
      vertex 30.9556 30.3315 0
      vertex 24.95 30.2794 0
    endloop
  endfacet
  facet normal 0 0 -1
    outer loop
      vertex 24.7329 30.3693 0
      vertex 30.9556 30.3315 0
      vertex 24.8444 30.3315 0
    endloop
  endfacet
  facet normal 0 0 -1
    outer loop
      vertex 31.0671 30.3693 0
      vertex 24.7329 30.3693 0
      vertex 24.6175 30.3923 0
    endloop
  endfacet
  facet normal 0 0 -1
    outer loop
      vertex 31.1825 30.3923 0
      vertex 24.6175 30.3923 0
      vertex 1.5 44.8 0
    endloop
  endfacet
  facet normal 0 0 -1
    outer loop
      vertex 1.5 44.8 0
      vertex 24.6175 30.3923 0
      vertex 24.5 30.4 0
    endloop
  endfacet
  facet normal 0 0 -1
    outer loop
      vertex 1.5 44.8 0
      vertex 24.5 30.4 0
      vertex 24.3 30.4 0
    endloop
  endfacet
  facet normal 0 0 -1
    outer loop
      vertex 1.5 44.8 0
      vertex 24.3 30.4 0
      vertex 24.1825 30.3923 0
    endloop
  endfacet
  facet normal 0 0 -1
    outer loop
      vertex 17.6175 30.3923 0
      vertex 24.1825 30.3923 0
      vertex 24.0671 30.3693 0
    endloop
  endfacet
  facet normal 0 0 -1
    outer loop
      vertex 17.7329 30.3693 0
      vertex 24.0671 30.3693 0
      vertex 23.9556 30.3315 0
    endloop
  endfacet
  facet normal 0 0 -1
    outer loop
      vertex 18.4 29.5 0
      vertex 23.4 29.5 0
      vertex 18.4 15.3 0
    endloop
  endfacet
  facet normal 0 0 -1
    outer loop
      vertex 23.4 29.5 0
      vertex 18.4 29.5 0
      vertex 23.4077 29.6175 0
    endloop
  endfacet
  facet normal 0 0 -1
    outer loop
      vertex 18.3923 29.6175 0
      vertex 23.4077 29.6175 0
      vertex 18.4 29.5 0
    endloop
  endfacet
  facet normal 0 0 -1
    outer loop
      vertex 23.4077 29.6175 0
      vertex 18.3923 29.6175 0
      vertex 23.4307 29.7329 0
    endloop
  endfacet
  facet normal 0 0 -1
    outer loop
      vertex 18.3693 29.7329 0
      vertex 23.4307 29.7329 0
      vertex 18.3923 29.6175 0
    endloop
  endfacet
  facet normal 0 0 -1
    outer loop
      vertex 23.4307 29.7329 0
      vertex 18.3693 29.7329 0
      vertex 23.4685 29.8444 0
    endloop
  endfacet
  facet normal 0 0 -1
    outer loop
      vertex 18.3315 29.8444 0
      vertex 23.4685 29.8444 0
      vertex 18.3693 29.7329 0
    endloop
  endfacet
  facet normal 0 0 -1
    outer loop
      vertex 23.4685 29.8444 0
      vertex 18.3315 29.8444 0
      vertex 23.5206 29.95 0
    endloop
  endfacet
  facet normal 0 0 -1
    outer loop
      vertex 18.2794 29.95 0
      vertex 23.5206 29.95 0
      vertex 18.3315 29.8444 0
    endloop
  endfacet
  facet normal 0 0 -1
    outer loop
      vertex 23.5206 29.95 0
      vertex 18.2794 29.95 0
      vertex 23.586 30.0479 0
    endloop
  endfacet
  facet normal 0 0 -1
    outer loop
      vertex 18.214 30.0479 0
      vertex 23.586 30.0479 0
      vertex 18.2794 29.95 0
    endloop
  endfacet
  facet normal 0 0 -1
    outer loop
      vertex 23.586 30.0479 0
      vertex 18.214 30.0479 0
      vertex 23.6636 30.1364 0
    endloop
  endfacet
  facet normal 0 0 -1
    outer loop
      vertex 18.1364 30.1364 0
      vertex 23.6636 30.1364 0
      vertex 18.214 30.0479 0
    endloop
  endfacet
  facet normal 0 0 -1
    outer loop
      vertex 23.6636 30.1364 0
      vertex 18.1364 30.1364 0
      vertex 23.7521 30.214 0
    endloop
  endfacet
  facet normal 0 0 -1
    outer loop
      vertex 18.0479 30.214 0
      vertex 23.7521 30.214 0
      vertex 18.1364 30.1364 0
    endloop
  endfacet
  facet normal 0 0 -1
    outer loop
      vertex 23.7521 30.214 0
      vertex 18.0479 30.214 0
      vertex 23.85 30.2794 0
    endloop
  endfacet
  facet normal 0 0 -1
    outer loop
      vertex 17.95 30.2794 0
      vertex 23.85 30.2794 0
      vertex 18.0479 30.214 0
    endloop
  endfacet
  facet normal 0 0 -1
    outer loop
      vertex 23.85 30.2794 0
      vertex 17.95 30.2794 0
      vertex 23.9556 30.3315 0
    endloop
  endfacet
  facet normal 0 0 -1
    outer loop
      vertex 17.8444 30.3315 0
      vertex 23.9556 30.3315 0
      vertex 17.95 30.2794 0
    endloop
  endfacet
  facet normal 0 0 -1
    outer loop
      vertex 17.7329 30.3693 0
      vertex 23.9556 30.3315 0
      vertex 17.8444 30.3315 0
    endloop
  endfacet
  facet normal 0 0 -1
    outer loop
      vertex 24.0671 30.3693 0
      vertex 17.7329 30.3693 0
      vertex 17.6175 30.3923 0
    endloop
  endfacet
  facet normal 0 0 -1
    outer loop
      vertex 24.1825 30.3923 0
      vertex 17.6175 30.3923 0
      vertex 1.5 44.8 0
    endloop
  endfacet
  facet normal 0 0 -1
    outer loop
      vertex 1.5 44.8 0
      vertex 17.6175 30.3923 0
      vertex 17.5 30.4 0
    endloop
  endfacet
  facet normal 0 0 -1
    outer loop
      vertex 1.5 44.8 0
      vertex 17.5 30.4 0
      vertex 17.3 30.4 0
    endloop
  endfacet
  facet normal 0 0 -1
    outer loop
      vertex 1.5 44.8 0
      vertex 17.3 30.4 0
      vertex 17.1825 30.3923 0
    endloop
  endfacet
  facet normal 0 0 -1
    outer loop
      vertex 1.5 44.8 0
      vertex 17.1825 30.3923 0
      vertex 17.0671 30.3693 0
    endloop
  endfacet
  facet normal -0 0 -1
    outer loop
      vertex 16.4 15.3 0
      vertex 0 1.5 0
      vertex 16.4 29.5 0
    endloop
  endfacet
  facet normal 0 0 -1
    outer loop
      vertex 0 43.3 0
      vertex 16.4 29.5 0
      vertex 0 1.5 0
    endloop
  endfacet
  facet normal 0 0 -1
    outer loop
      vertex 16.4 29.5 0
      vertex 0 43.3 0
      vertex 16.4077 29.6175 0
    endloop
  endfacet
  facet normal 0 0 -1
    outer loop
      vertex 16.4077 29.6175 0
      vertex 0 43.3 0
      vertex 16.4307 29.7329 0
    endloop
  endfacet
  facet normal 0 0 -1
    outer loop
      vertex 31.3 30.4 0
      vertex 1.5 44.8 0
      vertex 61.3 44.8 0
    endloop
  endfacet
  facet normal 0 0 -1
    outer loop
      vertex 16.9556 30.3315 0
      vertex 1.5 44.8 0
      vertex 17.0671 30.3693 0
    endloop
  endfacet
  facet normal 0 0 -1
    outer loop
      vertex 16.85 30.2794 0
      vertex 1.5 44.8 0
      vertex 16.9556 30.3315 0
    endloop
  endfacet
  facet normal 0 0 -1
    outer loop
      vertex 16.7521 30.214 0
      vertex 1.5 44.8 0
      vertex 16.85 30.2794 0
    endloop
  endfacet
  facet normal 0 0 -1
    outer loop
      vertex 16.6636 30.1364 0
      vertex 1.5 44.8 0
      vertex 16.7521 30.214 0
    endloop
  endfacet
  facet normal 0 0 -1
    outer loop
      vertex 16.586 30.0479 0
      vertex 1.5 44.8 0
      vertex 16.6636 30.1364 0
    endloop
  endfacet
  facet normal 0 0 -1
    outer loop
      vertex 0 43.3 0
      vertex 16.586 30.0479 0
      vertex 16.5206 29.95 0
    endloop
  endfacet
  facet normal 0 0 -1
    outer loop
      vertex 16.4307 29.7329 0
      vertex 0 43.3 0
      vertex 16.4685 29.8444 0
    endloop
  endfacet
  facet normal 0 0 -1
    outer loop
      vertex 0 1.5 0
      vertex 1.5 0 0
      vertex 1.30421 0.0128326 0
    endloop
  endfacet
  facet normal 0 0 -1
    outer loop
      vertex 16.4685 29.8444 0
      vertex 0 43.3 0
      vertex 16.5206 29.95 0
    endloop
  endfacet
  facet normal 0 0 -1
    outer loop
      vertex 0 1.5 0
      vertex 1.30421 0.0128326 0
      vertex 1.11177 0.0511112 0
    endloop
  endfacet
  facet normal 0 0 -1
    outer loop
      vertex 16.586 30.0479 0
      vertex 0 43.3 0
      vertex 1.5 44.8 0
    endloop
  endfacet
  facet normal 0 0 -1
    outer loop
      vertex 0 1.5 0
      vertex 1.11177 0.0511112 0
      vertex 0.925975 0.114181 0
    endloop
  endfacet
  facet normal 0 0 -1
    outer loop
      vertex 1.5 44.8 0
      vertex 0 43.3 0
      vertex 1.30421 44.7872 0
    endloop
  endfacet
  facet normal 0 0 -1
    outer loop
      vertex 0 1.5 0
      vertex 0.925975 0.114181 0
      vertex 0.75 0.200961 0
    endloop
  endfacet
  facet normal 0 0 -1
    outer loop
      vertex 1.30421 44.7872 0
      vertex 0 43.3 0
      vertex 1.11177 44.7489 0
    endloop
  endfacet
  facet normal 0 0 -1
    outer loop
      vertex 0 1.5 0
      vertex 0.75 0.200961 0
      vertex 0.586858 0.30997 0
    endloop
  endfacet
  facet normal 0 0 -1
    outer loop
      vertex 1.11177 44.7489 0
      vertex 0 43.3 0
      vertex 0.925975 44.6858 0
    endloop
  endfacet
  facet normal 0 0 -1
    outer loop
      vertex 0 1.5 0
      vertex 0.586858 0.30997 0
      vertex 0.43934 0.43934 0
    endloop
  endfacet
  facet normal 0 0 -1
    outer loop
      vertex 0.925975 44.6858 0
      vertex 0 43.3 0
      vertex 0.75 44.599 0
    endloop
  endfacet
  facet normal 0 0 -1
    outer loop
      vertex 0 1.5 0
      vertex 0.43934 0.43934 0
      vertex 0.30997 0.586858 0
    endloop
  endfacet
  facet normal 0 0 -1
    outer loop
      vertex 0.75 44.599 0
      vertex 0 43.3 0
      vertex 0.586858 44.49 0
    endloop
  endfacet
  facet normal 0 0 -1
    outer loop
      vertex 0 1.5 0
      vertex 0.30997 0.586858 0
      vertex 0.200961 0.75 0
    endloop
  endfacet
  facet normal 0 0 -1
    outer loop
      vertex 0.586858 44.49 0
      vertex 0 43.3 0
      vertex 0.43934 44.3607 0
    endloop
  endfacet
  facet normal 0 0 -1
    outer loop
      vertex 0 1.5 0
      vertex 0.200961 0.75 0
      vertex 0.114181 0.925975 0
    endloop
  endfacet
  facet normal 0 0 -1
    outer loop
      vertex 0.43934 44.3607 0
      vertex 0 43.3 0
      vertex 0.30997 44.2131 0
    endloop
  endfacet
  facet normal 0 0 -1
    outer loop
      vertex 0 1.5 0
      vertex 0.114181 0.925975 0
      vertex 0.0511112 1.11177 0
    endloop
  endfacet
  facet normal 0 0 -1
    outer loop
      vertex 0.30997 44.2131 0
      vertex 0 43.3 0
      vertex 0.200961 44.05 0
    endloop
  endfacet
  facet normal 0 0 -1
    outer loop
      vertex 0 1.5 0
      vertex 0.0511112 1.11177 0
      vertex 0.0128326 1.30421 0
    endloop
  endfacet
  facet normal 0 0 -1
    outer loop
      vertex 0.200961 44.05 0
      vertex 0 43.3 0
      vertex 0.114181 43.874 0
    endloop
  endfacet
  facet normal 0 0 -1
    outer loop
      vertex 0.114181 43.874 0
      vertex 0 43.3 0
      vertex 0.0511112 43.6882 0
    endloop
  endfacet
  facet normal 0 0 -1
    outer loop
      vertex 0.0511112 43.6882 0
      vertex 0 43.3 0
      vertex 0.0128326 43.4958 0
    endloop
  endfacet
  facet normal -0.896875 -0.442283 0
    outer loop
      vertex 0.200961 0.75 0
      vertex 0.114181 0.925975 2
      vertex 0.114181 0.925975 0
    endloop
  endfacet
  facet normal -0.896875 -0.442283 0
    outer loop
      vertex 0.114181 0.925975 2
      vertex 0.200961 0.75 0
      vertex 0.200961 0.75 2
    endloop
  endfacet
  facet normal 0.195234 0.980757 -0
    outer loop
      vertex 61.6882 44.7489 0
      vertex 61.4958 44.7872 2
      vertex 61.6882 44.7489 2
    endloop
  endfacet
  facet normal 0.195234 0.980757 0
    outer loop
      vertex 61.4958 44.7872 2
      vertex 61.6882 44.7489 0
      vertex 61.4958 44.7872 0
    endloop
  endfacet
  facet normal -0.19509 -0.980785 0
    outer loop
      vertex 1.11177 0.0511112 0
      vertex 1.30421 0.0128326 2
      vertex 1.11177 0.0511112 2
    endloop
  endfacet
  facet normal -0.19509 -0.980785 -0
    outer loop
      vertex 1.30421 0.0128326 2
      vertex 1.11177 0.0511112 0
      vertex 1.30421 0.0128326 0
    endloop
  endfacet
  facet normal 0.321065 -0.947057 0
    outer loop
      vertex 16.9556 30.3315 0
      vertex 17.0671 30.3693 2
      vertex 16.9556 30.3315 2
    endloop
  endfacet
  facet normal 0.321065 -0.947057 0
    outer loop
      vertex 17.0671 30.3693 2
      vertex 16.9556 30.3315 0
      vertex 17.0671 30.3693 0
    endloop
  endfacet
  facet normal 0.321065 0.947057 -0
    outer loop
      vertex 17.0671 14.4307 0
      vertex 16.9556 14.4685 2
      vertex 17.0671 14.4307 2
    endloop
  endfacet
  facet normal 0.321065 0.947057 0
    outer loop
      vertex 16.9556 14.4685 2
      vertex 17.0671 14.4307 0
      vertex 16.9556 14.4685 0
    endloop
  endfacet
  facet normal -0.555484 0.831527 0
    outer loop
      vertex 18.0479 14.586 0
      vertex 17.95 14.5206 2
      vertex 18.0479 14.586 2
    endloop
  endfacet
  facet normal -0.555484 0.831527 0
    outer loop
      vertex 17.95 14.5206 2
      vertex 18.0479 14.586 0
      vertex 17.95 14.5206 0
    endloop
  endfacet
  facet normal 0.0653917 0.99786 -0
    outer loop
      vertex 17.3 14.4 0
      vertex 17.1825 14.4077 2
      vertex 17.3 14.4 2
    endloop
  endfacet
  facet normal 0.0653917 0.99786 0
    outer loop
      vertex 17.1825 14.4077 2
      vertex 17.3 14.4 0
      vertex 17.1825 14.4077 0
    endloop
  endfacet
  facet normal 0 1 -0
    outer loop
      vertex 17.5 14.4 0
      vertex 17.3 14.4 2
      vertex 17.5 14.4 2
    endloop
  endfacet
  facet normal 0 1 0
    outer loop
      vertex 17.3 14.4 2
      vertex 17.5 14.4 0
      vertex 17.3 14.4 0
    endloop
  endfacet
  facet normal -0.321065 0.947057 0
    outer loop
      vertex 17.8444 14.4685 0
      vertex 17.7329 14.4307 2
      vertex 17.8444 14.4685 2
    endloop
  endfacet
  facet normal -0.321065 0.947057 0
    outer loop
      vertex 17.7329 14.4307 2
      vertex 17.8444 14.4685 0
      vertex 17.7329 14.4307 0
    endloop
  endfacet
  facet normal 0.195462 -0.980711 0
    outer loop
      vertex 17.0671 30.3693 0
      vertex 17.1825 30.3923 2
      vertex 17.0671 30.3693 2
    endloop
  endfacet
  facet normal 0.195462 -0.980711 0
    outer loop
      vertex 17.1825 30.3923 2
      vertex 17.0671 30.3693 0
      vertex 17.1825 30.3923 0
    endloop
  endfacet
  facet normal -0.99786 -0.0653917 0
    outer loop
      vertex 18.4 29.5 0
      vertex 18.3923 29.6175 2
      vertex 18.3923 29.6175 0
    endloop
  endfacet
  facet normal -0.99786 -0.0653917 0
    outer loop
      vertex 18.3923 29.6175 2
      vertex 18.4 29.5 0
      vertex 18.4 29.5 2
    endloop
  endfacet
  facet normal 0.442452 0.896792 -0
    outer loop
      vertex 16.9556 14.4685 0
      vertex 16.85 14.5206 2
      vertex 16.9556 14.4685 2
    endloop
  endfacet
  facet normal 0.442452 0.896792 0
    outer loop
      vertex 16.85 14.5206 2
      vertex 16.9556 14.4685 0
      vertex 16.85 14.5206 0
    endloop
  endfacet
  facet normal -1 0 0
    outer loop
      vertex 18.4 15.3 0
      vertex 18.4 29.5 2
      vertex 18.4 29.5 0
    endloop
  endfacet
  facet normal -1 -0 0
    outer loop
      vertex 18.4 29.5 2
      vertex 18.4 15.3 0
      vertex 18.4 15.3 2
    endloop
  endfacet
  facet normal 0.980711 0.195462 0
    outer loop
      vertex 16.4307 15.0671 2
      vertex 16.4077 15.1825 0
      vertex 16.4077 15.1825 2
    endloop
  endfacet
  facet normal 0.980711 0.195462 0
    outer loop
      vertex 16.4077 15.1825 0
      vertex 16.4307 15.0671 2
      vertex 16.4307 15.0671 0
    endloop
  endfacet
  facet normal -0.0653917 0.99786 0
    outer loop
      vertex 17.6175 14.4077 0
      vertex 17.5 14.4 2
      vertex 17.6175 14.4077 2
    endloop
  endfacet
  facet normal -0.0653917 0.99786 0
    outer loop
      vertex 17.5 14.4 2
      vertex 17.6175 14.4077 0
      vertex 17.5 14.4 0
    endloop
  endfacet
  facet normal 0.99786 -0.0653917 0
    outer loop
      vertex 16.4 29.5 2
      vertex 16.4077 29.6175 0
      vertex 16.4077 29.6175 2
    endloop
  endfacet
  facet normal 0.99786 -0.0653917 0
    outer loop
      vertex 16.4077 29.6175 0
      vertex 16.4 29.5 2
      vertex 16.4 29.5 0
    endloop
  endfacet
  facet normal 0 -1 0
    outer loop
      vertex 17.3 30.4 0
      vertex 17.5 30.4 2
      vertex 17.3 30.4 2
    endloop
  endfacet
  facet normal 0 -1 -0
    outer loop
      vertex 17.5 30.4 2
      vertex 17.3 30.4 0
      vertex 17.5 30.4 0
    endloop
  endfacet
  facet normal -0.195462 0.980711 0
    outer loop
      vertex 17.7329 14.4307 0
      vertex 17.6175 14.4077 2
      vertex 17.7329 14.4307 2
    endloop
  endfacet
  facet normal -0.195462 0.980711 0
    outer loop
      vertex 17.6175 14.4077 2
      vertex 17.7329 14.4307 0
      vertex 17.6175 14.4077 0
    endloop
  endfacet
  facet normal 0.947057 0.321065 0
    outer loop
      vertex 16.4685 14.9556 2
      vertex 16.4307 15.0671 0
      vertex 16.4307 15.0671 2
    endloop
  endfacet
  facet normal 0.947057 0.321065 0
    outer loop
      vertex 16.4307 15.0671 0
      vertex 16.4685 14.9556 2
      vertex 16.4685 14.9556 0
    endloop
  endfacet
  facet normal 0.947057 -0.321065 0
    outer loop
      vertex 16.4307 29.7329 2
      vertex 16.4685 29.8444 0
      vertex 16.4685 29.8444 2
    endloop
  endfacet
  facet normal 0.947057 -0.321065 0
    outer loop
      vertex 16.4685 29.8444 0
      vertex 16.4307 29.7329 2
      vertex 16.4307 29.7329 0
    endloop
  endfacet
  facet normal -0.99786 0.0653917 0
    outer loop
      vertex 18.3923 15.1825 0
      vertex 18.4 15.3 2
      vertex 18.4 15.3 0
    endloop
  endfacet
  facet normal -0.99786 0.0653917 0
    outer loop
      vertex 18.4 15.3 2
      vertex 18.3923 15.1825 0
      vertex 18.3923 15.1825 2
    endloop
  endfacet
  facet normal -0.442452 -0.896792 0
    outer loop
      vertex 17.8444 30.3315 0
      vertex 17.95 30.2794 2
      vertex 17.8444 30.3315 2
    endloop
  endfacet
  facet normal -0.442452 -0.896792 -0
    outer loop
      vertex 17.95 30.2794 2
      vertex 17.8444 30.3315 0
      vertex 17.95 30.2794 0
    endloop
  endfacet
  facet normal 0.99786 0.0653917 0
    outer loop
      vertex 16.4077 15.1825 2
      vertex 16.4 15.3 0
      vertex 16.4 15.3 2
    endloop
  endfacet
  facet normal 0.99786 0.0653917 0
    outer loop
      vertex 16.4 15.3 0
      vertex 16.4077 15.1825 2
      vertex 16.4077 15.1825 0
    endloop
  endfacet
  facet normal 1 -0 0
    outer loop
      vertex 16.4 15.3 2
      vertex 16.4 29.5 0
      vertex 16.4 29.5 2
    endloop
  endfacet
  facet normal 1 0 0
    outer loop
      vertex 16.4 29.5 0
      vertex 16.4 15.3 2
      vertex 16.4 15.3 0
    endloop
  endfacet
  facet normal 0.751892 0.659286 0
    outer loop
      vertex 16.6636 14.6636 2
      vertex 16.586 14.7521 0
      vertex 16.586 14.7521 2
    endloop
  endfacet
  facet normal 0.751892 0.659286 0
    outer loop
      vertex 16.586 14.7521 0
      vertex 16.6636 14.6636 2
      vertex 16.6636 14.6636 0
    endloop
  endfacet
  facet normal 0.980711 -0.195462 0
    outer loop
      vertex 16.4077 29.6175 2
      vertex 16.4307 29.7329 0
      vertex 16.4307 29.7329 2
    endloop
  endfacet
  facet normal 0.980711 -0.195462 0
    outer loop
      vertex 16.4307 29.7329 0
      vertex 16.4077 29.6175 2
      vertex 16.4077 29.6175 0
    endloop
  endfacet
  facet normal -0.896792 0.442452 0
    outer loop
      vertex 18.2794 14.85 0
      vertex 18.3315 14.9556 2
      vertex 18.3315 14.9556 0
    endloop
  endfacet
  facet normal -0.896792 0.442452 0
    outer loop
      vertex 18.3315 14.9556 2
      vertex 18.2794 14.85 0
      vertex 18.2794 14.85 2
    endloop
  endfacet
  facet normal 0.659286 -0.751892 0
    outer loop
      vertex 16.6636 30.1364 0
      vertex 16.7521 30.214 2
      vertex 16.6636 30.1364 2
    endloop
  endfacet
  facet normal 0.659286 -0.751892 0
    outer loop
      vertex 16.7521 30.214 2
      vertex 16.6636 30.1364 0
      vertex 16.7521 30.214 0
    endloop
  endfacet
  facet normal -0.659286 -0.751892 0
    outer loop
      vertex 18.0479 30.214 0
      vertex 18.1364 30.1364 2
      vertex 18.0479 30.214 2
    endloop
  endfacet
  facet normal -0.659286 -0.751892 -0
    outer loop
      vertex 18.1364 30.1364 2
      vertex 18.0479 30.214 0
      vertex 18.1364 30.1364 0
    endloop
  endfacet
  facet normal -0.659286 0.751892 0
    outer loop
      vertex 18.1364 14.6636 0
      vertex 18.0479 14.586 2
      vertex 18.1364 14.6636 2
    endloop
  endfacet
  facet normal -0.659286 0.751892 0
    outer loop
      vertex 18.0479 14.586 2
      vertex 18.1364 14.6636 0
      vertex 18.0479 14.586 0
    endloop
  endfacet
  facet normal 0.896792 -0.442452 0
    outer loop
      vertex 16.4685 29.8444 2
      vertex 16.5206 29.95 0
      vertex 16.5206 29.95 2
    endloop
  endfacet
  facet normal 0.896792 -0.442452 0
    outer loop
      vertex 16.5206 29.95 0
      vertex 16.4685 29.8444 2
      vertex 16.4685 29.8444 0
    endloop
  endfacet
  facet normal 0.442452 -0.896792 0
    outer loop
      vertex 16.85 30.2794 0
      vertex 16.9556 30.3315 2
      vertex 16.85 30.2794 2
    endloop
  endfacet
  facet normal 0.442452 -0.896792 0
    outer loop
      vertex 16.9556 30.3315 2
      vertex 16.85 30.2794 0
      vertex 16.9556 30.3315 0
    endloop
  endfacet
  facet normal 0.831527 -0.555484 0
    outer loop
      vertex 16.5206 29.95 2
      vertex 16.586 30.0479 0
      vertex 16.586 30.0479 2
    endloop
  endfacet
  facet normal 0.831527 -0.555484 0
    outer loop
      vertex 16.586 30.0479 0
      vertex 16.5206 29.95 2
      vertex 16.5206 29.95 0
    endloop
  endfacet
  facet normal -0.751892 0.659286 0
    outer loop
      vertex 18.1364 14.6636 0
      vertex 18.214 14.7521 2
      vertex 18.214 14.7521 0
    endloop
  endfacet
  facet normal -0.751892 0.659286 0
    outer loop
      vertex 18.214 14.7521 2
      vertex 18.1364 14.6636 0
      vertex 18.1364 14.6636 2
    endloop
  endfacet
  facet normal 0.555484 -0.831527 0
    outer loop
      vertex 16.7521 30.214 0
      vertex 16.85 30.2794 2
      vertex 16.7521 30.214 2
    endloop
  endfacet
  facet normal 0.555484 -0.831527 0
    outer loop
      vertex 16.85 30.2794 2
      vertex 16.7521 30.214 0
      vertex 16.85 30.2794 0
    endloop
  endfacet
  facet normal 0.195462 0.980711 -0
    outer loop
      vertex 17.1825 14.4077 0
      vertex 17.0671 14.4307 2
      vertex 17.1825 14.4077 2
    endloop
  endfacet
  facet normal 0.195462 0.980711 0
    outer loop
      vertex 17.0671 14.4307 2
      vertex 17.1825 14.4077 0
      vertex 17.0671 14.4307 0
    endloop
  endfacet
  facet normal -0.980711 -0.195462 0
    outer loop
      vertex 18.3923 29.6175 0
      vertex 18.3693 29.7329 2
      vertex 18.3693 29.7329 0
    endloop
  endfacet
  facet normal -0.980711 -0.195462 0
    outer loop
      vertex 18.3693 29.7329 2
      vertex 18.3923 29.6175 0
      vertex 18.3923 29.6175 2
    endloop
  endfacet
  facet normal -0.831527 0.555484 0
    outer loop
      vertex 18.214 14.7521 0
      vertex 18.2794 14.85 2
      vertex 18.2794 14.85 0
    endloop
  endfacet
  facet normal -0.831527 0.555484 0
    outer loop
      vertex 18.2794 14.85 2
      vertex 18.214 14.7521 0
      vertex 18.214 14.7521 2
    endloop
  endfacet
  facet normal 0.831527 0.555484 0
    outer loop
      vertex 16.586 14.7521 2
      vertex 16.5206 14.85 0
      vertex 16.5206 14.85 2
    endloop
  endfacet
  facet normal 0.831527 0.555484 0
    outer loop
      vertex 16.5206 14.85 0
      vertex 16.586 14.7521 2
      vertex 16.586 14.7521 0
    endloop
  endfacet
  facet normal 0.659286 0.751892 -0
    outer loop
      vertex 16.7521 14.586 0
      vertex 16.6636 14.6636 2
      vertex 16.7521 14.586 2
    endloop
  endfacet
  facet normal 0.659286 0.751892 0
    outer loop
      vertex 16.6636 14.6636 2
      vertex 16.7521 14.586 0
      vertex 16.6636 14.6636 0
    endloop
  endfacet
  facet normal -0.0653917 -0.99786 0
    outer loop
      vertex 17.5 30.4 0
      vertex 17.6175 30.3923 2
      vertex 17.5 30.4 2
    endloop
  endfacet
  facet normal -0.0653917 -0.99786 -0
    outer loop
      vertex 17.6175 30.3923 2
      vertex 17.5 30.4 0
      vertex 17.6175 30.3923 0
    endloop
  endfacet
  facet normal -0.195462 -0.980711 0
    outer loop
      vertex 17.6175 30.3923 0
      vertex 17.7329 30.3693 2
      vertex 17.6175 30.3923 2
    endloop
  endfacet
  facet normal -0.195462 -0.980711 -0
    outer loop
      vertex 17.7329 30.3693 2
      vertex 17.6175 30.3923 0
      vertex 17.7329 30.3693 0
    endloop
  endfacet
  facet normal -0.751892 -0.659286 0
    outer loop
      vertex 18.214 30.0479 0
      vertex 18.1364 30.1364 2
      vertex 18.1364 30.1364 0
    endloop
  endfacet
  facet normal -0.751892 -0.659286 0
    outer loop
      vertex 18.1364 30.1364 2
      vertex 18.214 30.0479 0
      vertex 18.214 30.0479 2
    endloop
  endfacet
  facet normal 0.0653917 -0.99786 0
    outer loop
      vertex 17.1825 30.3923 0
      vertex 17.3 30.4 2
      vertex 17.1825 30.3923 2
    endloop
  endfacet
  facet normal 0.0653917 -0.99786 0
    outer loop
      vertex 17.3 30.4 2
      vertex 17.1825 30.3923 0
      vertex 17.3 30.4 0
    endloop
  endfacet
  facet normal -0.442452 0.896792 0
    outer loop
      vertex 17.95 14.5206 0
      vertex 17.8444 14.4685 2
      vertex 17.95 14.5206 2
    endloop
  endfacet
  facet normal -0.442452 0.896792 0
    outer loop
      vertex 17.8444 14.4685 2
      vertex 17.95 14.5206 0
      vertex 17.8444 14.4685 0
    endloop
  endfacet
  facet normal 0.896792 0.442452 0
    outer loop
      vertex 16.5206 14.85 2
      vertex 16.4685 14.9556 0
      vertex 16.4685 14.9556 2
    endloop
  endfacet
  facet normal 0.896792 0.442452 0
    outer loop
      vertex 16.4685 14.9556 0
      vertex 16.5206 14.85 2
      vertex 16.5206 14.85 0
    endloop
  endfacet
  facet normal 0.751892 -0.659286 0
    outer loop
      vertex 16.586 30.0479 2
      vertex 16.6636 30.1364 0
      vertex 16.6636 30.1364 2
    endloop
  endfacet
  facet normal 0.751892 -0.659286 0
    outer loop
      vertex 16.6636 30.1364 0
      vertex 16.586 30.0479 2
      vertex 16.586 30.0479 0
    endloop
  endfacet
  facet normal -0.831527 -0.555484 0
    outer loop
      vertex 18.2794 29.95 0
      vertex 18.214 30.0479 2
      vertex 18.214 30.0479 0
    endloop
  endfacet
  facet normal -0.831527 -0.555484 0
    outer loop
      vertex 18.214 30.0479 2
      vertex 18.2794 29.95 0
      vertex 18.2794 29.95 2
    endloop
  endfacet
  facet normal -0.321065 -0.947057 0
    outer loop
      vertex 17.7329 30.3693 0
      vertex 17.8444 30.3315 2
      vertex 17.7329 30.3693 2
    endloop
  endfacet
  facet normal -0.321065 -0.947057 -0
    outer loop
      vertex 17.8444 30.3315 2
      vertex 17.7329 30.3693 0
      vertex 17.8444 30.3315 0
    endloop
  endfacet
  facet normal -0.947057 -0.321065 0
    outer loop
      vertex 18.3693 29.7329 0
      vertex 18.3315 29.8444 2
      vertex 18.3315 29.8444 0
    endloop
  endfacet
  facet normal -0.947057 -0.321065 0
    outer loop
      vertex 18.3315 29.8444 2
      vertex 18.3693 29.7329 0
      vertex 18.3693 29.7329 2
    endloop
  endfacet
  facet normal 0.555484 0.831527 -0
    outer loop
      vertex 16.85 14.5206 0
      vertex 16.7521 14.586 2
      vertex 16.85 14.5206 2
    endloop
  endfacet
  facet normal 0.555484 0.831527 0
    outer loop
      vertex 16.7521 14.586 2
      vertex 16.85 14.5206 0
      vertex 16.7521 14.586 0
    endloop
  endfacet
  facet normal -0.555484 -0.831527 0
    outer loop
      vertex 17.95 30.2794 0
      vertex 18.0479 30.214 2
      vertex 17.95 30.2794 2
    endloop
  endfacet
  facet normal -0.555484 -0.831527 -0
    outer loop
      vertex 18.0479 30.214 2
      vertex 17.95 30.2794 0
      vertex 18.0479 30.214 0
    endloop
  endfacet
  facet normal -0.947057 0.321065 0
    outer loop
      vertex 18.3315 14.9556 0
      vertex 18.3693 15.0671 2
      vertex 18.3693 15.0671 0
    endloop
  endfacet
  facet normal -0.947057 0.321065 0
    outer loop
      vertex 18.3693 15.0671 2
      vertex 18.3315 14.9556 0
      vertex 18.3315 14.9556 2
    endloop
  endfacet
  facet normal -0.896792 -0.442452 0
    outer loop
      vertex 18.3315 29.8444 0
      vertex 18.2794 29.95 2
      vertex 18.2794 29.95 0
    endloop
  endfacet
  facet normal -0.896792 -0.442452 0
    outer loop
      vertex 18.2794 29.95 2
      vertex 18.3315 29.8444 0
      vertex 18.3315 29.8444 2
    endloop
  endfacet
  facet normal -0.980711 0.195462 0
    outer loop
      vertex 18.3693 15.0671 0
      vertex 18.3923 15.1825 2
      vertex 18.3923 15.1825 0
    endloop
  endfacet
  facet normal -0.980711 0.195462 0
    outer loop
      vertex 18.3923 15.1825 2
      vertex 18.3693 15.0671 0
      vertex 18.3693 15.0671 2
    endloop
  endfacet
  facet normal 0.321065 0.947057 -0
    outer loop
      vertex 24.0671 14.4307 0
      vertex 23.9556 14.4685 2
      vertex 24.0671 14.4307 2
    endloop
  endfacet
  facet normal 0.321065 0.947057 0
    outer loop
      vertex 23.9556 14.4685 2
      vertex 24.0671 14.4307 0
      vertex 23.9556 14.4685 0
    endloop
  endfacet
  facet normal -0.555484 0.831527 0
    outer loop
      vertex 25.0479 14.586 0
      vertex 24.95 14.5206 2
      vertex 25.0479 14.586 2
    endloop
  endfacet
  facet normal -0.555484 0.831527 0
    outer loop
      vertex 24.95 14.5206 2
      vertex 25.0479 14.586 0
      vertex 24.95 14.5206 0
    endloop
  endfacet
  facet normal 0.0653917 0.99786 -0
    outer loop
      vertex 24.3 14.4 0
      vertex 24.1825 14.4077 2
      vertex 24.3 14.4 2
    endloop
  endfacet
  facet normal 0.0653917 0.99786 0
    outer loop
      vertex 24.1825 14.4077 2
      vertex 24.3 14.4 0
      vertex 24.1825 14.4077 0
    endloop
  endfacet
  facet normal -0.195462 -0.980711 0
    outer loop
      vertex 24.6175 30.3923 0
      vertex 24.7329 30.3693 2
      vertex 24.6175 30.3923 2
    endloop
  endfacet
  facet normal -0.195462 -0.980711 -0
    outer loop
      vertex 24.7329 30.3693 2
      vertex 24.6175 30.3923 0
      vertex 24.7329 30.3693 0
    endloop
  endfacet
  facet normal 0 1 -0
    outer loop
      vertex 24.5 14.4 0
      vertex 24.3 14.4 2
      vertex 24.5 14.4 2
    endloop
  endfacet
  facet normal 0 1 0
    outer loop
      vertex 24.3 14.4 2
      vertex 24.5 14.4 0
      vertex 24.3 14.4 0
    endloop
  endfacet
  facet normal -0.321065 0.947057 0
    outer loop
      vertex 24.8444 14.4685 0
      vertex 24.7329 14.4307 2
      vertex 24.8444 14.4685 2
    endloop
  endfacet
  facet normal -0.321065 0.947057 0
    outer loop
      vertex 24.7329 14.4307 2
      vertex 24.8444 14.4685 0
      vertex 24.7329 14.4307 0
    endloop
  endfacet
  facet normal 0.195462 -0.980711 0
    outer loop
      vertex 24.0671 30.3693 0
      vertex 24.1825 30.3923 2
      vertex 24.0671 30.3693 2
    endloop
  endfacet
  facet normal 0.195462 -0.980711 0
    outer loop
      vertex 24.1825 30.3923 2
      vertex 24.0671 30.3693 0
      vertex 24.1825 30.3923 0
    endloop
  endfacet
  facet normal -0.99786 -0.0653917 0
    outer loop
      vertex 25.4 29.5 0
      vertex 25.3923 29.6175 2
      vertex 25.3923 29.6175 0
    endloop
  endfacet
  facet normal -0.99786 -0.0653917 0
    outer loop
      vertex 25.3923 29.6175 2
      vertex 25.4 29.5 0
      vertex 25.4 29.5 2
    endloop
  endfacet
  facet normal 0.442452 0.896792 -0
    outer loop
      vertex 23.9556 14.4685 0
      vertex 23.85 14.5206 2
      vertex 23.9556 14.4685 2
    endloop
  endfacet
  facet normal 0.442452 0.896792 0
    outer loop
      vertex 23.85 14.5206 2
      vertex 23.9556 14.4685 0
      vertex 23.85 14.5206 0
    endloop
  endfacet
  facet normal -1 0 0
    outer loop
      vertex 25.4 15.3 0
      vertex 25.4 29.5 2
      vertex 25.4 29.5 0
    endloop
  endfacet
  facet normal -1 -0 0
    outer loop
      vertex 25.4 29.5 2
      vertex 25.4 15.3 0
      vertex 25.4 15.3 2
    endloop
  endfacet
  facet normal 0.980711 0.195462 0
    outer loop
      vertex 23.4307 15.0671 2
      vertex 23.4077 15.1825 0
      vertex 23.4077 15.1825 2
    endloop
  endfacet
  facet normal 0.980711 0.195462 0
    outer loop
      vertex 23.4077 15.1825 0
      vertex 23.4307 15.0671 2
      vertex 23.4307 15.0671 0
    endloop
  endfacet
  facet normal -0.0653917 0.99786 0
    outer loop
      vertex 24.6175 14.4077 0
      vertex 24.5 14.4 2
      vertex 24.6175 14.4077 2
    endloop
  endfacet
  facet normal -0.0653917 0.99786 0
    outer loop
      vertex 24.5 14.4 2
      vertex 24.6175 14.4077 0
      vertex 24.5 14.4 0
    endloop
  endfacet
  facet normal 0.99786 -0.0653917 0
    outer loop
      vertex 23.4 29.5 2
      vertex 23.4077 29.6175 0
      vertex 23.4077 29.6175 2
    endloop
  endfacet
  facet normal 0.99786 -0.0653917 0
    outer loop
      vertex 23.4077 29.6175 0
      vertex 23.4 29.5 2
      vertex 23.4 29.5 0
    endloop
  endfacet
  facet normal 0 -1 0
    outer loop
      vertex 24.3 30.4 0
      vertex 24.5 30.4 2
      vertex 24.3 30.4 2
    endloop
  endfacet
  facet normal 0 -1 -0
    outer loop
      vertex 24.5 30.4 2
      vertex 24.3 30.4 0
      vertex 24.5 30.4 0
    endloop
  endfacet
  facet normal -0.195462 0.980711 0
    outer loop
      vertex 24.7329 14.4307 0
      vertex 24.6175 14.4077 2
      vertex 24.7329 14.4307 2
    endloop
  endfacet
  facet normal -0.195462 0.980711 0
    outer loop
      vertex 24.6175 14.4077 2
      vertex 24.7329 14.4307 0
      vertex 24.6175 14.4077 0
    endloop
  endfacet
  facet normal 0.947057 0.321065 0
    outer loop
      vertex 23.4685 14.9556 2
      vertex 23.4307 15.0671 0
      vertex 23.4307 15.0671 2
    endloop
  endfacet
  facet normal 0.947057 0.321065 0
    outer loop
      vertex 23.4307 15.0671 0
      vertex 23.4685 14.9556 2
      vertex 23.4685 14.9556 0
    endloop
  endfacet
  facet normal 0.947057 -0.321065 0
    outer loop
      vertex 23.4307 29.7329 2
      vertex 23.4685 29.8444 0
      vertex 23.4685 29.8444 2
    endloop
  endfacet
  facet normal 0.947057 -0.321065 0
    outer loop
      vertex 23.4685 29.8444 0
      vertex 23.4307 29.7329 2
      vertex 23.4307 29.7329 0
    endloop
  endfacet
  facet normal -0.99786 0.0653917 0
    outer loop
      vertex 25.3923 15.1825 0
      vertex 25.4 15.3 2
      vertex 25.4 15.3 0
    endloop
  endfacet
  facet normal -0.99786 0.0653917 0
    outer loop
      vertex 25.4 15.3 2
      vertex 25.3923 15.1825 0
      vertex 25.3923 15.1825 2
    endloop
  endfacet
  facet normal -0.442452 -0.896792 0
    outer loop
      vertex 24.8444 30.3315 0
      vertex 24.95 30.2794 2
      vertex 24.8444 30.3315 2
    endloop
  endfacet
  facet normal -0.442452 -0.896792 -0
    outer loop
      vertex 24.95 30.2794 2
      vertex 24.8444 30.3315 0
      vertex 24.95 30.2794 0
    endloop
  endfacet
  facet normal 0.99786 0.0653917 0
    outer loop
      vertex 23.4077 15.1825 2
      vertex 23.4 15.3 0
      vertex 23.4 15.3 2
    endloop
  endfacet
  facet normal 0.99786 0.0653917 0
    outer loop
      vertex 23.4 15.3 0
      vertex 23.4077 15.1825 2
      vertex 23.4077 15.1825 0
    endloop
  endfacet
  facet normal 1 -0 0
    outer loop
      vertex 23.4 15.3 2
      vertex 23.4 29.5 0
      vertex 23.4 29.5 2
    endloop
  endfacet
  facet normal 1 0 0
    outer loop
      vertex 23.4 29.5 0
      vertex 23.4 15.3 2
      vertex 23.4 15.3 0
    endloop
  endfacet
  facet normal 0.751892 0.659286 0
    outer loop
      vertex 23.6636 14.6636 2
      vertex 23.586 14.7521 0
      vertex 23.586 14.7521 2
    endloop
  endfacet
  facet normal 0.751892 0.659286 0
    outer loop
      vertex 23.586 14.7521 0
      vertex 23.6636 14.6636 2
      vertex 23.6636 14.6636 0
    endloop
  endfacet
  facet normal 0.980711 -0.195462 0
    outer loop
      vertex 23.4077 29.6175 2
      vertex 23.4307 29.7329 0
      vertex 23.4307 29.7329 2
    endloop
  endfacet
  facet normal 0.980711 -0.195462 0
    outer loop
      vertex 23.4307 29.7329 0
      vertex 23.4077 29.6175 2
      vertex 23.4077 29.6175 0
    endloop
  endfacet
  facet normal -0.896792 0.442452 0
    outer loop
      vertex 25.2794 14.85 0
      vertex 25.3315 14.9556 2
      vertex 25.3315 14.9556 0
    endloop
  endfacet
  facet normal -0.896792 0.442452 0
    outer loop
      vertex 25.3315 14.9556 2
      vertex 25.2794 14.85 0
      vertex 25.2794 14.85 2
    endloop
  endfacet
  facet normal 0.659286 -0.751892 0
    outer loop
      vertex 23.6636 30.1364 0
      vertex 23.7521 30.214 2
      vertex 23.6636 30.1364 2
    endloop
  endfacet
  facet normal 0.659286 -0.751892 0
    outer loop
      vertex 23.7521 30.214 2
      vertex 23.6636 30.1364 0
      vertex 23.7521 30.214 0
    endloop
  endfacet
  facet normal -0.659286 -0.751892 0
    outer loop
      vertex 25.0479 30.214 0
      vertex 25.1364 30.1364 2
      vertex 25.0479 30.214 2
    endloop
  endfacet
  facet normal -0.659286 -0.751892 -0
    outer loop
      vertex 25.1364 30.1364 2
      vertex 25.0479 30.214 0
      vertex 25.1364 30.1364 0
    endloop
  endfacet
  facet normal -0.659286 0.751892 0
    outer loop
      vertex 25.1364 14.6636 0
      vertex 25.0479 14.586 2
      vertex 25.1364 14.6636 2
    endloop
  endfacet
  facet normal -0.659286 0.751892 0
    outer loop
      vertex 25.0479 14.586 2
      vertex 25.1364 14.6636 0
      vertex 25.0479 14.586 0
    endloop
  endfacet
  facet normal 0.896792 -0.442452 0
    outer loop
      vertex 23.4685 29.8444 2
      vertex 23.5206 29.95 0
      vertex 23.5206 29.95 2
    endloop
  endfacet
  facet normal 0.896792 -0.442452 0
    outer loop
      vertex 23.5206 29.95 0
      vertex 23.4685 29.8444 2
      vertex 23.4685 29.8444 0
    endloop
  endfacet
  facet normal 0.831527 -0.555484 0
    outer loop
      vertex 23.5206 29.95 2
      vertex 23.586 30.0479 0
      vertex 23.586 30.0479 2
    endloop
  endfacet
  facet normal 0.831527 -0.555484 0
    outer loop
      vertex 23.586 30.0479 0
      vertex 23.5206 29.95 2
      vertex 23.5206 29.95 0
    endloop
  endfacet
  facet normal -0.751892 0.659286 0
    outer loop
      vertex 25.1364 14.6636 0
      vertex 25.214 14.7521 2
      vertex 25.214 14.7521 0
    endloop
  endfacet
  facet normal -0.751892 0.659286 0
    outer loop
      vertex 25.214 14.7521 2
      vertex 25.1364 14.6636 0
      vertex 25.1364 14.6636 2
    endloop
  endfacet
  facet normal 0.555484 -0.831527 0
    outer loop
      vertex 23.7521 30.214 0
      vertex 23.85 30.2794 2
      vertex 23.7521 30.214 2
    endloop
  endfacet
  facet normal 0.555484 -0.831527 0
    outer loop
      vertex 23.85 30.2794 2
      vertex 23.7521 30.214 0
      vertex 23.85 30.2794 0
    endloop
  endfacet
  facet normal 0.195462 0.980711 -0
    outer loop
      vertex 24.1825 14.4077 0
      vertex 24.0671 14.4307 2
      vertex 24.1825 14.4077 2
    endloop
  endfacet
  facet normal 0.195462 0.980711 0
    outer loop
      vertex 24.0671 14.4307 2
      vertex 24.1825 14.4077 0
      vertex 24.0671 14.4307 0
    endloop
  endfacet
  facet normal -0.980711 -0.195462 0
    outer loop
      vertex 25.3923 29.6175 0
      vertex 25.3693 29.7329 2
      vertex 25.3693 29.7329 0
    endloop
  endfacet
  facet normal -0.980711 -0.195462 0
    outer loop
      vertex 25.3693 29.7329 2
      vertex 25.3923 29.6175 0
      vertex 25.3923 29.6175 2
    endloop
  endfacet
  facet normal -0.831527 0.555484 0
    outer loop
      vertex 25.214 14.7521 0
      vertex 25.2794 14.85 2
      vertex 25.2794 14.85 0
    endloop
  endfacet
  facet normal -0.831527 0.555484 0
    outer loop
      vertex 25.2794 14.85 2
      vertex 25.214 14.7521 0
      vertex 25.214 14.7521 2
    endloop
  endfacet
  facet normal 0.831527 0.555484 0
    outer loop
      vertex 23.586 14.7521 2
      vertex 23.5206 14.85 0
      vertex 23.5206 14.85 2
    endloop
  endfacet
  facet normal 0.831527 0.555484 0
    outer loop
      vertex 23.5206 14.85 0
      vertex 23.586 14.7521 2
      vertex 23.586 14.7521 0
    endloop
  endfacet
  facet normal 0.659286 0.751892 -0
    outer loop
      vertex 23.7521 14.586 0
      vertex 23.6636 14.6636 2
      vertex 23.7521 14.586 2
    endloop
  endfacet
  facet normal 0.659286 0.751892 0
    outer loop
      vertex 23.6636 14.6636 2
      vertex 23.7521 14.586 0
      vertex 23.6636 14.6636 0
    endloop
  endfacet
  facet normal -0.0653917 -0.99786 0
    outer loop
      vertex 24.5 30.4 0
      vertex 24.6175 30.3923 2
      vertex 24.5 30.4 2
    endloop
  endfacet
  facet normal -0.0653917 -0.99786 -0
    outer loop
      vertex 24.6175 30.3923 2
      vertex 24.5 30.4 0
      vertex 24.6175 30.3923 0
    endloop
  endfacet
  facet normal -0.751892 -0.659286 0
    outer loop
      vertex 25.214 30.0479 0
      vertex 25.1364 30.1364 2
      vertex 25.1364 30.1364 0
    endloop
  endfacet
  facet normal -0.751892 -0.659286 0
    outer loop
      vertex 25.1364 30.1364 2
      vertex 25.214 30.0479 0
      vertex 25.214 30.0479 2
    endloop
  endfacet
  facet normal 0.0653917 -0.99786 0
    outer loop
      vertex 24.1825 30.3923 0
      vertex 24.3 30.4 2
      vertex 24.1825 30.3923 2
    endloop
  endfacet
  facet normal 0.0653917 -0.99786 0
    outer loop
      vertex 24.3 30.4 2
      vertex 24.1825 30.3923 0
      vertex 24.3 30.4 0
    endloop
  endfacet
  facet normal -0.442452 0.896792 0
    outer loop
      vertex 24.95 14.5206 0
      vertex 24.8444 14.4685 2
      vertex 24.95 14.5206 2
    endloop
  endfacet
  facet normal -0.442452 0.896792 0
    outer loop
      vertex 24.8444 14.4685 2
      vertex 24.95 14.5206 0
      vertex 24.8444 14.4685 0
    endloop
  endfacet
  facet normal 0.751892 -0.659286 0
    outer loop
      vertex 23.586 30.0479 2
      vertex 23.6636 30.1364 0
      vertex 23.6636 30.1364 2
    endloop
  endfacet
  facet normal 0.751892 -0.659286 0
    outer loop
      vertex 23.6636 30.1364 0
      vertex 23.586 30.0479 2
      vertex 23.586 30.0479 0
    endloop
  endfacet
  facet normal 0.321065 -0.947057 0
    outer loop
      vertex 23.9556 30.3315 0
      vertex 24.0671 30.3693 2
      vertex 23.9556 30.3315 2
    endloop
  endfacet
  facet normal 0.321065 -0.947057 0
    outer loop
      vertex 24.0671 30.3693 2
      vertex 23.9556 30.3315 0
      vertex 24.0671 30.3693 0
    endloop
  endfacet
  facet normal 0.896792 0.442452 0
    outer loop
      vertex 23.5206 14.85 2
      vertex 23.4685 14.9556 0
      vertex 23.4685 14.9556 2
    endloop
  endfacet
  facet normal 0.896792 0.442452 0
    outer loop
      vertex 23.4685 14.9556 0
      vertex 23.5206 14.85 2
      vertex 23.5206 14.85 0
    endloop
  endfacet
  facet normal 0.442452 -0.896792 0
    outer loop
      vertex 23.85 30.2794 0
      vertex 23.9556 30.3315 2
      vertex 23.85 30.2794 2
    endloop
  endfacet
  facet normal 0.442452 -0.896792 0
    outer loop
      vertex 23.9556 30.3315 2
      vertex 23.85 30.2794 0
      vertex 23.9556 30.3315 0
    endloop
  endfacet
  facet normal -0.831527 -0.555484 0
    outer loop
      vertex 25.2794 29.95 0
      vertex 25.214 30.0479 2
      vertex 25.214 30.0479 0
    endloop
  endfacet
  facet normal -0.831527 -0.555484 0
    outer loop
      vertex 25.214 30.0479 2
      vertex 25.2794 29.95 0
      vertex 25.2794 29.95 2
    endloop
  endfacet
  facet normal -0.321065 -0.947057 0
    outer loop
      vertex 24.7329 30.3693 0
      vertex 24.8444 30.3315 2
      vertex 24.7329 30.3693 2
    endloop
  endfacet
  facet normal -0.321065 -0.947057 -0
    outer loop
      vertex 24.8444 30.3315 2
      vertex 24.7329 30.3693 0
      vertex 24.8444 30.3315 0
    endloop
  endfacet
  facet normal -0.947057 -0.321065 0
    outer loop
      vertex 25.3693 29.7329 0
      vertex 25.3315 29.8444 2
      vertex 25.3315 29.8444 0
    endloop
  endfacet
  facet normal -0.947057 -0.321065 0
    outer loop
      vertex 25.3315 29.8444 2
      vertex 25.3693 29.7329 0
      vertex 25.3693 29.7329 2
    endloop
  endfacet
  facet normal 0.555484 0.831527 -0
    outer loop
      vertex 23.85 14.5206 0
      vertex 23.7521 14.586 2
      vertex 23.85 14.5206 2
    endloop
  endfacet
  facet normal 0.555484 0.831527 0
    outer loop
      vertex 23.7521 14.586 2
      vertex 23.85 14.5206 0
      vertex 23.7521 14.586 0
    endloop
  endfacet
  facet normal -0.555484 -0.831527 0
    outer loop
      vertex 24.95 30.2794 0
      vertex 25.0479 30.214 2
      vertex 24.95 30.2794 2
    endloop
  endfacet
  facet normal -0.555484 -0.831527 -0
    outer loop
      vertex 25.0479 30.214 2
      vertex 24.95 30.2794 0
      vertex 25.0479 30.214 0
    endloop
  endfacet
  facet normal -0.947057 0.321065 0
    outer loop
      vertex 25.3315 14.9556 0
      vertex 25.3693 15.0671 2
      vertex 25.3693 15.0671 0
    endloop
  endfacet
  facet normal -0.947057 0.321065 0
    outer loop
      vertex 25.3693 15.0671 2
      vertex 25.3315 14.9556 0
      vertex 25.3315 14.9556 2
    endloop
  endfacet
  facet normal -0.896792 -0.442452 0
    outer loop
      vertex 25.3315 29.8444 0
      vertex 25.2794 29.95 2
      vertex 25.2794 29.95 0
    endloop
  endfacet
  facet normal -0.896792 -0.442452 0
    outer loop
      vertex 25.2794 29.95 2
      vertex 25.3315 29.8444 0
      vertex 25.3315 29.8444 2
    endloop
  endfacet
  facet normal -0.980711 0.195462 0
    outer loop
      vertex 25.3693 15.0671 0
      vertex 25.3923 15.1825 2
      vertex 25.3923 15.1825 0
    endloop
  endfacet
  facet normal -0.980711 0.195462 0
    outer loop
      vertex 25.3923 15.1825 2
      vertex 25.3693 15.0671 0
      vertex 25.3693 15.0671 2
    endloop
  endfacet
  facet normal 0.321065 -0.947057 0
    outer loop
      vertex 30.9556 30.3315 0
      vertex 31.0671 30.3693 2
      vertex 30.9556 30.3315 2
    endloop
  endfacet
  facet normal 0.321065 -0.947057 0
    outer loop
      vertex 31.0671 30.3693 2
      vertex 30.9556 30.3315 0
      vertex 31.0671 30.3693 0
    endloop
  endfacet
  facet normal 0.321065 0.947057 -0
    outer loop
      vertex 31.0671 14.4307 0
      vertex 30.9556 14.4685 2
      vertex 31.0671 14.4307 2
    endloop
  endfacet
  facet normal 0.321065 0.947057 0
    outer loop
      vertex 30.9556 14.4685 2
      vertex 31.0671 14.4307 0
      vertex 30.9556 14.4685 0
    endloop
  endfacet
  facet normal -0.555484 0.831527 0
    outer loop
      vertex 32.0479 14.586 0
      vertex 31.95 14.5206 2
      vertex 32.0479 14.586 2
    endloop
  endfacet
  facet normal -0.555484 0.831527 0
    outer loop
      vertex 31.95 14.5206 2
      vertex 32.0479 14.586 0
      vertex 31.95 14.5206 0
    endloop
  endfacet
  facet normal 0.0653917 0.99786 -0
    outer loop
      vertex 31.3 14.4 0
      vertex 31.1825 14.4077 2
      vertex 31.3 14.4 2
    endloop
  endfacet
  facet normal 0.0653917 0.99786 0
    outer loop
      vertex 31.1825 14.4077 2
      vertex 31.3 14.4 0
      vertex 31.1825 14.4077 0
    endloop
  endfacet
  facet normal -0.195462 -0.980711 0
    outer loop
      vertex 31.6175 30.3923 0
      vertex 31.7329 30.3693 2
      vertex 31.6175 30.3923 2
    endloop
  endfacet
  facet normal -0.195462 -0.980711 -0
    outer loop
      vertex 31.7329 30.3693 2
      vertex 31.6175 30.3923 0
      vertex 31.7329 30.3693 0
    endloop
  endfacet
  facet normal 0 1 -0
    outer loop
      vertex 31.5 14.4 0
      vertex 31.3 14.4 2
      vertex 31.5 14.4 2
    endloop
  endfacet
  facet normal 0 1 0
    outer loop
      vertex 31.3 14.4 2
      vertex 31.5 14.4 0
      vertex 31.3 14.4 0
    endloop
  endfacet
  facet normal -0.321065 0.947057 0
    outer loop
      vertex 31.8444 14.4685 0
      vertex 31.7329 14.4307 2
      vertex 31.8444 14.4685 2
    endloop
  endfacet
  facet normal -0.321065 0.947057 0
    outer loop
      vertex 31.7329 14.4307 2
      vertex 31.8444 14.4685 0
      vertex 31.7329 14.4307 0
    endloop
  endfacet
  facet normal 0.195462 -0.980711 0
    outer loop
      vertex 31.0671 30.3693 0
      vertex 31.1825 30.3923 2
      vertex 31.0671 30.3693 2
    endloop
  endfacet
  facet normal 0.195462 -0.980711 0
    outer loop
      vertex 31.1825 30.3923 2
      vertex 31.0671 30.3693 0
      vertex 31.1825 30.3923 0
    endloop
  endfacet
  facet normal -0.99786 -0.0653917 0
    outer loop
      vertex 32.4 29.5 0
      vertex 32.3923 29.6175 2
      vertex 32.3923 29.6175 0
    endloop
  endfacet
  facet normal -0.99786 -0.0653917 0
    outer loop
      vertex 32.3923 29.6175 2
      vertex 32.4 29.5 0
      vertex 32.4 29.5 2
    endloop
  endfacet
  facet normal 0.659286 0.751892 -0
    outer loop
      vertex 30.7521 14.586 0
      vertex 30.6636 14.6636 2
      vertex 30.7521 14.586 2
    endloop
  endfacet
  facet normal 0.659286 0.751892 0
    outer loop
      vertex 30.6636 14.6636 2
      vertex 30.7521 14.586 0
      vertex 30.6636 14.6636 0
    endloop
  endfacet
  facet normal 0.442452 0.896792 -0
    outer loop
      vertex 30.9556 14.4685 0
      vertex 30.85 14.5206 2
      vertex 30.9556 14.4685 2
    endloop
  endfacet
  facet normal 0.442452 0.896792 0
    outer loop
      vertex 30.85 14.5206 2
      vertex 30.9556 14.4685 0
      vertex 30.85 14.5206 0
    endloop
  endfacet
  facet normal -1 0 0
    outer loop
      vertex 32.4 15.3 0
      vertex 32.4 29.5 2
      vertex 32.4 29.5 0
    endloop
  endfacet
  facet normal -1 -0 0
    outer loop
      vertex 32.4 29.5 2
      vertex 32.4 15.3 0
      vertex 32.4 15.3 2
    endloop
  endfacet
  facet normal 0.980711 0.195462 0
    outer loop
      vertex 30.4307 15.0671 2
      vertex 30.4077 15.1825 0
      vertex 30.4077 15.1825 2
    endloop
  endfacet
  facet normal 0.980711 0.195462 0
    outer loop
      vertex 30.4077 15.1825 0
      vertex 30.4307 15.0671 2
      vertex 30.4307 15.0671 0
    endloop
  endfacet
  facet normal -0.0653917 0.99786 0
    outer loop
      vertex 31.6175 14.4077 0
      vertex 31.5 14.4 2
      vertex 31.6175 14.4077 2
    endloop
  endfacet
  facet normal -0.0653917 0.99786 0
    outer loop
      vertex 31.5 14.4 2
      vertex 31.6175 14.4077 0
      vertex 31.5 14.4 0
    endloop
  endfacet
  facet normal 0.99786 -0.0653917 0
    outer loop
      vertex 30.4 29.5 2
      vertex 30.4077 29.6175 0
      vertex 30.4077 29.6175 2
    endloop
  endfacet
  facet normal 0.99786 -0.0653917 0
    outer loop
      vertex 30.4077 29.6175 0
      vertex 30.4 29.5 2
      vertex 30.4 29.5 0
    endloop
  endfacet
  facet normal 0 -1 0
    outer loop
      vertex 31.3 30.4 0
      vertex 31.5 30.4 2
      vertex 31.3 30.4 2
    endloop
  endfacet
  facet normal 0 -1 -0
    outer loop
      vertex 31.5 30.4 2
      vertex 31.3 30.4 0
      vertex 31.5 30.4 0
    endloop
  endfacet
  facet normal -0.195462 0.980711 0
    outer loop
      vertex 31.7329 14.4307 0
      vertex 31.6175 14.4077 2
      vertex 31.7329 14.4307 2
    endloop
  endfacet
  facet normal -0.195462 0.980711 0
    outer loop
      vertex 31.6175 14.4077 2
      vertex 31.7329 14.4307 0
      vertex 31.6175 14.4077 0
    endloop
  endfacet
  facet normal 0.947057 0.321065 0
    outer loop
      vertex 30.4685 14.9556 2
      vertex 30.4307 15.0671 0
      vertex 30.4307 15.0671 2
    endloop
  endfacet
  facet normal 0.947057 0.321065 0
    outer loop
      vertex 30.4307 15.0671 0
      vertex 30.4685 14.9556 2
      vertex 30.4685 14.9556 0
    endloop
  endfacet
  facet normal 0.947057 -0.321065 0
    outer loop
      vertex 30.4307 29.7329 2
      vertex 30.4685 29.8444 0
      vertex 30.4685 29.8444 2
    endloop
  endfacet
  facet normal 0.947057 -0.321065 0
    outer loop
      vertex 30.4685 29.8444 0
      vertex 30.4307 29.7329 2
      vertex 30.4307 29.7329 0
    endloop
  endfacet
  facet normal -0.99786 0.0653917 0
    outer loop
      vertex 32.3923 15.1825 0
      vertex 32.4 15.3 2
      vertex 32.4 15.3 0
    endloop
  endfacet
  facet normal -0.99786 0.0653917 0
    outer loop
      vertex 32.4 15.3 2
      vertex 32.3923 15.1825 0
      vertex 32.3923 15.1825 2
    endloop
  endfacet
  facet normal -0.442452 -0.896792 0
    outer loop
      vertex 31.8444 30.3315 0
      vertex 31.95 30.2794 2
      vertex 31.8444 30.3315 2
    endloop
  endfacet
  facet normal -0.442452 -0.896792 -0
    outer loop
      vertex 31.95 30.2794 2
      vertex 31.8444 30.3315 0
      vertex 31.95 30.2794 0
    endloop
  endfacet
  facet normal 0.99786 0.0653917 0
    outer loop
      vertex 30.4077 15.1825 2
      vertex 30.4 15.3 0
      vertex 30.4 15.3 2
    endloop
  endfacet
  facet normal 0.99786 0.0653917 0
    outer loop
      vertex 30.4 15.3 0
      vertex 30.4077 15.1825 2
      vertex 30.4077 15.1825 0
    endloop
  endfacet
  facet normal 1 -0 0
    outer loop
      vertex 30.4 15.3 2
      vertex 30.4 29.5 0
      vertex 30.4 29.5 2
    endloop
  endfacet
  facet normal 1 0 0
    outer loop
      vertex 30.4 29.5 0
      vertex 30.4 15.3 2
      vertex 30.4 15.3 0
    endloop
  endfacet
  facet normal 0.751892 0.659286 0
    outer loop
      vertex 30.6636 14.6636 2
      vertex 30.586 14.7521 0
      vertex 30.586 14.7521 2
    endloop
  endfacet
  facet normal 0.751892 0.659286 0
    outer loop
      vertex 30.586 14.7521 0
      vertex 30.6636 14.6636 2
      vertex 30.6636 14.6636 0
    endloop
  endfacet
  facet normal 0.980711 -0.195462 0
    outer loop
      vertex 30.4077 29.6175 2
      vertex 30.4307 29.7329 0
      vertex 30.4307 29.7329 2
    endloop
  endfacet
  facet normal 0.980711 -0.195462 0
    outer loop
      vertex 30.4307 29.7329 0
      vertex 30.4077 29.6175 2
      vertex 30.4077 29.6175 0
    endloop
  endfacet
  facet normal -0.896792 0.442452 0
    outer loop
      vertex 32.2794 14.85 0
      vertex 32.3315 14.9556 2
      vertex 32.3315 14.9556 0
    endloop
  endfacet
  facet normal -0.896792 0.442452 0
    outer loop
      vertex 32.3315 14.9556 2
      vertex 32.2794 14.85 0
      vertex 32.2794 14.85 2
    endloop
  endfacet
  facet normal 0.659286 -0.751892 0
    outer loop
      vertex 30.6636 30.1364 0
      vertex 30.7521 30.214 2
      vertex 30.6636 30.1364 2
    endloop
  endfacet
  facet normal 0.659286 -0.751892 0
    outer loop
      vertex 30.7521 30.214 2
      vertex 30.6636 30.1364 0
      vertex 30.7521 30.214 0
    endloop
  endfacet
  facet normal -0.659286 -0.751892 0
    outer loop
      vertex 32.0479 30.214 0
      vertex 32.1364 30.1364 2
      vertex 32.0479 30.214 2
    endloop
  endfacet
  facet normal -0.659286 -0.751892 -0
    outer loop
      vertex 32.1364 30.1364 2
      vertex 32.0479 30.214 0
      vertex 32.1364 30.1364 0
    endloop
  endfacet
  facet normal -0.659286 0.751892 0
    outer loop
      vertex 32.1364 14.6636 0
      vertex 32.0479 14.586 2
      vertex 32.1364 14.6636 2
    endloop
  endfacet
  facet normal -0.659286 0.751892 0
    outer loop
      vertex 32.0479 14.586 2
      vertex 32.1364 14.6636 0
      vertex 32.0479 14.586 0
    endloop
  endfacet
  facet normal 0.896792 -0.442452 0
    outer loop
      vertex 30.4685 29.8444 2
      vertex 30.5206 29.95 0
      vertex 30.5206 29.95 2
    endloop
  endfacet
  facet normal 0.896792 -0.442452 0
    outer loop
      vertex 30.5206 29.95 0
      vertex 30.4685 29.8444 2
      vertex 30.4685 29.8444 0
    endloop
  endfacet
  facet normal 0.442452 -0.896792 0
    outer loop
      vertex 30.85 30.2794 0
      vertex 30.9556 30.3315 2
      vertex 30.85 30.2794 2
    endloop
  endfacet
  facet normal 0.442452 -0.896792 0
    outer loop
      vertex 30.9556 30.3315 2
      vertex 30.85 30.2794 0
      vertex 30.9556 30.3315 0
    endloop
  endfacet
  facet normal 0.831527 -0.555484 0
    outer loop
      vertex 30.5206 29.95 2
      vertex 30.586 30.0479 0
      vertex 30.586 30.0479 2
    endloop
  endfacet
  facet normal 0.831527 -0.555484 0
    outer loop
      vertex 30.586 30.0479 0
      vertex 30.5206 29.95 2
      vertex 30.5206 29.95 0
    endloop
  endfacet
  facet normal -0.751892 0.659286 0
    outer loop
      vertex 32.1364 14.6636 0
      vertex 32.214 14.7521 2
      vertex 32.214 14.7521 0
    endloop
  endfacet
  facet normal -0.751892 0.659286 0
    outer loop
      vertex 32.214 14.7521 2
      vertex 32.1364 14.6636 0
      vertex 32.1364 14.6636 2
    endloop
  endfacet
  facet normal 0.555484 -0.831527 0
    outer loop
      vertex 30.7521 30.214 0
      vertex 30.85 30.2794 2
      vertex 30.7521 30.214 2
    endloop
  endfacet
  facet normal 0.555484 -0.831527 0
    outer loop
      vertex 30.85 30.2794 2
      vertex 30.7521 30.214 0
      vertex 30.85 30.2794 0
    endloop
  endfacet
  facet normal 0.195462 0.980711 -0
    outer loop
      vertex 31.1825 14.4077 0
      vertex 31.0671 14.4307 2
      vertex 31.1825 14.4077 2
    endloop
  endfacet
  facet normal 0.195462 0.980711 0
    outer loop
      vertex 31.0671 14.4307 2
      vertex 31.1825 14.4077 0
      vertex 31.0671 14.4307 0
    endloop
  endfacet
  facet normal -0.980711 -0.195462 0
    outer loop
      vertex 32.3923 29.6175 0
      vertex 32.3693 29.7329 2
      vertex 32.3693 29.7329 0
    endloop
  endfacet
  facet normal -0.980711 -0.195462 0
    outer loop
      vertex 32.3693 29.7329 2
      vertex 32.3923 29.6175 0
      vertex 32.3923 29.6175 2
    endloop
  endfacet
  facet normal -0.831527 0.555484 0
    outer loop
      vertex 32.214 14.7521 0
      vertex 32.2794 14.85 2
      vertex 32.2794 14.85 0
    endloop
  endfacet
  facet normal -0.831527 0.555484 0
    outer loop
      vertex 32.2794 14.85 2
      vertex 32.214 14.7521 0
      vertex 32.214 14.7521 2
    endloop
  endfacet
  facet normal 0.831527 0.555484 0
    outer loop
      vertex 30.586 14.7521 2
      vertex 30.5206 14.85 0
      vertex 30.5206 14.85 2
    endloop
  endfacet
  facet normal 0.831527 0.555484 0
    outer loop
      vertex 30.5206 14.85 0
      vertex 30.586 14.7521 2
      vertex 30.586 14.7521 0
    endloop
  endfacet
  facet normal -0.0653917 -0.99786 0
    outer loop
      vertex 31.5 30.4 0
      vertex 31.6175 30.3923 2
      vertex 31.5 30.4 2
    endloop
  endfacet
  facet normal -0.0653917 -0.99786 -0
    outer loop
      vertex 31.6175 30.3923 2
      vertex 31.5 30.4 0
      vertex 31.6175 30.3923 0
    endloop
  endfacet
  facet normal -0.751892 -0.659286 0
    outer loop
      vertex 32.214 30.0479 0
      vertex 32.1364 30.1364 2
      vertex 32.1364 30.1364 0
    endloop
  endfacet
  facet normal -0.751892 -0.659286 0
    outer loop
      vertex 32.1364 30.1364 2
      vertex 32.214 30.0479 0
      vertex 32.214 30.0479 2
    endloop
  endfacet
  facet normal 0.0653917 -0.99786 0
    outer loop
      vertex 31.1825 30.3923 0
      vertex 31.3 30.4 2
      vertex 31.1825 30.3923 2
    endloop
  endfacet
  facet normal 0.0653917 -0.99786 0
    outer loop
      vertex 31.3 30.4 2
      vertex 31.1825 30.3923 0
      vertex 31.3 30.4 0
    endloop
  endfacet
  facet normal -0.442452 0.896792 0
    outer loop
      vertex 31.95 14.5206 0
      vertex 31.8444 14.4685 2
      vertex 31.95 14.5206 2
    endloop
  endfacet
  facet normal -0.442452 0.896792 0
    outer loop
      vertex 31.8444 14.4685 2
      vertex 31.95 14.5206 0
      vertex 31.8444 14.4685 0
    endloop
  endfacet
  facet normal 0.896792 0.442452 0
    outer loop
      vertex 30.5206 14.85 2
      vertex 30.4685 14.9556 0
      vertex 30.4685 14.9556 2
    endloop
  endfacet
  facet normal 0.896792 0.442452 0
    outer loop
      vertex 30.4685 14.9556 0
      vertex 30.5206 14.85 2
      vertex 30.5206 14.85 0
    endloop
  endfacet
  facet normal 0.751892 -0.659286 0
    outer loop
      vertex 30.586 30.0479 2
      vertex 30.6636 30.1364 0
      vertex 30.6636 30.1364 2
    endloop
  endfacet
  facet normal 0.751892 -0.659286 0
    outer loop
      vertex 30.6636 30.1364 0
      vertex 30.586 30.0479 2
      vertex 30.586 30.0479 0
    endloop
  endfacet
  facet normal -0.831527 -0.555484 0
    outer loop
      vertex 32.2794 29.95 0
      vertex 32.214 30.0479 2
      vertex 32.214 30.0479 0
    endloop
  endfacet
  facet normal -0.831527 -0.555484 0
    outer loop
      vertex 32.214 30.0479 2
      vertex 32.2794 29.95 0
      vertex 32.2794 29.95 2
    endloop
  endfacet
  facet normal -0.321065 -0.947057 0
    outer loop
      vertex 31.7329 30.3693 0
      vertex 31.8444 30.3315 2
      vertex 31.7329 30.3693 2
    endloop
  endfacet
  facet normal -0.321065 -0.947057 -0
    outer loop
      vertex 31.8444 30.3315 2
      vertex 31.7329 30.3693 0
      vertex 31.8444 30.3315 0
    endloop
  endfacet
  facet normal -0.947057 -0.321065 0
    outer loop
      vertex 32.3693 29.7329 0
      vertex 32.3315 29.8444 2
      vertex 32.3315 29.8444 0
    endloop
  endfacet
  facet normal -0.947057 -0.321065 0
    outer loop
      vertex 32.3315 29.8444 2
      vertex 32.3693 29.7329 0
      vertex 32.3693 29.7329 2
    endloop
  endfacet
  facet normal 0.555484 0.831527 -0
    outer loop
      vertex 30.85 14.5206 0
      vertex 30.7521 14.586 2
      vertex 30.85 14.5206 2
    endloop
  endfacet
  facet normal 0.555484 0.831527 0
    outer loop
      vertex 30.7521 14.586 2
      vertex 30.85 14.5206 0
      vertex 30.7521 14.586 0
    endloop
  endfacet
  facet normal -0.555484 -0.831527 0
    outer loop
      vertex 31.95 30.2794 0
      vertex 32.0479 30.214 2
      vertex 31.95 30.2794 2
    endloop
  endfacet
  facet normal -0.555484 -0.831527 -0
    outer loop
      vertex 32.0479 30.214 2
      vertex 31.95 30.2794 0
      vertex 32.0479 30.214 0
    endloop
  endfacet
  facet normal -0.947057 0.321065 0
    outer loop
      vertex 32.3315 14.9556 0
      vertex 32.3693 15.0671 2
      vertex 32.3693 15.0671 0
    endloop
  endfacet
  facet normal -0.947057 0.321065 0
    outer loop
      vertex 32.3693 15.0671 2
      vertex 32.3315 14.9556 0
      vertex 32.3315 14.9556 2
    endloop
  endfacet
  facet normal -0.896792 -0.442452 0
    outer loop
      vertex 32.3315 29.8444 0
      vertex 32.2794 29.95 2
      vertex 32.2794 29.95 0
    endloop
  endfacet
  facet normal -0.896792 -0.442452 0
    outer loop
      vertex 32.2794 29.95 2
      vertex 32.3315 29.8444 0
      vertex 32.3315 29.8444 2
    endloop
  endfacet
  facet normal -0.980711 0.195462 0
    outer loop
      vertex 32.3693 15.0671 0
      vertex 32.3923 15.1825 2
      vertex 32.3923 15.1825 0
    endloop
  endfacet
  facet normal -0.980711 0.195462 0
    outer loop
      vertex 32.3923 15.1825 2
      vertex 32.3693 15.0671 0
      vertex 32.3693 15.0671 2
    endloop
  endfacet
  facet normal 0.321065 -0.947057 0
    outer loop
      vertex 37.9556 30.3315 0
      vertex 38.0671 30.3693 2
      vertex 37.9556 30.3315 2
    endloop
  endfacet
  facet normal 0.321065 -0.947057 0
    outer loop
      vertex 38.0671 30.3693 2
      vertex 37.9556 30.3315 0
      vertex 38.0671 30.3693 0
    endloop
  endfacet
  facet normal 0.321065 0.947057 -0
    outer loop
      vertex 38.0671 14.4307 0
      vertex 37.9556 14.4685 2
      vertex 38.0671 14.4307 2
    endloop
  endfacet
  facet normal 0.321065 0.947057 0
    outer loop
      vertex 37.9556 14.4685 2
      vertex 38.0671 14.4307 0
      vertex 37.9556 14.4685 0
    endloop
  endfacet
  facet normal -0.555484 0.831527 0
    outer loop
      vertex 39.0479 14.586 0
      vertex 38.95 14.5206 2
      vertex 39.0479 14.586 2
    endloop
  endfacet
  facet normal -0.555484 0.831527 0
    outer loop
      vertex 38.95 14.5206 2
      vertex 39.0479 14.586 0
      vertex 38.95 14.5206 0
    endloop
  endfacet
  facet normal 0.0653917 0.99786 -0
    outer loop
      vertex 38.3 14.4 0
      vertex 38.1825 14.4077 2
      vertex 38.3 14.4 2
    endloop
  endfacet
  facet normal 0.0653917 0.99786 0
    outer loop
      vertex 38.1825 14.4077 2
      vertex 38.3 14.4 0
      vertex 38.1825 14.4077 0
    endloop
  endfacet
  facet normal -0.195462 -0.980711 0
    outer loop
      vertex 38.6175 30.3923 0
      vertex 38.7329 30.3693 2
      vertex 38.6175 30.3923 2
    endloop
  endfacet
  facet normal -0.195462 -0.980711 -0
    outer loop
      vertex 38.7329 30.3693 2
      vertex 38.6175 30.3923 0
      vertex 38.7329 30.3693 0
    endloop
  endfacet
  facet normal 0 1 -0
    outer loop
      vertex 38.5 14.4 0
      vertex 38.3 14.4 2
      vertex 38.5 14.4 2
    endloop
  endfacet
  facet normal 0 1 0
    outer loop
      vertex 38.3 14.4 2
      vertex 38.5 14.4 0
      vertex 38.3 14.4 0
    endloop
  endfacet
  facet normal -0.321065 0.947057 0
    outer loop
      vertex 38.8444 14.4685 0
      vertex 38.7329 14.4307 2
      vertex 38.8444 14.4685 2
    endloop
  endfacet
  facet normal -0.321065 0.947057 0
    outer loop
      vertex 38.7329 14.4307 2
      vertex 38.8444 14.4685 0
      vertex 38.7329 14.4307 0
    endloop
  endfacet
  facet normal 0.195462 -0.980711 0
    outer loop
      vertex 38.0671 30.3693 0
      vertex 38.1825 30.3923 2
      vertex 38.0671 30.3693 2
    endloop
  endfacet
  facet normal 0.195462 -0.980711 0
    outer loop
      vertex 38.1825 30.3923 2
      vertex 38.0671 30.3693 0
      vertex 38.1825 30.3923 0
    endloop
  endfacet
  facet normal -0.99786 -0.0653917 0
    outer loop
      vertex 39.4 29.5 0
      vertex 39.3923 29.6175 2
      vertex 39.3923 29.6175 0
    endloop
  endfacet
  facet normal -0.99786 -0.0653917 0
    outer loop
      vertex 39.3923 29.6175 2
      vertex 39.4 29.5 0
      vertex 39.4 29.5 2
    endloop
  endfacet
  facet normal 0.442452 0.896792 -0
    outer loop
      vertex 37.9556 14.4685 0
      vertex 37.85 14.5206 2
      vertex 37.9556 14.4685 2
    endloop
  endfacet
  facet normal 0.442452 0.896792 0
    outer loop
      vertex 37.85 14.5206 2
      vertex 37.9556 14.4685 0
      vertex 37.85 14.5206 0
    endloop
  endfacet
  facet normal -1 0 0
    outer loop
      vertex 39.4 15.3 0
      vertex 39.4 29.5 2
      vertex 39.4 29.5 0
    endloop
  endfacet
  facet normal -1 -0 0
    outer loop
      vertex 39.4 29.5 2
      vertex 39.4 15.3 0
      vertex 39.4 15.3 2
    endloop
  endfacet
  facet normal 0.980711 0.195462 0
    outer loop
      vertex 37.4307 15.0671 2
      vertex 37.4077 15.1825 0
      vertex 37.4077 15.1825 2
    endloop
  endfacet
  facet normal 0.980711 0.195462 0
    outer loop
      vertex 37.4077 15.1825 0
      vertex 37.4307 15.0671 2
      vertex 37.4307 15.0671 0
    endloop
  endfacet
  facet normal -0.0653917 0.99786 0
    outer loop
      vertex 38.6175 14.4077 0
      vertex 38.5 14.4 2
      vertex 38.6175 14.4077 2
    endloop
  endfacet
  facet normal -0.0653917 0.99786 0
    outer loop
      vertex 38.5 14.4 2
      vertex 38.6175 14.4077 0
      vertex 38.5 14.4 0
    endloop
  endfacet
  facet normal 0.99786 -0.0653917 0
    outer loop
      vertex 37.4 29.5 2
      vertex 37.4077 29.6175 0
      vertex 37.4077 29.6175 2
    endloop
  endfacet
  facet normal 0.99786 -0.0653917 0
    outer loop
      vertex 37.4077 29.6175 0
      vertex 37.4 29.5 2
      vertex 37.4 29.5 0
    endloop
  endfacet
  facet normal 0 -1 0
    outer loop
      vertex 38.3 30.4 0
      vertex 38.5 30.4 2
      vertex 38.3 30.4 2
    endloop
  endfacet
  facet normal 0 -1 -0
    outer loop
      vertex 38.5 30.4 2
      vertex 38.3 30.4 0
      vertex 38.5 30.4 0
    endloop
  endfacet
  facet normal -0.195462 0.980711 0
    outer loop
      vertex 38.7329 14.4307 0
      vertex 38.6175 14.4077 2
      vertex 38.7329 14.4307 2
    endloop
  endfacet
  facet normal -0.195462 0.980711 0
    outer loop
      vertex 38.6175 14.4077 2
      vertex 38.7329 14.4307 0
      vertex 38.6175 14.4077 0
    endloop
  endfacet
  facet normal 0.947057 0.321065 0
    outer loop
      vertex 37.4685 14.9556 2
      vertex 37.4307 15.0671 0
      vertex 37.4307 15.0671 2
    endloop
  endfacet
  facet normal 0.947057 0.321065 0
    outer loop
      vertex 37.4307 15.0671 0
      vertex 37.4685 14.9556 2
      vertex 37.4685 14.9556 0
    endloop
  endfacet
  facet normal 0.947057 -0.321065 0
    outer loop
      vertex 37.4307 29.7329 2
      vertex 37.4685 29.8444 0
      vertex 37.4685 29.8444 2
    endloop
  endfacet
  facet normal 0.947057 -0.321065 0
    outer loop
      vertex 37.4685 29.8444 0
      vertex 37.4307 29.7329 2
      vertex 37.4307 29.7329 0
    endloop
  endfacet
  facet normal -0.99786 0.0653917 0
    outer loop
      vertex 39.3923 15.1825 0
      vertex 39.4 15.3 2
      vertex 39.4 15.3 0
    endloop
  endfacet
  facet normal -0.99786 0.0653917 0
    outer loop
      vertex 39.4 15.3 2
      vertex 39.3923 15.1825 0
      vertex 39.3923 15.1825 2
    endloop
  endfacet
  facet normal -0.442452 -0.896792 0
    outer loop
      vertex 38.8444 30.3315 0
      vertex 38.95 30.2794 2
      vertex 38.8444 30.3315 2
    endloop
  endfacet
  facet normal -0.442452 -0.896792 -0
    outer loop
      vertex 38.95 30.2794 2
      vertex 38.8444 30.3315 0
      vertex 38.95 30.2794 0
    endloop
  endfacet
  facet normal 0.99786 0.0653917 0
    outer loop
      vertex 37.4077 15.1825 2
      vertex 37.4 15.3 0
      vertex 37.4 15.3 2
    endloop
  endfacet
  facet normal 0.99786 0.0653917 0
    outer loop
      vertex 37.4 15.3 0
      vertex 37.4077 15.1825 2
      vertex 37.4077 15.1825 0
    endloop
  endfacet
  facet normal 1 -0 0
    outer loop
      vertex 37.4 15.3 2
      vertex 37.4 29.5 0
      vertex 37.4 29.5 2
    endloop
  endfacet
  facet normal 1 0 0
    outer loop
      vertex 37.4 29.5 0
      vertex 37.4 15.3 2
      vertex 37.4 15.3 0
    endloop
  endfacet
  facet normal 0.751892 0.659286 0
    outer loop
      vertex 37.6636 14.6636 2
      vertex 37.586 14.7521 0
      vertex 37.586 14.7521 2
    endloop
  endfacet
  facet normal 0.751892 0.659286 0
    outer loop
      vertex 37.586 14.7521 0
      vertex 37.6636 14.6636 2
      vertex 37.6636 14.6636 0
    endloop
  endfacet
  facet normal 0.980711 -0.195462 0
    outer loop
      vertex 37.4077 29.6175 2
      vertex 37.4307 29.7329 0
      vertex 37.4307 29.7329 2
    endloop
  endfacet
  facet normal 0.980711 -0.195462 0
    outer loop
      vertex 37.4307 29.7329 0
      vertex 37.4077 29.6175 2
      vertex 37.4077 29.6175 0
    endloop
  endfacet
  facet normal -0.896792 0.442452 0
    outer loop
      vertex 39.2794 14.85 0
      vertex 39.3315 14.9556 2
      vertex 39.3315 14.9556 0
    endloop
  endfacet
  facet normal -0.896792 0.442452 0
    outer loop
      vertex 39.3315 14.9556 2
      vertex 39.2794 14.85 0
      vertex 39.2794 14.85 2
    endloop
  endfacet
  facet normal 0.659286 -0.751892 0
    outer loop
      vertex 37.6636 30.1364 0
      vertex 37.7521 30.214 2
      vertex 37.6636 30.1364 2
    endloop
  endfacet
  facet normal 0.659286 -0.751892 0
    outer loop
      vertex 37.7521 30.214 2
      vertex 37.6636 30.1364 0
      vertex 37.7521 30.214 0
    endloop
  endfacet
  facet normal -0.659286 -0.751892 0
    outer loop
      vertex 39.0479 30.214 0
      vertex 39.1364 30.1364 2
      vertex 39.0479 30.214 2
    endloop
  endfacet
  facet normal -0.659286 -0.751892 -0
    outer loop
      vertex 39.1364 30.1364 2
      vertex 39.0479 30.214 0
      vertex 39.1364 30.1364 0
    endloop
  endfacet
  facet normal -0.659286 0.751892 0
    outer loop
      vertex 39.1364 14.6636 0
      vertex 39.0479 14.586 2
      vertex 39.1364 14.6636 2
    endloop
  endfacet
  facet normal -0.659286 0.751892 0
    outer loop
      vertex 39.0479 14.586 2
      vertex 39.1364 14.6636 0
      vertex 39.0479 14.586 0
    endloop
  endfacet
  facet normal 0.896792 -0.442452 0
    outer loop
      vertex 37.4685 29.8444 2
      vertex 37.5206 29.95 0
      vertex 37.5206 29.95 2
    endloop
  endfacet
  facet normal 0.896792 -0.442452 0
    outer loop
      vertex 37.5206 29.95 0
      vertex 37.4685 29.8444 2
      vertex 37.4685 29.8444 0
    endloop
  endfacet
  facet normal 0.442452 -0.896792 0
    outer loop
      vertex 37.85 30.2794 0
      vertex 37.9556 30.3315 2
      vertex 37.85 30.2794 2
    endloop
  endfacet
  facet normal 0.442452 -0.896792 0
    outer loop
      vertex 37.9556 30.3315 2
      vertex 37.85 30.2794 0
      vertex 37.9556 30.3315 0
    endloop
  endfacet
  facet normal 0.831527 -0.555484 0
    outer loop
      vertex 37.5206 29.95 2
      vertex 37.586 30.0479 0
      vertex 37.586 30.0479 2
    endloop
  endfacet
  facet normal 0.831527 -0.555484 0
    outer loop
      vertex 37.586 30.0479 0
      vertex 37.5206 29.95 2
      vertex 37.5206 29.95 0
    endloop
  endfacet
  facet normal -0.751892 0.659286 0
    outer loop
      vertex 39.1364 14.6636 0
      vertex 39.214 14.7521 2
      vertex 39.214 14.7521 0
    endloop
  endfacet
  facet normal -0.751892 0.659286 0
    outer loop
      vertex 39.214 14.7521 2
      vertex 39.1364 14.6636 0
      vertex 39.1364 14.6636 2
    endloop
  endfacet
  facet normal 0.555484 -0.831527 0
    outer loop
      vertex 37.7521 30.214 0
      vertex 37.85 30.2794 2
      vertex 37.7521 30.214 2
    endloop
  endfacet
  facet normal 0.555484 -0.831527 0
    outer loop
      vertex 37.85 30.2794 2
      vertex 37.7521 30.214 0
      vertex 37.85 30.2794 0
    endloop
  endfacet
  facet normal 0.195462 0.980711 -0
    outer loop
      vertex 38.1825 14.4077 0
      vertex 38.0671 14.4307 2
      vertex 38.1825 14.4077 2
    endloop
  endfacet
  facet normal 0.195462 0.980711 0
    outer loop
      vertex 38.0671 14.4307 2
      vertex 38.1825 14.4077 0
      vertex 38.0671 14.4307 0
    endloop
  endfacet
  facet normal -0.980711 -0.195462 0
    outer loop
      vertex 39.3923 29.6175 0
      vertex 39.3693 29.7329 2
      vertex 39.3693 29.7329 0
    endloop
  endfacet
  facet normal -0.980711 -0.195462 0
    outer loop
      vertex 39.3693 29.7329 2
      vertex 39.3923 29.6175 0
      vertex 39.3923 29.6175 2
    endloop
  endfacet
  facet normal -0.831527 0.555484 0
    outer loop
      vertex 39.214 14.7521 0
      vertex 39.2794 14.85 2
      vertex 39.2794 14.85 0
    endloop
  endfacet
  facet normal -0.831527 0.555484 0
    outer loop
      vertex 39.2794 14.85 2
      vertex 39.214 14.7521 0
      vertex 39.214 14.7521 2
    endloop
  endfacet
  facet normal 0.831527 0.555484 0
    outer loop
      vertex 37.586 14.7521 2
      vertex 37.5206 14.85 0
      vertex 37.5206 14.85 2
    endloop
  endfacet
  facet normal 0.831527 0.555484 0
    outer loop
      vertex 37.5206 14.85 0
      vertex 37.586 14.7521 2
      vertex 37.586 14.7521 0
    endloop
  endfacet
  facet normal 0.659286 0.751892 -0
    outer loop
      vertex 37.7521 14.586 0
      vertex 37.6636 14.6636 2
      vertex 37.7521 14.586 2
    endloop
  endfacet
  facet normal 0.659286 0.751892 0
    outer loop
      vertex 37.6636 14.6636 2
      vertex 37.7521 14.586 0
      vertex 37.6636 14.6636 0
    endloop
  endfacet
  facet normal -0.0653917 -0.99786 0
    outer loop
      vertex 38.5 30.4 0
      vertex 38.6175 30.3923 2
      vertex 38.5 30.4 2
    endloop
  endfacet
  facet normal -0.0653917 -0.99786 -0
    outer loop
      vertex 38.6175 30.3923 2
      vertex 38.5 30.4 0
      vertex 38.6175 30.3923 0
    endloop
  endfacet
  facet normal -0.751892 -0.659286 0
    outer loop
      vertex 39.214 30.0479 0
      vertex 39.1364 30.1364 2
      vertex 39.1364 30.1364 0
    endloop
  endfacet
  facet normal -0.751892 -0.659286 0
    outer loop
      vertex 39.1364 30.1364 2
      vertex 39.214 30.0479 0
      vertex 39.214 30.0479 2
    endloop
  endfacet
  facet normal 0.0653917 -0.99786 0
    outer loop
      vertex 38.1825 30.3923 0
      vertex 38.3 30.4 2
      vertex 38.1825 30.3923 2
    endloop
  endfacet
  facet normal 0.0653917 -0.99786 0
    outer loop
      vertex 38.3 30.4 2
      vertex 38.1825 30.3923 0
      vertex 38.3 30.4 0
    endloop
  endfacet
  facet normal -0.442452 0.896792 0
    outer loop
      vertex 38.95 14.5206 0
      vertex 38.8444 14.4685 2
      vertex 38.95 14.5206 2
    endloop
  endfacet
  facet normal -0.442452 0.896792 0
    outer loop
      vertex 38.8444 14.4685 2
      vertex 38.95 14.5206 0
      vertex 38.8444 14.4685 0
    endloop
  endfacet
  facet normal 0.751892 -0.659286 0
    outer loop
      vertex 37.586 30.0479 2
      vertex 37.6636 30.1364 0
      vertex 37.6636 30.1364 2
    endloop
  endfacet
  facet normal 0.751892 -0.659286 0
    outer loop
      vertex 37.6636 30.1364 0
      vertex 37.586 30.0479 2
      vertex 37.586 30.0479 0
    endloop
  endfacet
  facet normal 0.896792 0.442452 0
    outer loop
      vertex 37.5206 14.85 2
      vertex 37.4685 14.9556 0
      vertex 37.4685 14.9556 2
    endloop
  endfacet
  facet normal 0.896792 0.442452 0
    outer loop
      vertex 37.4685 14.9556 0
      vertex 37.5206 14.85 2
      vertex 37.5206 14.85 0
    endloop
  endfacet
  facet normal -0.831527 -0.555484 0
    outer loop
      vertex 39.2794 29.95 0
      vertex 39.214 30.0479 2
      vertex 39.214 30.0479 0
    endloop
  endfacet
  facet normal -0.831527 -0.555484 0
    outer loop
      vertex 39.214 30.0479 2
      vertex 39.2794 29.95 0
      vertex 39.2794 29.95 2
    endloop
  endfacet
  facet normal -0.321065 -0.947057 0
    outer loop
      vertex 38.7329 30.3693 0
      vertex 38.8444 30.3315 2
      vertex 38.7329 30.3693 2
    endloop
  endfacet
  facet normal -0.321065 -0.947057 -0
    outer loop
      vertex 38.8444 30.3315 2
      vertex 38.7329 30.3693 0
      vertex 38.8444 30.3315 0
    endloop
  endfacet
  facet normal -0.947057 -0.321065 0
    outer loop
      vertex 39.3693 29.7329 0
      vertex 39.3315 29.8444 2
      vertex 39.3315 29.8444 0
    endloop
  endfacet
  facet normal -0.947057 -0.321065 0
    outer loop
      vertex 39.3315 29.8444 2
      vertex 39.3693 29.7329 0
      vertex 39.3693 29.7329 2
    endloop
  endfacet
  facet normal 0.555484 0.831527 -0
    outer loop
      vertex 37.85 14.5206 0
      vertex 37.7521 14.586 2
      vertex 37.85 14.5206 2
    endloop
  endfacet
  facet normal 0.555484 0.831527 0
    outer loop
      vertex 37.7521 14.586 2
      vertex 37.85 14.5206 0
      vertex 37.7521 14.586 0
    endloop
  endfacet
  facet normal -0.555484 -0.831527 0
    outer loop
      vertex 38.95 30.2794 0
      vertex 39.0479 30.214 2
      vertex 38.95 30.2794 2
    endloop
  endfacet
  facet normal -0.555484 -0.831527 -0
    outer loop
      vertex 39.0479 30.214 2
      vertex 38.95 30.2794 0
      vertex 39.0479 30.214 0
    endloop
  endfacet
  facet normal -0.947057 0.321065 0
    outer loop
      vertex 39.3315 14.9556 0
      vertex 39.3693 15.0671 2
      vertex 39.3693 15.0671 0
    endloop
  endfacet
  facet normal -0.947057 0.321065 0
    outer loop
      vertex 39.3693 15.0671 2
      vertex 39.3315 14.9556 0
      vertex 39.3315 14.9556 2
    endloop
  endfacet
  facet normal -0.896792 -0.442452 0
    outer loop
      vertex 39.3315 29.8444 0
      vertex 39.2794 29.95 2
      vertex 39.2794 29.95 0
    endloop
  endfacet
  facet normal -0.896792 -0.442452 0
    outer loop
      vertex 39.2794 29.95 2
      vertex 39.3315 29.8444 0
      vertex 39.3315 29.8444 2
    endloop
  endfacet
  facet normal -0.980711 0.195462 0
    outer loop
      vertex 39.3693 15.0671 0
      vertex 39.3923 15.1825 2
      vertex 39.3923 15.1825 0
    endloop
  endfacet
  facet normal -0.980711 0.195462 0
    outer loop
      vertex 39.3923 15.1825 2
      vertex 39.3693 15.0671 0
      vertex 39.3693 15.0671 2
    endloop
  endfacet
  facet normal 0.321065 -0.947057 0
    outer loop
      vertex 44.9556 30.3315 0
      vertex 45.0671 30.3693 2
      vertex 44.9556 30.3315 2
    endloop
  endfacet
  facet normal 0.321065 -0.947057 0
    outer loop
      vertex 45.0671 30.3693 2
      vertex 44.9556 30.3315 0
      vertex 45.0671 30.3693 0
    endloop
  endfacet
  facet normal 0.321065 0.947057 -0
    outer loop
      vertex 45.0671 14.4307 0
      vertex 44.9556 14.4685 2
      vertex 45.0671 14.4307 2
    endloop
  endfacet
  facet normal 0.321065 0.947057 0
    outer loop
      vertex 44.9556 14.4685 2
      vertex 45.0671 14.4307 0
      vertex 44.9556 14.4685 0
    endloop
  endfacet
  facet normal -0.555484 0.831527 0
    outer loop
      vertex 46.0479 14.586 0
      vertex 45.95 14.5206 2
      vertex 46.0479 14.586 2
    endloop
  endfacet
  facet normal -0.555484 0.831527 0
    outer loop
      vertex 45.95 14.5206 2
      vertex 46.0479 14.586 0
      vertex 45.95 14.5206 0
    endloop
  endfacet
  facet normal 0.0653917 0.99786 -0
    outer loop
      vertex 45.3 14.4 0
      vertex 45.1825 14.4077 2
      vertex 45.3 14.4 2
    endloop
  endfacet
  facet normal 0.0653917 0.99786 0
    outer loop
      vertex 45.1825 14.4077 2
      vertex 45.3 14.4 0
      vertex 45.1825 14.4077 0
    endloop
  endfacet
  facet normal -0.195462 -0.980711 0
    outer loop
      vertex 45.6175 30.3923 0
      vertex 45.7329 30.3693 2
      vertex 45.6175 30.3923 2
    endloop
  endfacet
  facet normal -0.195462 -0.980711 -0
    outer loop
      vertex 45.7329 30.3693 2
      vertex 45.6175 30.3923 0
      vertex 45.7329 30.3693 0
    endloop
  endfacet
  facet normal 0 1 -0
    outer loop
      vertex 45.5 14.4 0
      vertex 45.3 14.4 2
      vertex 45.5 14.4 2
    endloop
  endfacet
  facet normal 0 1 0
    outer loop
      vertex 45.3 14.4 2
      vertex 45.5 14.4 0
      vertex 45.3 14.4 0
    endloop
  endfacet
  facet normal -0.321065 0.947057 0
    outer loop
      vertex 45.8444 14.4685 0
      vertex 45.7329 14.4307 2
      vertex 45.8444 14.4685 2
    endloop
  endfacet
  facet normal -0.321065 0.947057 0
    outer loop
      vertex 45.7329 14.4307 2
      vertex 45.8444 14.4685 0
      vertex 45.7329 14.4307 0
    endloop
  endfacet
  facet normal 0.195462 -0.980711 0
    outer loop
      vertex 45.0671 30.3693 0
      vertex 45.1825 30.3923 2
      vertex 45.0671 30.3693 2
    endloop
  endfacet
  facet normal 0.195462 -0.980711 0
    outer loop
      vertex 45.1825 30.3923 2
      vertex 45.0671 30.3693 0
      vertex 45.1825 30.3923 0
    endloop
  endfacet
  facet normal -0.99786 -0.0653917 0
    outer loop
      vertex 46.4 29.5 0
      vertex 46.3923 29.6175 2
      vertex 46.3923 29.6175 0
    endloop
  endfacet
  facet normal -0.99786 -0.0653917 0
    outer loop
      vertex 46.3923 29.6175 2
      vertex 46.4 29.5 0
      vertex 46.4 29.5 2
    endloop
  endfacet
  facet normal 0.659286 0.751892 -0
    outer loop
      vertex 44.7521 14.586 0
      vertex 44.6636 14.6636 2
      vertex 44.7521 14.586 2
    endloop
  endfacet
  facet normal 0.659286 0.751892 0
    outer loop
      vertex 44.6636 14.6636 2
      vertex 44.7521 14.586 0
      vertex 44.6636 14.6636 0
    endloop
  endfacet
  facet normal 0.442452 0.896792 -0
    outer loop
      vertex 44.9556 14.4685 0
      vertex 44.85 14.5206 2
      vertex 44.9556 14.4685 2
    endloop
  endfacet
  facet normal 0.442452 0.896792 0
    outer loop
      vertex 44.85 14.5206 2
      vertex 44.9556 14.4685 0
      vertex 44.85 14.5206 0
    endloop
  endfacet
  facet normal -1 0 0
    outer loop
      vertex 46.4 15.3 0
      vertex 46.4 29.5 2
      vertex 46.4 29.5 0
    endloop
  endfacet
  facet normal -1 -0 0
    outer loop
      vertex 46.4 29.5 2
      vertex 46.4 15.3 0
      vertex 46.4 15.3 2
    endloop
  endfacet
  facet normal 0.980711 0.195462 0
    outer loop
      vertex 44.4307 15.0671 2
      vertex 44.4077 15.1825 0
      vertex 44.4077 15.1825 2
    endloop
  endfacet
  facet normal 0.980711 0.195462 0
    outer loop
      vertex 44.4077 15.1825 0
      vertex 44.4307 15.0671 2
      vertex 44.4307 15.0671 0
    endloop
  endfacet
  facet normal -0.0653917 0.99786 0
    outer loop
      vertex 45.6175 14.4077 0
      vertex 45.5 14.4 2
      vertex 45.6175 14.4077 2
    endloop
  endfacet
  facet normal -0.0653917 0.99786 0
    outer loop
      vertex 45.5 14.4 2
      vertex 45.6175 14.4077 0
      vertex 45.5 14.4 0
    endloop
  endfacet
  facet normal 0.99786 -0.0653917 0
    outer loop
      vertex 44.4 29.5 2
      vertex 44.4077 29.6175 0
      vertex 44.4077 29.6175 2
    endloop
  endfacet
  facet normal 0.99786 -0.0653917 0
    outer loop
      vertex 44.4077 29.6175 0
      vertex 44.4 29.5 2
      vertex 44.4 29.5 0
    endloop
  endfacet
  facet normal 0 -1 0
    outer loop
      vertex 45.3 30.4 0
      vertex 45.5 30.4 2
      vertex 45.3 30.4 2
    endloop
  endfacet
  facet normal 0 -1 -0
    outer loop
      vertex 45.5 30.4 2
      vertex 45.3 30.4 0
      vertex 45.5 30.4 0
    endloop
  endfacet
  facet normal -0.195462 0.980711 0
    outer loop
      vertex 45.7329 14.4307 0
      vertex 45.6175 14.4077 2
      vertex 45.7329 14.4307 2
    endloop
  endfacet
  facet normal -0.195462 0.980711 0
    outer loop
      vertex 45.6175 14.4077 2
      vertex 45.7329 14.4307 0
      vertex 45.6175 14.4077 0
    endloop
  endfacet
  facet normal 0.947057 0.321065 0
    outer loop
      vertex 44.4685 14.9556 2
      vertex 44.4307 15.0671 0
      vertex 44.4307 15.0671 2
    endloop
  endfacet
  facet normal 0.947057 0.321065 0
    outer loop
      vertex 44.4307 15.0671 0
      vertex 44.4685 14.9556 2
      vertex 44.4685 14.9556 0
    endloop
  endfacet
  facet normal 0.947057 -0.321065 0
    outer loop
      vertex 44.4307 29.7329 2
      vertex 44.4685 29.8444 0
      vertex 44.4685 29.8444 2
    endloop
  endfacet
  facet normal 0.947057 -0.321065 0
    outer loop
      vertex 44.4685 29.8444 0
      vertex 44.4307 29.7329 2
      vertex 44.4307 29.7329 0
    endloop
  endfacet
  facet normal -0.99786 0.0653917 0
    outer loop
      vertex 46.3923 15.1825 0
      vertex 46.4 15.3 2
      vertex 46.4 15.3 0
    endloop
  endfacet
  facet normal -0.99786 0.0653917 0
    outer loop
      vertex 46.4 15.3 2
      vertex 46.3923 15.1825 0
      vertex 46.3923 15.1825 2
    endloop
  endfacet
  facet normal -0.442452 -0.896792 0
    outer loop
      vertex 45.8444 30.3315 0
      vertex 45.95 30.2794 2
      vertex 45.8444 30.3315 2
    endloop
  endfacet
  facet normal -0.442452 -0.896792 -0
    outer loop
      vertex 45.95 30.2794 2
      vertex 45.8444 30.3315 0
      vertex 45.95 30.2794 0
    endloop
  endfacet
  facet normal 0.99786 0.0653917 0
    outer loop
      vertex 44.4077 15.1825 2
      vertex 44.4 15.3 0
      vertex 44.4 15.3 2
    endloop
  endfacet
  facet normal 0.99786 0.0653917 0
    outer loop
      vertex 44.4 15.3 0
      vertex 44.4077 15.1825 2
      vertex 44.4077 15.1825 0
    endloop
  endfacet
  facet normal 1 -0 0
    outer loop
      vertex 44.4 15.3 2
      vertex 44.4 29.5 0
      vertex 44.4 29.5 2
    endloop
  endfacet
  facet normal 1 0 0
    outer loop
      vertex 44.4 29.5 0
      vertex 44.4 15.3 2
      vertex 44.4 15.3 0
    endloop
  endfacet
  facet normal 0.751892 0.659286 0
    outer loop
      vertex 44.6636 14.6636 2
      vertex 44.586 14.7521 0
      vertex 44.586 14.7521 2
    endloop
  endfacet
  facet normal 0.751892 0.659286 0
    outer loop
      vertex 44.586 14.7521 0
      vertex 44.6636 14.6636 2
      vertex 44.6636 14.6636 0
    endloop
  endfacet
  facet normal 0.980711 -0.195462 0
    outer loop
      vertex 44.4077 29.6175 2
      vertex 44.4307 29.7329 0
      vertex 44.4307 29.7329 2
    endloop
  endfacet
  facet normal 0.980711 -0.195462 0
    outer loop
      vertex 44.4307 29.7329 0
      vertex 44.4077 29.6175 2
      vertex 44.4077 29.6175 0
    endloop
  endfacet
  facet normal -0.896792 0.442452 0
    outer loop
      vertex 46.2794 14.85 0
      vertex 46.3315 14.9556 2
      vertex 46.3315 14.9556 0
    endloop
  endfacet
  facet normal -0.896792 0.442452 0
    outer loop
      vertex 46.3315 14.9556 2
      vertex 46.2794 14.85 0
      vertex 46.2794 14.85 2
    endloop
  endfacet
  facet normal 0.659286 -0.751892 0
    outer loop
      vertex 44.6636 30.1364 0
      vertex 44.7521 30.214 2
      vertex 44.6636 30.1364 2
    endloop
  endfacet
  facet normal 0.659286 -0.751892 0
    outer loop
      vertex 44.7521 30.214 2
      vertex 44.6636 30.1364 0
      vertex 44.7521 30.214 0
    endloop
  endfacet
  facet normal -0.659286 -0.751892 0
    outer loop
      vertex 46.0479 30.214 0
      vertex 46.1364 30.1364 2
      vertex 46.0479 30.214 2
    endloop
  endfacet
  facet normal -0.659286 -0.751892 -0
    outer loop
      vertex 46.1364 30.1364 2
      vertex 46.0479 30.214 0
      vertex 46.1364 30.1364 0
    endloop
  endfacet
  facet normal -0.659286 0.751892 0
    outer loop
      vertex 46.1364 14.6636 0
      vertex 46.0479 14.586 2
      vertex 46.1364 14.6636 2
    endloop
  endfacet
  facet normal -0.659286 0.751892 0
    outer loop
      vertex 46.0479 14.586 2
      vertex 46.1364 14.6636 0
      vertex 46.0479 14.586 0
    endloop
  endfacet
  facet normal 0.896792 -0.442452 0
    outer loop
      vertex 44.4685 29.8444 2
      vertex 44.5206 29.95 0
      vertex 44.5206 29.95 2
    endloop
  endfacet
  facet normal 0.896792 -0.442452 0
    outer loop
      vertex 44.5206 29.95 0
      vertex 44.4685 29.8444 2
      vertex 44.4685 29.8444 0
    endloop
  endfacet
  facet normal 0.442452 -0.896792 0
    outer loop
      vertex 44.85 30.2794 0
      vertex 44.9556 30.3315 2
      vertex 44.85 30.2794 2
    endloop
  endfacet
  facet normal 0.442452 -0.896792 0
    outer loop
      vertex 44.9556 30.3315 2
      vertex 44.85 30.2794 0
      vertex 44.9556 30.3315 0
    endloop
  endfacet
  facet normal 0.831527 -0.555484 0
    outer loop
      vertex 44.5206 29.95 2
      vertex 44.586 30.0479 0
      vertex 44.586 30.0479 2
    endloop
  endfacet
  facet normal 0.831527 -0.555484 0
    outer loop
      vertex 44.586 30.0479 0
      vertex 44.5206 29.95 2
      vertex 44.5206 29.95 0
    endloop
  endfacet
  facet normal -0.751892 0.659286 0
    outer loop
      vertex 46.1364 14.6636 0
      vertex 46.214 14.7521 2
      vertex 46.214 14.7521 0
    endloop
  endfacet
  facet normal -0.751892 0.659286 0
    outer loop
      vertex 46.214 14.7521 2
      vertex 46.1364 14.6636 0
      vertex 46.1364 14.6636 2
    endloop
  endfacet
  facet normal 0.555484 -0.831527 0
    outer loop
      vertex 44.7521 30.214 0
      vertex 44.85 30.2794 2
      vertex 44.7521 30.214 2
    endloop
  endfacet
  facet normal 0.555484 -0.831527 0
    outer loop
      vertex 44.85 30.2794 2
      vertex 44.7521 30.214 0
      vertex 44.85 30.2794 0
    endloop
  endfacet
  facet normal 0.195462 0.980711 -0
    outer loop
      vertex 45.1825 14.4077 0
      vertex 45.0671 14.4307 2
      vertex 45.1825 14.4077 2
    endloop
  endfacet
  facet normal 0.195462 0.980711 0
    outer loop
      vertex 45.0671 14.4307 2
      vertex 45.1825 14.4077 0
      vertex 45.0671 14.4307 0
    endloop
  endfacet
  facet normal -0.980711 -0.195462 0
    outer loop
      vertex 46.3923 29.6175 0
      vertex 46.3693 29.7329 2
      vertex 46.3693 29.7329 0
    endloop
  endfacet
  facet normal -0.980711 -0.195462 0
    outer loop
      vertex 46.3693 29.7329 2
      vertex 46.3923 29.6175 0
      vertex 46.3923 29.6175 2
    endloop
  endfacet
  facet normal -0.831527 0.555484 0
    outer loop
      vertex 46.214 14.7521 0
      vertex 46.2794 14.85 2
      vertex 46.2794 14.85 0
    endloop
  endfacet
  facet normal -0.831527 0.555484 0
    outer loop
      vertex 46.2794 14.85 2
      vertex 46.214 14.7521 0
      vertex 46.214 14.7521 2
    endloop
  endfacet
  facet normal 0.831527 0.555484 0
    outer loop
      vertex 44.586 14.7521 2
      vertex 44.5206 14.85 0
      vertex 44.5206 14.85 2
    endloop
  endfacet
  facet normal 0.831527 0.555484 0
    outer loop
      vertex 44.5206 14.85 0
      vertex 44.586 14.7521 2
      vertex 44.586 14.7521 0
    endloop
  endfacet
  facet normal -0.0653917 -0.99786 0
    outer loop
      vertex 45.5 30.4 0
      vertex 45.6175 30.3923 2
      vertex 45.5 30.4 2
    endloop
  endfacet
  facet normal -0.0653917 -0.99786 -0
    outer loop
      vertex 45.6175 30.3923 2
      vertex 45.5 30.4 0
      vertex 45.6175 30.3923 0
    endloop
  endfacet
  facet normal -0.751892 -0.659286 0
    outer loop
      vertex 46.214 30.0479 0
      vertex 46.1364 30.1364 2
      vertex 46.1364 30.1364 0
    endloop
  endfacet
  facet normal -0.751892 -0.659286 0
    outer loop
      vertex 46.1364 30.1364 2
      vertex 46.214 30.0479 0
      vertex 46.214 30.0479 2
    endloop
  endfacet
  facet normal 0.0653917 -0.99786 0
    outer loop
      vertex 45.1825 30.3923 0
      vertex 45.3 30.4 2
      vertex 45.1825 30.3923 2
    endloop
  endfacet
  facet normal 0.0653917 -0.99786 0
    outer loop
      vertex 45.3 30.4 2
      vertex 45.1825 30.3923 0
      vertex 45.3 30.4 0
    endloop
  endfacet
  facet normal -0.442452 0.896792 0
    outer loop
      vertex 45.95 14.5206 0
      vertex 45.8444 14.4685 2
      vertex 45.95 14.5206 2
    endloop
  endfacet
  facet normal -0.442452 0.896792 0
    outer loop
      vertex 45.8444 14.4685 2
      vertex 45.95 14.5206 0
      vertex 45.8444 14.4685 0
    endloop
  endfacet
  facet normal 0.751892 -0.659286 0
    outer loop
      vertex 44.586 30.0479 2
      vertex 44.6636 30.1364 0
      vertex 44.6636 30.1364 2
    endloop
  endfacet
  facet normal 0.751892 -0.659286 0
    outer loop
      vertex 44.6636 30.1364 0
      vertex 44.586 30.0479 2
      vertex 44.586 30.0479 0
    endloop
  endfacet
  facet normal 0.896792 0.442452 0
    outer loop
      vertex 44.5206 14.85 2
      vertex 44.4685 14.9556 0
      vertex 44.4685 14.9556 2
    endloop
  endfacet
  facet normal 0.896792 0.442452 0
    outer loop
      vertex 44.4685 14.9556 0
      vertex 44.5206 14.85 2
      vertex 44.5206 14.85 0
    endloop
  endfacet
  facet normal -0.831527 -0.555484 0
    outer loop
      vertex 46.2794 29.95 0
      vertex 46.214 30.0479 2
      vertex 46.214 30.0479 0
    endloop
  endfacet
  facet normal -0.831527 -0.555484 0
    outer loop
      vertex 46.214 30.0479 2
      vertex 46.2794 29.95 0
      vertex 46.2794 29.95 2
    endloop
  endfacet
  facet normal -0.321065 -0.947057 0
    outer loop
      vertex 45.7329 30.3693 0
      vertex 45.8444 30.3315 2
      vertex 45.7329 30.3693 2
    endloop
  endfacet
  facet normal -0.321065 -0.947057 -0
    outer loop
      vertex 45.8444 30.3315 2
      vertex 45.7329 30.3693 0
      vertex 45.8444 30.3315 0
    endloop
  endfacet
  facet normal -0.947057 -0.321065 0
    outer loop
      vertex 46.3693 29.7329 0
      vertex 46.3315 29.8444 2
      vertex 46.3315 29.8444 0
    endloop
  endfacet
  facet normal -0.947057 -0.321065 0
    outer loop
      vertex 46.3315 29.8444 2
      vertex 46.3693 29.7329 0
      vertex 46.3693 29.7329 2
    endloop
  endfacet
  facet normal 0.555484 0.831527 -0
    outer loop
      vertex 44.85 14.5206 0
      vertex 44.7521 14.586 2
      vertex 44.85 14.5206 2
    endloop
  endfacet
  facet normal 0.555484 0.831527 0
    outer loop
      vertex 44.7521 14.586 2
      vertex 44.85 14.5206 0
      vertex 44.7521 14.586 0
    endloop
  endfacet
  facet normal -0.555484 -0.831527 0
    outer loop
      vertex 45.95 30.2794 0
      vertex 46.0479 30.214 2
      vertex 45.95 30.2794 2
    endloop
  endfacet
  facet normal -0.555484 -0.831527 -0
    outer loop
      vertex 46.0479 30.214 2
      vertex 45.95 30.2794 0
      vertex 46.0479 30.214 0
    endloop
  endfacet
  facet normal -0.947057 0.321065 0
    outer loop
      vertex 46.3315 14.9556 0
      vertex 46.3693 15.0671 2
      vertex 46.3693 15.0671 0
    endloop
  endfacet
  facet normal -0.947057 0.321065 0
    outer loop
      vertex 46.3693 15.0671 2
      vertex 46.3315 14.9556 0
      vertex 46.3315 14.9556 2
    endloop
  endfacet
  facet normal -0.896792 -0.442452 0
    outer loop
      vertex 46.3315 29.8444 0
      vertex 46.2794 29.95 2
      vertex 46.2794 29.95 0
    endloop
  endfacet
  facet normal -0.896792 -0.442452 0
    outer loop
      vertex 46.2794 29.95 2
      vertex 46.3315 29.8444 0
      vertex 46.3315 29.8444 2
    endloop
  endfacet
  facet normal -0.980711 0.195462 0
    outer loop
      vertex 46.3693 15.0671 0
      vertex 46.3923 15.1825 2
      vertex 46.3923 15.1825 0
    endloop
  endfacet
  facet normal -0.980711 0.195462 0
    outer loop
      vertex 46.3923 15.1825 2
      vertex 46.3693 15.0671 0
      vertex 46.3693 15.0671 2
    endloop
  endfacet
  facet normal 0 -1 0
    outer loop
      vertex 21.4 2.2 4.4
      vertex 41.4 2.2 5.4
      vertex 21.4 2.2 5.4
    endloop
  endfacet
  facet normal 0 -1 -0
    outer loop
      vertex 41.4 2.2 5.4
      vertex 21.4 2.2 4.4
      vertex 41.4 2.2 4.4
    endloop
  endfacet
endsolid OpenSCAD_Model
